merchant_id,amount,currency,transaction_type,payment_method,customer_id,category,created_at,hour,day_of_week,status
merchant_techhive,1299.31,EUR,refund,bank_transfer,customer_4452,software_subscription,2026-08-07T12:07:43+00:00,12,4,successful
merchant_urbancart,1592.04,EUR,refund,upi,customer_3074,office_supplies,2026-08-04T11:43:42+00:00,11,1,successful
merchant_greenleaf,911.51,INR,payment,card,customer_6701,office_supplies,2026-08-07T10:07:01+00:00,10,4,successful
merchant_pixel_studio,2253.92,INR,payment,wallet,customer_5305,marketing,2026-07-28T15:35:42+00:00,15,1,successful
merchant_daily_grind_cafe,822.56,EUR,payment,netbanking,customer_3894,utilities,2026-08-13T14:24:49+00:00,14,3,pending
merchant_swiftgear,2263.01,EUR,payment,wallet,customer_1137,office_supplies,2026-08-26T04:37:39+00:00,4,2,successful
merchant_greenleaf,1680.3,INR,payment,card,customer_3727,utilities,2026-08-12T03:26:13+00:00,3,2,successful
merchant_urbancart,2263.25,INR,payment,upi,customer_3944,office_supplies,2026-08-12T23:51:42+00:00,23,2,successful
merchant_pixel_studio,428.33,INR,payment,wallet,customer_9935,food_delivery,2026-08-05T21:46:08+00:00,21,2,successful
merchant_pixel_studio,889.53,INR,payment,bank_transfer,customer_1069,groceries,2026-08-24T03:42:36+00:00,3,0,pending
merchant_urbancart,655.19,INR,payment,netbanking,customer_3411,office_supplies,2026-08-23T21:01:59+00:00,21,6,successful
merchant_freshbite,1474.55,INR,payment,card,customer_8776,groceries,2026-08-06T17:10:54+00:00,17,3,failed
merchant_pixel_studio,2146.61,USD,payment,netbanking,customer_6731,utilities,2026-08-14T03:13:46+00:00,3,4,successful
merchant_bluewave,2169.18,INR,payment,netbanking,customer_1780,office_supplies,2026-08-03T23:19:41+00:00,23,0,successful
merchant_greenleaf,755.42,USD,payment,card,customer_4750,office_supplies,2026-08-06T05:19:11+00:00,5,3,successful
merchant_swiftgear,1516.06,INR,payment,bank_transfer,customer_4129,software_subscription,2026-08-20T08:23:29+00:00,8,3,successful
merchant_daily_grind_cafe,1013.03,EUR,payment,card,customer_3025,software_subscription,2026-08-08T00:44:41+00:00,0,5,successful
merchant_swiftgear,33.32,INR,payment,wallet,customer_5960,groceries,2026-08-20T11:44:14+00:00,11,3,successful
merchant_daily_grind_cafe,1069.63,INR,payment,upi,customer_4495,software_subscription,2026-08-13T19:42:38+00:00,19,3,successful
merchant_freshbite,1234.71,USD,expense,card,customer_9046,marketing,2026-07-31T19:02:31+00:00,19,4,successful
merchant_swiftgear,1670.36,USD,payment,card,customer_8177,office_supplies,2026-08-03T04:38:11+00:00,4,0,successful
merchant_bluewave,1475.8,EUR,refund,netbanking,customer_9156,marketing,2026-08-01T19:06:34+00:00,19,5,pending
merchant_greenleaf,943.47,EUR,payment,upi,customer_4961,travel,2026-08-17T17:07:38+00:00,17,0,pending
merchant_pixel_studio,1132.24,INR,payment,netbanking,customer_2925,groceries,2026-08-08T09:22:54+00:00,9,5,successful
merchant_urbancart,2264.83,INR,expense,card,customer_3837,food_delivery,2026-08-12T02:52:44+00:00,2,2,failed
merchant_greenleaf,718.2,INR,payment,card,customer_7318,electronics,2026-08-18T05:04:54+00:00,5,1,successful
merchant_daily_grind_cafe,1186.17,EUR,payment,bank_transfer,customer_2019,office_supplies,2026-07-31T07:33:01+00:00,7,4,failed
merchant_freshbite,2476.12,EUR,payment,card,customer_4951,utilities,2026-08-24T13:27:59+00:00,13,0,successful
merchant_bluewave,1184.2,EUR,payment,wallet,customer_8392,office_supplies,2026-08-15T15:55:10+00:00,15,5,successful
merchant_pixel_studio,1762.01,USD,payment,bank_transfer,customer_4324,electronics,2026-07-30T22:31:44+00:00,22,3,successful
merchant_urbancart,395.15,INR,payment,upi,customer_2858,utilities,2026-08-11T14:28:11+00:00,14,1,successful
merchant_techhive,1428.85,USD,payment,netbanking,customer_6202,software_subscription,2026-07-28T15:59:55+00:00,15,1,successful
merchant_bluewave,103.82,INR,payment,card,customer_3097,food_delivery,2026-08-11T00:04:12+00:00,0,1,successful
merchant_freshbite,2299.3,USD,payment,card,customer_4187,food_delivery,2026-08-16T02:42:43+00:00,2,6,successful
merchant_bluewave,1632.49,EUR,refund,wallet,customer_6513,electronics,2026-08-09T11:08:25+00:00,11,6,successful
merchant_swiftgear,417.71,INR,payment,upi,customer_6339,electronics,2026-08-25T15:56:01+00:00,15,1,successful
merchant_pixel_studio,2020.07,USD,payment,card,customer_8953,marketing,2026-08-10T13:06:33+00:00,13,0,pending
merchant_bluewave,1099.51,INR,payment,upi,customer_8560,travel,2026-08-20T07:43:59+00:00,7,3,successful
merchant_urbancart,1843.38,USD,payment,bank_transfer,customer_9068,groceries,2026-08-22T22:21:34+00:00,22,5,successful
merchant_pixel_studio,1648.53,EUR,payment,bank_transfer,customer_1417,groceries,2026-08-23T01:37:35+00:00,1,6,successful
merchant_freshbite,2016.41,INR,payment,bank_transfer,customer_4063,marketing,2026-08-01T19:20:47+00:00,19,5,successful
merchant_urbancart,1186.19,EUR,payment,netbanking,customer_9413,software_subscription,2026-08-25T19:33:33+00:00,19,1,pending
merchant_techhive,1029.49,USD,refund,card,customer_8612,utilities,2026-08-07T08:53:52+00:00,8,4,successful
merchant_urbancart,1357.12,USD,payment,upi,customer_6171,groceries,2026-08-11T00:32:16+00:00,0,1,successful
merchant_bluewave,1585.41,EUR,payment,bank_transfer,customer_9383,software_subscription,2026-08-11T07:29:07+00:00,7,1,failed
merchant_daily_grind_cafe,1764.32,EUR,payment,bank_transfer,customer_5023,marketing,2026-08-01T03:59:14+00:00,3,5,successful
merchant_greenleaf,1820.72,INR,payment,wallet,customer_7840,utilities,2026-08-24T21:54:00+00:00,21,0,failed
merchant_urbancart,961.21,INR,refund,card,customer_5633,marketing,2026-07-31T22:09:34+00:00,22,4,successful
merchant_techhive,1296.68,EUR,refund,wallet,customer_2631,marketing,2026-08-06T23:05:33+00:00,23,3,failed
merchant_pixel_studio,1415.85,INR,payment,netbanking,customer_4718,utilities,2026-08-14T04:37:29+00:00,4,4,failed
merchant_daily_grind_cafe,1466.18,USD,payment,wallet,customer_7346,travel,2026-08-08T01:52:59+00:00,1,5,successful
merchant_techhive,68.27,USD,payment,netbanking,customer_7057,marketing,2026-08-08T15:25:06+00:00,15,5,successful
merchant_techhive,1708.1,USD,payment,netbanking,customer_7815,software_subscription,2026-08-26T03:05:05+00:00,3,2,successful
merchant_freshbite,38.91,EUR,chargeback,upi,customer_5385,marketing,2026-07-29T13:19:30+00:00,13,2,successful
merchant_freshbite,763.1,USD,payment,wallet,customer_6744,groceries,2026-08-26T18:14:41+00:00,18,2,successful
merchant_freshbite,401.0,EUR,refund,upi,customer_4154,electronics,2026-08-20T19:19:30+00:00,19,3,successful
merchant_techhive,1663.95,INR,payment,netbanking,customer_3339,utilities,2026-08-23T13:40:56+00:00,13,6,pending
merchant_swiftgear,411.5,EUR,payment,netbanking,customer_6752,groceries,2026-08-15T01:20:24+00:00,1,5,pending
merchant_techhive,944.39,USD,refund,card,customer_1615,travel,2026-08-19T17:10:42+00:00,17,2,successful
merchant_greenleaf,1240.27,INR,payment,netbanking,customer_8922,office_supplies,2026-08-25T05:38:04+00:00,5,1,successful
merchant_daily_grind_cafe,2145.67,EUR,payment,netbanking,customer_2270,office_supplies,2026-08-16T22:42:50+00:00,22,6,pending
merchant_pixel_studio,85.34,EUR,payment,bank_transfer,customer_8953,office_supplies,2026-08-24T01:19:46+00:00,1,0,successful
merchant_freshbite,186.65,EUR,payment,wallet,customer_2537,utilities,2026-08-17T22:01:21+00:00,22,0,successful
merchant_greenleaf,1603.72,USD,expense,wallet,customer_6639,electronics,2026-08-13T06:51:07+00:00,6,3,successful
merchant_pixel_studio,2460.34,EUR,payment,wallet,customer_9849,food_delivery,2026-08-12T07:20:55+00:00,7,2,successful
merchant_techhive,88.36,EUR,payment,upi,customer_3313,office_supplies,2026-08-20T03:37:13+00:00,3,3,successful
merchant_swiftgear,631.69,INR,payment,upi,customer_2122,groceries,2026-08-17T16:15:50+00:00,16,0,successful
merchant_greenleaf,1416.8,EUR,payment,netbanking,customer_2773,utilities,2026-08-08T05:27:10+00:00,5,5,successful
merchant_swiftgear,2131.16,USD,payment,upi,customer_8255,utilities,2026-08-08T03:04:36+00:00,3,5,successful
merchant_urbancart,2447.38,EUR,payment,bank_transfer,customer_2724,travel,2026-08-17T10:25:35+00:00,10,0,pending
merchant_bluewave,904.46,EUR,payment,bank_transfer,customer_8377,food_delivery,2026-07-31T19:06:21+00:00,19,4,successful
merchant_urbancart,956.75,INR,payment,upi,customer_5766,marketing,2026-08-07T01:04:31+00:00,1,4,successful
merchant_daily_grind_cafe,1505.98,USD,payment,upi,customer_1845,electronics,2026-08-09T14:51:58+00:00,14,6,successful
merchant_pixel_studio,483.95,INR,payment,bank_transfer,customer_7567,office_supplies,2026-07-31T18:24:11+00:00,18,4,pending
merchant_freshbite,370.25,USD,payment,bank_transfer,customer_8028,groceries,2026-08-05T08:20:04+00:00,8,2,successful
merchant_swiftgear,1536.14,EUR,refund,bank_transfer,customer_9460,marketing,2026-08-10T14:43:10+00:00,14,0,successful
merchant_techhive,1028.33,USD,payment,upi,customer_8900,electronics,2026-07-27T23:56:03+00:00,23,0,successful
merchant_swiftgear,50.77,EUR,payment,netbanking,customer_3571,groceries,2026-07-28T08:16:14+00:00,8,1,successful
merchant_swiftgear,1463.4,EUR,payment,upi,customer_8856,software_subscription,2026-07-30T15:27:14+00:00,15,3,successful
merchant_daily_grind_cafe,22.75,USD,payment,netbanking,customer_4753,groceries,2026-08-08T05:15:26+00:00,5,5,successful
merchant_techhive,513.12,USD,payment,bank_transfer,customer_5063,office_supplies,2026-08-19T15:53:16+00:00,15,2,successful
merchant_swiftgear,1907.6,USD,payment,netbanking,customer_8768,utilities,2026-08-03T11:11:54+00:00,11,0,successful
merchant_freshbite,920.07,USD,refund,card,customer_2221,groceries,2026-08-20T18:00:52+00:00,18,3,successful
merchant_greenleaf,193.84,USD,payment,netbanking,customer_5392,software_subscription,2026-08-20T08:57:46+00:00,8,3,successful
merchant_techhive,1760.86,USD,payment,bank_transfer,customer_6735,marketing,2026-08-02T10:35:41+00:00,10,6,successful
merchant_freshbite,140.5,USD,payment,wallet,customer_1932,electronics,2026-08-21T09:18:52+00:00,9,4,successful
merchant_urbancart,1027.69,USD,refund,bank_transfer,customer_3496,groceries,2026-07-29T10:48:20+00:00,10,2,failed
merchant_freshbite,829.03,INR,payment,bank_transfer,customer_1654,electronics,2026-08-18T02:28:06+00:00,2,1,pending
merchant_swiftgear,2278.82,EUR,payment,card,customer_6340,office_supplies,2026-08-09T03:39:07+00:00,3,6,successful
merchant_greenleaf,1511.6,EUR,payment,upi,customer_5953,groceries,2026-07-30T05:28:01+00:00,5,3,successful
merchant_freshbite,346.06,INR,payment,netbanking,customer_6048,food_delivery,2026-08-05T11:51:35+00:00,11,2,successful
merchant_freshbite,1370.58,EUR,payment,card,customer_3196,electronics,2026-08-05T12:58:38+00:00,12,2,successful
merchant_daily_grind_cafe,1887.61,EUR,payment,upi,customer_1982,food_delivery,2026-08-25T11:40:45+00:00,11,1,successful
merchant_greenleaf,2010.78,USD,payment,netbanking,customer_4353,utilities,2026-08-22T03:54:23+00:00,3,5,successful
merchant_swiftgear,11.71,EUR,payment,wallet,customer_9312,office_supplies,2026-08-02T10:07:06+00:00,10,6,successful
merchant_freshbite,845.84,EUR,chargeback,wallet,customer_9002,office_supplies,2026-08-09T15:09:55+00:00,15,6,pending
merchant_greenleaf,692.33,INR,expense,card,customer_2265,utilities,2026-08-23T01:41:57+00:00,1,6,successful
merchant_pixel_studio,1274.92,EUR,payment,card,customer_5680,electronics,2026-07-31T13:40:48+00:00,13,4,successful
merchant_daily_grind_cafe,2427.7,USD,payment,bank_transfer,customer_7890,utilities,2026-08-16T22:59:37+00:00,22,6,successful
merchant_greenleaf,258.9,EUR,payment,wallet,customer_5375,marketing,2026-08-09T12:46:53+00:00,12,6,pending
merchant_freshbite,497.26,USD,refund,upi,customer_7660,travel,2026-08-12T10:26:35+00:00,10,2,successful
merchant_greenleaf,2355.94,EUR,payment,netbanking,customer_2798,food_delivery,2026-08-14T23:56:08+00:00,23,4,failed
merchant_swiftgear,1099.87,INR,payment,upi,customer_4566,marketing,2026-08-15T21:53:45+00:00,21,5,successful
merchant_freshbite,981.65,USD,payment,upi,customer_7010,food_delivery,2026-08-22T20:17:47+00:00,20,5,successful
merchant_bluewave,46.47,INR,payment,card,customer_7546,travel,2026-08-14T11:53:53+00:00,11,4,failed
merchant_techhive,2121.7,EUR,refund,card,customer_8777,groceries,2026-08-24T21:26:53+00:00,21,0,pending
merchant_swiftgear,2457.87,INR,refund,netbanking,customer_3855,travel,2026-08-07T22:06:21+00:00,22,4,successful
merchant_greenleaf,637.01,INR,refund,card,customer_8511,software_subscription,2026-08-24T06:30:08+00:00,6,0,successful
merchant_daily_grind_cafe,2480.69,USD,payment,wallet,customer_4350,travel,2026-07-31T07:37:33+00:00,7,4,successful
merchant_freshbite,402.78,INR,payment,bank_transfer,customer_1088,food_delivery,2026-08-08T08:34:00+00:00,8,5,successful
merchant_bluewave,1468.68,INR,refund,upi,customer_8479,electronics,2026-08-11T02:57:25+00:00,2,1,successful
merchant_urbancart,158.18,EUR,payment,wallet,customer_1484,travel,2026-07-31T01:05:23+00:00,1,4,successful
merchant_bluewave,632.32,USD,payment,bank_transfer,customer_6139,utilities,2026-08-11T23:07:38+00:00,23,1,pending
merchant_freshbite,967.68,EUR,payment,bank_transfer,customer_5911,travel,2026-08-08T03:58:52+00:00,3,5,successful
merchant_swiftgear,195.75,EUR,payment,netbanking,customer_9619,utilities,2026-08-02T05:05:41+00:00,5,6,successful
merchant_freshbite,124.48,EUR,payment,upi,customer_2417,groceries,2026-08-06T17:01:42+00:00,17,3,pending
merchant_techhive,1353.4,EUR,payment,netbanking,customer_3368,food_delivery,2026-08-02T16:15:30+00:00,16,6,successful
merchant_bluewave,156.92,USD,payment,netbanking,customer_9434,marketing,2026-08-11T21:18:16+00:00,21,1,successful
merchant_bluewave,770.07,INR,payment,wallet,customer_2167,marketing,2026-08-18T22:14:02+00:00,22,1,successful
merchant_bluewave,2188.3,EUR,payment,card,customer_2249,utilities,2026-08-11T09:54:45+00:00,9,1,successful
merchant_pixel_studio,497.12,INR,refund,netbanking,customer_8173,groceries,2026-07-29T20:06:38+00:00,20,2,successful
merchant_techhive,1184.54,EUR,chargeback,netbanking,customer_9465,marketing,2026-08-18T21:46:00+00:00,21,1,successful
merchant_greenleaf,1783.9,EUR,payment,wallet,customer_8286,electronics,2026-08-18T17:30:12+00:00,17,1,successful
merchant_freshbite,2139.35,EUR,refund,upi,customer_1172,food_delivery,2026-08-06T12:24:00+00:00,12,3,successful
merchant_techhive,2175.02,EUR,payment,netbanking,customer_9696,office_supplies,2026-08-04T02:13:31+00:00,2,1,failed
merchant_freshbite,2054.02,USD,payment,bank_transfer,customer_2171,office_supplies,2026-08-25T18:50:42+00:00,18,1,successful
merchant_freshbite,1436.57,USD,refund,wallet,customer_8279,travel,2026-08-08T22:20:17+00:00,22,5,successful
merchant_techhive,1970.08,EUR,payment,card,customer_9355,marketing,2026-08-02T14:01:38+00:00,14,6,pending
merchant_daily_grind_cafe,2276.65,INR,payment,wallet,customer_3390,office_supplies,2026-07-31T03:16:38+00:00,3,4,pending
merchant_techhive,1421.2,USD,payment,upi,customer_3446,travel,2026-08-09T17:32:35+00:00,17,6,successful
merchant_freshbite,1077.59,USD,payment,upi,customer_6609,software_subscription,2026-08-26T15:10:36+00:00,15,2,successful
merchant_freshbite,140.37,EUR,payment,wallet,customer_4918,software_subscription,2026-08-03T07:05:40+00:00,7,0,successful
merchant_greenleaf,809.61,EUR,payment,wallet,customer_5118,groceries,2026-08-25T10:01:13+00:00,10,1,successful
merchant_pixel_studio,233.78,EUR,payment,netbanking,customer_5267,travel,2026-08-05T12:33:57+00:00,12,2,successful
merchant_swiftgear,2351.48,EUR,payment,card,customer_9790,software_subscription,2026-08-25T15:57:04+00:00,15,1,failed
merchant_techhive,2106.86,INR,payment,netbanking,customer_6301,travel,2026-08-05T09:32:18+00:00,9,2,successful
merchant_daily_grind_cafe,1714.41,EUR,chargeback,card,customer_7597,food_delivery,2026-08-08T13:09:10+00:00,13,5,pending
merchant_techhive,658.49,EUR,payment,bank_transfer,customer_3887,software_subscription,2026-08-08T00:03:44+00:00,0,5,failed
merchant_daily_grind_cafe,1056.0,INR,expense,wallet,customer_6251,utilities,2026-08-02T15:38:49+00:00,15,6,successful
merchant_urbancart,2003.4,USD,payment,netbanking,customer_3664,groceries,2026-08-24T09:09:52+00:00,9,0,failed
merchant_techhive,984.74,EUR,payment,upi,customer_6799,food_delivery,2026-08-16T19:45:43+00:00,19,6,successful
merchant_pixel_studio,63.62,USD,expense,wallet,customer_8250,office_supplies,2026-07-30T22:50:21+00:00,22,3,successful
merchant_pixel_studio,1717.16,EUR,payment,bank_transfer,customer_1578,utilities,2026-08-07T14:16:51+00:00,14,4,successful
merchant_swiftgear,112.55,EUR,refund,bank_transfer,customer_5636,office_supplies,2026-08-18T09:14:52+00:00,9,1,successful
merchant_freshbite,1188.17,INR,payment,card,customer_9757,software_subscription,2026-08-01T16:29:16+00:00,16,5,successful
merchant_urbancart,745.57,USD,payment,wallet,customer_2528,marketing,2026-08-07T17:33:12+00:00,17,4,successful
merchant_techhive,729.54,INR,payment,upi,customer_8846,food_delivery,2026-08-16T00:28:41+00:00,0,6,successful
merchant_urbancart,2266.89,INR,expense,bank_transfer,customer_7479,groceries,2026-08-20T06:17:06+00:00,6,3,successful
merchant_pixel_studio,2163.3,INR,payment,bank_transfer,customer_9426,office_supplies,2026-08-07T06:11:03+00:00,6,4,failed
merchant_greenleaf,2035.96,INR,payment,bank_transfer,customer_8532,food_delivery,2026-08-08T03:17:33+00:00,3,5,successful
merchant_pixel_studio,776.06,USD,chargeback,bank_transfer,customer_6194,groceries,2026-08-06T11:44:26+00:00,11,3,successful
merchant_pixel_studio,1717.58,EUR,chargeback,card,customer_9639,travel,2026-08-06T04:08:24+00:00,4,3,failed
merchant_greenleaf,1350.73,EUR,payment,bank_transfer,customer_1427,electronics,2026-08-08T04:10:01+00:00,4,5,failed
merchant_daily_grind_cafe,1034.93,EUR,payment,card,customer_7569,groceries,2026-07-29T03:40:41+00:00,3,2,successful
merchant_urbancart,1709.39,EUR,payment,upi,customer_9976,marketing,2026-07-29T08:40:22+00:00,8,2,successful
merchant_bluewave,1761.84,USD,refund,upi,customer_3676,travel,2026-08-06T06:56:09+00:00,6,3,successful
merchant_pixel_studio,1310.59,USD,refund,bank_transfer,customer_9653,food_delivery,2026-08-06T12:10:08+00:00,12,3,successful
merchant_freshbite,2334.72,EUR,payment,bank_transfer,customer_1412,travel,2026-08-13T18:46:29+00:00,18,3,successful
merchant_greenleaf,101.64,USD,payment,netbanking,customer_9297,groceries,2026-08-13T17:31:57+00:00,17,3,failed
merchant_urbancart,2146.03,INR,refund,wallet,customer_1666,travel,2026-08-18T15:15:21+00:00,15,1,failed
merchant_freshbite,1826.91,EUR,payment,card,customer_2597,food_delivery,2026-08-19T17:43:26+00:00,17,2,successful
merchant_daily_grind_cafe,324.11,EUR,payment,card,customer_3731,electronics,2026-08-25T11:54:09+00:00,11,1,pending
merchant_bluewave,136.43,INR,payment,bank_transfer,customer_8598,software_subscription,2026-08-08T16:20:50+00:00,16,5,successful
merchant_daily_grind_cafe,461.82,INR,expense,netbanking,customer_4278,electronics,2026-08-01T12:54:13+00:00,12,5,successful
merchant_pixel_studio,1159.64,INR,payment,netbanking,customer_8678,travel,2026-08-17T18:46:25+00:00,18,0,successful
merchant_greenleaf,1677.89,USD,payment,upi,customer_3451,office_supplies,2026-08-25T04:51:20+00:00,4,1,successful
merchant_greenleaf,1586.82,USD,payment,card,customer_5523,groceries,2026-08-10T16:46:18+00:00,16,0,successful
merchant_bluewave,2478.33,USD,payment,bank_transfer,customer_7111,office_supplies,2026-08-07T17:12:53+00:00,17,4,successful
merchant_daily_grind_cafe,1722.85,USD,payment,netbanking,customer_3662,food_delivery,2026-08-12T22:36:38+00:00,22,2,successful
merchant_swiftgear,1076.23,INR,payment,netbanking,customer_9304,marketing,2026-08-16T20:10:37+00:00,20,6,successful
merchant_bluewave,2373.04,USD,refund,bank_transfer,customer_6937,electronics,2026-08-13T08:30:00+00:00,8,3,successful
merchant_daily_grind_cafe,2294.8,EUR,payment,card,customer_4986,office_supplies,2026-08-12T19:46:38+00:00,19,2,successful
merchant_pixel_studio,1875.01,EUR,chargeback,wallet,customer_7849,office_supplies,2026-07-29T19:33:35+00:00,19,2,successful
merchant_daily_grind_cafe,834.78,INR,payment,bank_transfer,customer_4437,electronics,2026-08-04T08:36:49+00:00,8,1,successful
merchant_pixel_studio,774.14,INR,payment,wallet,customer_7252,groceries,2026-08-13T00:55:01+00:00,0,3,successful
merchant_techhive,50.94,INR,chargeback,netbanking,customer_3127,software_subscription,2026-08-02T14:49:15+00:00,14,6,successful
merchant_swiftgear,503.43,EUR,chargeback,bank_transfer,customer_8361,office_supplies,2026-07-29T13:48:00+00:00,13,2,successful
merchant_urbancart,540.19,EUR,chargeback,netbanking,customer_3657,electronics,2026-08-22T15:45:10+00:00,15,5,failed
merchant_daily_grind_cafe,2335.05,EUR,payment,upi,customer_8790,utilities,2026-08-02T10:11:33+00:00,10,6,successful
merchant_bluewave,482.98,EUR,refund,netbanking,customer_9425,office_supplies,2026-08-09T06:49:30+00:00,6,6,successful
merchant_greenleaf,2329.34,USD,refund,wallet,customer_4256,groceries,2026-07-31T14:50:59+00:00,14,4,successful
merchant_bluewave,928.14,USD,refund,netbanking,customer_2866,office_supplies,2026-08-13T22:44:46+00:00,22,3,successful
merchant_bluewave,2080.1,INR,payment,wallet,customer_5417,software_subscription,2026-08-01T11:01:58+00:00,11,5,failed
merchant_swiftgear,2415.09,INR,payment,netbanking,customer_4348,groceries,2026-07-29T06:24:52+00:00,6,2,successful
merchant_bluewave,1949.49,USD,refund,card,customer_5580,utilities,2026-08-04T01:31:38+00:00,1,1,pending
merchant_urbancart,1454.58,USD,payment,bank_transfer,customer_6014,utilities,2026-07-28T07:04:11+00:00,7,1,successful
merchant_greenleaf,1594.52,INR,expense,netbanking,customer_5787,groceries,2026-07-28T21:16:13+00:00,21,1,failed
merchant_pixel_studio,597.91,USD,payment,card,customer_8408,marketing,2026-08-17T09:54:00+00:00,9,0,successful
merchant_daily_grind_cafe,323.47,USD,chargeback,upi,customer_7604,software_subscription,2026-07-28T22:46:29+00:00,22,1,successful
merchant_urbancart,1073.2,EUR,refund,card,customer_1678,office_supplies,2026-08-22T20:08:38+00:00,20,5,failed
merchant_freshbite,771.35,EUR,refund,upi,customer_4822,office_supplies,2026-07-29T06:01:45+00:00,6,2,successful
merchant_freshbite,1597.05,INR,payment,bank_transfer,customer_6787,food_delivery,2026-08-11T21:41:24+00:00,21,1,pending
merchant_greenleaf,345.92,USD,payment,bank_transfer,customer_4305,electronics,2026-08-25T12:11:55+00:00,12,1,successful
merchant_bluewave,1696.08,EUR,expense,wallet,customer_7071,marketing,2026-07-31T20:01:51+00:00,20,4,successful
merchant_urbancart,1261.89,USD,payment,netbanking,customer_9583,utilities,2026-08-07T15:07:24+00:00,15,4,pending
merchant_daily_grind_cafe,2045.41,EUR,chargeback,netbanking,customer_6634,food_delivery,2026-08-20T04:15:56+00:00,4,3,successful
merchant_pixel_studio,54.64,USD,expense,upi,customer_2622,food_delivery,2026-08-23T02:23:09+00:00,2,6,successful
merchant_daily_grind_cafe,201.94,INR,chargeback,upi,customer_3078,office_supplies,2026-08-25T06:54:53+00:00,6,1,pending
merchant_pixel_studio,2193.52,INR,payment,card,customer_3448,utilities,2026-08-03T08:55:19+00:00,8,0,successful
merchant_freshbite,1371.8,INR,payment,card,customer_3308,electronics,2026-08-07T09:37:24+00:00,9,4,successful
merchant_techhive,263.65,INR,payment,netbanking,customer_2365,office_supplies,2026-07-31T15:17:51+00:00,15,4,successful
merchant_techhive,1661.74,USD,expense,upi,customer_8601,food_delivery,2026-08-11T05:28:33+00:00,5,1,successful
merchant_techhive,892.49,USD,payment,netbanking,customer_7011,marketing,2026-08-17T01:40:03+00:00,1,0,pending
merchant_techhive,1178.51,INR,payment,netbanking,customer_7012,groceries,2026-08-12T23:58:16+00:00,23,2,pending
merchant_bluewave,461.83,USD,payment,card,customer_5505,utilities,2026-08-24T07:45:35+00:00,7,0,successful
merchant_freshbite,830.5,EUR,payment,card,customer_6026,travel,2026-08-23T09:35:08+00:00,9,6,successful
merchant_daily_grind_cafe,405.27,INR,payment,bank_transfer,customer_1958,software_subscription,2026-08-03T11:12:45+00:00,11,0,successful
merchant_bluewave,984.2,EUR,payment,card,customer_2273,electronics,2026-08-15T08:13:17+00:00,8,5,successful
merchant_bluewave,992.1,INR,payment,wallet,customer_1727,food_delivery,2026-08-11T07:42:49+00:00,7,1,successful
merchant_swiftgear,1693.39,EUR,refund,card,customer_3922,food_delivery,2026-08-16T23:35:48+00:00,23,6,successful
merchant_daily_grind_cafe,1072.82,INR,payment,netbanking,customer_3002,food_delivery,2026-08-04T08:18:18+00:00,8,1,successful
merchant_greenleaf,2205.7,USD,payment,bank_transfer,customer_3270,electronics,2026-08-25T11:42:13+00:00,11,1,successful
merchant_techhive,2218.08,INR,payment,card,customer_3288,utilities,2026-08-01T18:33:40+00:00,18,5,pending
merchant_techhive,2215.0,USD,expense,netbanking,customer_9552,software_subscription,2026-08-04T16:11:37+00:00,16,1,successful
merchant_bluewave,2217.08,USD,refund,bank_transfer,customer_4168,marketing,2026-07-29T07:53:23+00:00,7,2,successful
merchant_daily_grind_cafe,34.96,EUR,payment,card,customer_1790,travel,2026-08-12T03:10:37+00:00,3,2,successful
merchant_urbancart,1006.77,INR,expense,card,customer_4059,electronics,2026-08-05T19:13:53+00:00,19,2,successful
merchant_swiftgear,696.8,INR,payment,netbanking,customer_4113,utilities,2026-07-31T08:22:35+00:00,8,4,successful
merchant_swiftgear,1183.35,USD,refund,netbanking,customer_9298,utilities,2026-08-22T16:52:54+00:00,16,5,successful
merchant_pixel_studio,326.71,EUR,payment,netbanking,customer_7566,electronics,2026-08-18T22:10:06+00:00,22,1,successful
merchant_pixel_studio,700.93,EUR,payment,bank_transfer,customer_9352,marketing,2026-08-01T13:19:17+00:00,13,5,successful
merchant_freshbite,2275.57,INR,refund,upi,customer_3865,travel,2026-08-06T12:00:33+00:00,12,3,pending
merchant_bluewave,2193.73,USD,refund,bank_transfer,customer_7860,software_subscription,2026-08-21T21:11:47+00:00,21,4,successful
merchant_greenleaf,2240.68,INR,payment,card,customer_4218,utilities,2026-08-06T13:45:56+00:00,13,3,failed
merchant_bluewave,447.33,INR,expense,netbanking,customer_6050,groceries,2026-08-23T20:48:37+00:00,20,6,pending
merchant_swiftgear,328.43,INR,payment,card,customer_2610,marketing,2026-07-30T21:57:32+00:00,21,3,successful
merchant_swiftgear,314.86,INR,payment,wallet,customer_9490,marketing,2026-08-19T03:02:24+00:00,3,2,successful
merchant_swiftgear,520.24,INR,expense,card,customer_1619,software_subscription,2026-07-30T06:28:51+00:00,6,3,successful
merchant_pixel_studio,611.65,INR,payment,upi,customer_7981,travel,2026-08-23T23:52:36+00:00,23,6,successful
merchant_bluewave,123.55,EUR,payment,upi,customer_7487,utilities,2026-08-02T13:12:05+00:00,13,6,successful
merchant_bluewave,791.54,USD,payment,bank_transfer,customer_1111,electronics,2026-08-19T01:59:07+00:00,1,2,successful
merchant_freshbite,2440.77,EUR,payment,wallet,customer_6069,travel,2026-08-02T16:11:05+00:00,16,6,successful
merchant_urbancart,448.8,INR,payment,card,customer_9961,software_subscription,2026-08-18T22:52:57+00:00,22,1,pending
merchant_bluewave,2469.49,INR,expense,bank_transfer,customer_5440,office_supplies,2026-08-01T11:20:53+00:00,11,5,successful
merchant_swiftgear,2328.29,INR,expense,netbanking,customer_2482,marketing,2026-08-24T21:42:28+00:00,21,0,pending
merchant_pixel_studio,1243.2,USD,payment,upi,customer_5670,office_supplies,2026-08-06T22:42:03+00:00,22,3,successful
merchant_daily_grind_cafe,1058.5,EUR,payment,bank_transfer,customer_9466,utilities,2026-08-17T06:35:09+00:00,6,0,failed
merchant_greenleaf,2359.52,EUR,chargeback,netbanking,customer_3602,office_supplies,2026-08-21T03:39:46+00:00,3,4,successful
merchant_techhive,592.18,EUR,refund,wallet,customer_5175,electronics,2026-08-02T00:12:38+00:00,0,6,successful
merchant_greenleaf,1534.11,EUR,payment,card,customer_9953,marketing,2026-08-21T07:19:55+00:00,7,4,successful
merchant_pixel_studio,292.76,USD,payment,upi,customer_2425,office_supplies,2026-08-11T09:45:37+00:00,9,1,successful
merchant_daily_grind_cafe,1282.96,INR,payment,bank_transfer,customer_8998,office_supplies,2026-08-24T08:11:54+00:00,8,0,successful
merchant_swiftgear,2352.45,USD,refund,card,customer_6059,travel,2026-08-04T22:06:23+00:00,22,1,successful
merchant_techhive,1389.84,INR,payment,wallet,customer_2322,utilities,2026-08-07T07:56:28+00:00,7,4,successful
merchant_freshbite,1368.31,USD,refund,upi,customer_7053,groceries,2026-08-01T03:31:06+00:00,3,5,successful
merchant_bluewave,152.06,EUR,expense,wallet,customer_9985,utilities,2026-08-19T14:09:41+00:00,14,2,successful
merchant_daily_grind_cafe,71.59,EUR,expense,netbanking,customer_9992,electronics,2026-08-05T10:39:43+00:00,10,2,successful
merchant_techhive,2439.45,EUR,expense,wallet,customer_4352,travel,2026-08-20T10:52:55+00:00,10,3,failed
merchant_swiftgear,1547.46,EUR,payment,bank_transfer,customer_3347,travel,2026-08-08T21:04:40+00:00,21,5,successful
merchant_bluewave,1806.94,EUR,payment,upi,customer_8474,food_delivery,2026-08-18T17:33:18+00:00,17,1,successful
merchant_freshbite,1322.79,INR,payment,card,customer_4722,marketing,2026-08-19T06:20:06+00:00,6,2,pending
merchant_freshbite,1103.38,INR,payment,wallet,customer_7325,utilities,2026-08-19T07:54:16+00:00,7,2,pending
merchant_swiftgear,578.34,USD,expense,bank_transfer,customer_2031,travel,2026-07-27T08:14:11+00:00,8,0,successful
merchant_swiftgear,183.37,INR,payment,wallet,customer_8604,marketing,2026-08-25T11:46:56+00:00,11,1,successful
merchant_daily_grind_cafe,753.31,USD,payment,netbanking,customer_1126,electronics,2026-07-30T00:04:46+00:00,0,3,successful
merchant_pixel_studio,2376.82,EUR,payment,card,customer_1127,groceries,2026-08-05T09:58:43+00:00,9,2,successful
merchant_greenleaf,324.44,EUR,payment,upi,customer_7343,groceries,2026-08-19T09:04:33+00:00,9,2,successful
merchant_urbancart,24.59,INR,expense,card,customer_9878,software_subscription,2026-08-11T12:46:19+00:00,12,1,pending
merchant_techhive,2126.74,EUR,expense,bank_transfer,customer_4290,travel,2026-08-07T17:37:54+00:00,17,4,successful
merchant_daily_grind_cafe,2467.31,USD,payment,wallet,customer_8487,marketing,2026-08-15T06:51:55+00:00,6,5,failed
merchant_daily_grind_cafe,1733.64,USD,payment,upi,customer_5479,software_subscription,2026-08-01T18:43:57+00:00,18,5,successful
merchant_pixel_studio,461.01,EUR,payment,wallet,customer_9494,office_supplies,2026-08-04T22:17:27+00:00,22,1,successful
merchant_daily_grind_cafe,1901.88,USD,payment,netbanking,customer_1615,groceries,2026-08-21T15:04:19+00:00,15,4,successful
merchant_greenleaf,2084.89,INR,refund,wallet,customer_9786,office_supplies,2026-08-16T01:02:31+00:00,1,6,pending
merchant_swiftgear,1502.76,USD,payment,upi,customer_4362,marketing,2026-08-13T04:32:24+00:00,4,3,successful
merchant_techhive,1859.71,EUR,payment,bank_transfer,customer_4582,electronics,2026-08-06T09:00:48+00:00,9,3,successful
merchant_swiftgear,484.4,INR,payment,wallet,customer_1669,groceries,2026-08-20T02:06:30+00:00,2,3,successful
merchant_bluewave,2395.34,INR,payment,wallet,customer_6414,marketing,2026-08-04T13:15:26+00:00,13,1,pending
merchant_freshbite,2269.49,USD,payment,wallet,customer_1902,food_delivery,2026-08-22T03:18:47+00:00,3,5,successful
merchant_bluewave,1730.9,INR,payment,bank_transfer,customer_2443,software_subscription,2026-08-14T09:20:11+00:00,9,4,successful
merchant_freshbite,2097.07,USD,payment,card,customer_2260,groceries,2026-08-02T22:38:09+00:00,22,6,pending
merchant_swiftgear,107.02,USD,payment,card,customer_1729,electronics,2026-08-10T08:16:23+00:00,8,0,successful
merchant_pixel_studio,1829.55,EUR,payment,card,customer_1669,utilities,2026-08-05T07:56:05+00:00,7,2,pending
merchant_swiftgear,216.85,INR,chargeback,card,customer_4217,utilities,2026-08-13T08:47:55+00:00,8,3,successful
merchant_pixel_studio,607.68,EUR,expense,card,customer_8667,food_delivery,2026-08-04T18:25:30+00:00,18,1,successful
merchant_greenleaf,1033.02,EUR,payment,wallet,customer_3620,food_delivery,2026-08-10T07:43:19+00:00,7,0,successful
merchant_bluewave,1716.38,EUR,chargeback,upi,customer_1268,food_delivery,2026-08-13T04:51:03+00:00,4,3,successful
merchant_freshbite,735.18,EUR,payment,bank_transfer,customer_3412,utilities,2026-08-06T09:02:37+00:00,9,3,failed
merchant_greenleaf,2360.94,EUR,payment,upi,customer_4254,marketing,2026-08-06T00:01:34+00:00,0,3,successful
merchant_swiftgear,501.91,EUR,expense,upi,customer_7861,office_supplies,2026-08-08T03:56:11+00:00,3,5,successful
merchant_urbancart,545.37,USD,refund,bank_transfer,customer_8583,groceries,2026-08-26T10:34:53+00:00,10,2,successful
merchant_daily_grind_cafe,797.63,INR,refund,netbanking,customer_5346,software_subscription,2026-08-24T10:15:28+00:00,10,0,pending
merchant_pixel_studio,351.26,INR,payment,card,customer_2395,groceries,2026-08-09T01:38:18+00:00,1,6,successful
merchant_daily_grind_cafe,343.14,INR,payment,card,customer_8068,marketing,2026-08-15T11:03:58+00:00,11,5,successful
merchant_techhive,1072.66,USD,expense,upi,customer_9464,software_subscription,2026-07-27T17:30:27+00:00,17,0,successful
merchant_swiftgear,453.48,INR,payment,card,customer_1193,marketing,2026-08-23T01:32:14+00:00,1,6,successful
merchant_freshbite,507.64,USD,payment,netbanking,customer_7731,software_subscription,2026-08-18T02:37:55+00:00,2,1,pending
merchant_greenleaf,1370.53,INR,payment,bank_transfer,customer_7392,travel,2026-07-31T14:16:03+00:00,14,4,successful
merchant_daily_grind_cafe,1636.71,USD,payment,wallet,customer_8418,utilities,2026-08-03T16:41:45+00:00,16,0,successful
merchant_bluewave,868.14,EUR,payment,card,customer_5132,marketing,2026-08-23T11:16:18+00:00,11,6,successful
merchant_swiftgear,110.56,INR,payment,card,customer_2038,travel,2026-08-13T15:12:07+00:00,15,3,pending
merchant_swiftgear,458.46,USD,payment,bank_transfer,customer_1240,utilities,2026-08-17T04:18:40+00:00,4,0,pending
merchant_greenleaf,379.63,USD,expense,wallet,customer_1573,groceries,2026-08-11T17:39:58+00:00,17,1,pending
merchant_daily_grind_cafe,2479.05,USD,expense,card,customer_7372,electronics,2026-08-23T08:04:48+00:00,8,6,failed
merchant_pixel_studio,1225.26,INR,payment,bank_transfer,customer_4662,software_subscription,2026-08-24T05:57:03+00:00,5,0,successful
merchant_techhive,1722.39,INR,payment,wallet,customer_4432,marketing,2026-08-18T05:42:57+00:00,5,1,successful
merchant_urbancart,159.42,EUR,payment,wallet,customer_4913,utilities,2026-08-25T14:19:01+00:00,14,1,successful
merchant_urbancart,1059.26,USD,expense,upi,customer_8075,travel,2026-08-22T07:28:39+00:00,7,5,successful
merchant_techhive,1817.37,EUR,payment,upi,customer_2345,travel,2026-08-03T19:54:52+00:00,19,0,successful
merchant_greenleaf,819.57,EUR,expense,netbanking,customer_1425,software_subscription,2026-08-18T11:38:35+00:00,11,1,successful
merchant_urbancart,71.24,EUR,payment,bank_transfer,customer_5993,utilities,2026-07-30T06:07:06+00:00,6,3,pending
merchant_swiftgear,275.9,INR,payment,upi,customer_6121,marketing,2026-08-05T11:31:04+00:00,11,2,successful
merchant_freshbite,1151.35,USD,payment,card,customer_8476,utilities,2026-08-16T17:46:09+00:00,17,6,successful
merchant_freshbite,1124.8,EUR,refund,card,customer_5759,travel,2026-08-18T23:17:52+00:00,23,1,successful
merchant_greenleaf,894.6,INR,payment,wallet,customer_5758,electronics,2026-08-04T11:55:51+00:00,11,1,successful
merchant_daily_grind_cafe,108.43,USD,payment,upi,customer_9818,utilities,2026-08-20T18:33:52+00:00,18,3,successful
merchant_pixel_studio,52.21,EUR,payment,card,customer_8680,groceries,2026-08-02T11:44:36+00:00,11,6,successful
merchant_pixel_studio,2028.5,USD,payment,card,customer_8498,office_supplies,2026-08-14T10:08:26+00:00,10,4,successful
merchant_techhive,582.5,INR,refund,upi,customer_9384,groceries,2026-08-23T18:48:59+00:00,18,6,successful
merchant_urbancart,406.19,USD,payment,upi,customer_8895,electronics,2026-08-17T20:10:19+00:00,20,0,successful
merchant_urbancart,2047.58,USD,payment,upi,customer_4896,marketing,2026-08-25T13:37:06+00:00,13,1,successful
merchant_urbancart,1016.5,INR,expense,wallet,customer_4523,utilities,2026-07-28T06:59:24+00:00,6,1,successful
merchant_urbancart,1021.92,INR,payment,upi,customer_9926,software_subscription,2026-07-29T21:48:37+00:00,21,2,successful
merchant_swiftgear,2413.88,EUR,expense,bank_transfer,customer_3546,groceries,2026-08-01T08:53:07+00:00,8,5,successful
merchant_swiftgear,306.68,EUR,payment,wallet,customer_8451,utilities,2026-08-22T00:20:17+00:00,0,5,pending
merchant_swiftgear,539.76,USD,chargeback,card,customer_2289,electronics,2026-08-05T13:20:57+00:00,13,2,successful
merchant_greenleaf,1160.12,EUR,payment,upi,customer_2142,marketing,2026-08-10T22:57:59+00:00,22,0,successful
merchant_greenleaf,2473.44,USD,payment,wallet,customer_5723,groceries,2026-08-05T18:43:18+00:00,18,2,successful
merchant_freshbite,2103.89,EUR,payment,wallet,customer_4298,travel,2026-08-24T22:10:30+00:00,22,0,successful
merchant_urbancart,215.19,INR,payment,wallet,customer_5753,food_delivery,2026-08-22T15:25:45+00:00,15,5,successful
merchant_pixel_studio,2363.57,USD,payment,wallet,customer_8478,electronics,2026-08-14T13:57:41+00:00,13,4,pending
merchant_bluewave,134.28,INR,payment,netbanking,customer_6453,marketing,2026-08-08T05:23:30+00:00,5,5,successful
merchant_bluewave,1911.91,EUR,payment,wallet,customer_2503,travel,2026-08-04T05:55:15+00:00,5,1,successful
merchant_bluewave,825.5,INR,payment,netbanking,customer_9044,groceries,2026-08-16T18:54:04+00:00,18,6,successful
merchant_pixel_studio,1849.66,INR,refund,wallet,customer_6652,electronics,2026-08-22T09:58:02+00:00,9,5,successful
merchant_techhive,1083.19,INR,payment,netbanking,customer_2772,utilities,2026-08-21T18:53:28+00:00,18,4,successful
merchant_greenleaf,551.45,USD,payment,wallet,customer_6735,office_supplies,2026-08-21T21:17:55+00:00,21,4,pending
merchant_swiftgear,313.99,EUR,payment,card,customer_2856,travel,2026-08-23T13:29:58+00:00,13,6,successful
merchant_bluewave,1066.76,EUR,payment,card,customer_5464,office_supplies,2026-08-18T14:55:02+00:00,14,1,successful
merchant_freshbite,276.56,EUR,payment,wallet,customer_5143,groceries,2026-08-07T23:19:35+00:00,23,4,successful
merchant_freshbite,1225.86,INR,expense,wallet,customer_2545,travel,2026-08-16T17:12:19+00:00,17,6,pending
merchant_swiftgear,962.54,EUR,refund,card,customer_7975,marketing,2026-08-18T04:06:49+00:00,4,1,failed
merchant_bluewave,1787.75,EUR,payment,card,customer_9369,electronics,2026-08-03T21:46:41+00:00,21,0,successful
merchant_freshbite,318.76,EUR,payment,bank_transfer,customer_2387,travel,2026-08-07T10:42:30+00:00,10,4,successful
merchant_swiftgear,387.55,USD,payment,wallet,customer_9297,groceries,2026-08-21T09:32:08+00:00,9,4,successful
merchant_freshbite,827.65,INR,payment,card,customer_7815,marketing,2026-08-08T08:02:36+00:00,8,5,successful
merchant_freshbite,145.33,INR,refund,card,customer_4268,utilities,2026-08-20T01:21:51+00:00,1,3,successful
merchant_daily_grind_cafe,2131.67,INR,refund,netbanking,customer_6081,utilities,2026-08-12T16:17:42+00:00,16,2,successful
merchant_daily_grind_cafe,284.29,INR,payment,netbanking,customer_7503,utilities,2026-08-09T18:43:53+00:00,18,6,successful
merchant_bluewave,1731.87,USD,payment,bank_transfer,customer_6076,software_subscription,2026-08-03T03:54:40+00:00,3,0,successful
merchant_techhive,2479.81,EUR,payment,bank_transfer,customer_7040,electronics,2026-07-30T01:29:05+00:00,1,3,successful
merchant_bluewave,2137.6,USD,payment,card,customer_9359,marketing,2026-08-24T18:32:21+00:00,18,0,successful
merchant_daily_grind_cafe,1287.39,EUR,expense,netbanking,customer_6431,utilities,2026-08-14T02:41:48+00:00,2,4,successful
merchant_greenleaf,981.38,INR,payment,wallet,customer_1756,office_supplies,2026-08-06T20:47:02+00:00,20,3,successful
merchant_daily_grind_cafe,1941.24,EUR,payment,netbanking,customer_2016,food_delivery,2026-07-31T00:26:12+00:00,0,4,failed
merchant_daily_grind_cafe,2127.46,EUR,payment,bank_transfer,customer_4991,travel,2026-08-02T05:34:02+00:00,5,6,pending
merchant_bluewave,1054.37,INR,chargeback,upi,customer_8336,travel,2026-08-07T11:55:12+00:00,11,4,successful
merchant_freshbite,1348.44,EUR,expense,upi,customer_2699,electronics,2026-08-14T00:49:50+00:00,0,4,successful
merchant_techhive,1787.9,USD,payment,upi,customer_5201,electronics,2026-08-02T21:39:47+00:00,21,6,successful
merchant_urbancart,1091.81,USD,payment,wallet,customer_8282,marketing,2026-08-18T05:36:56+00:00,5,1,successful
merchant_urbancart,755.41,INR,expense,wallet,customer_8937,travel,2026-08-14T14:56:46+00:00,14,4,pending
merchant_daily_grind_cafe,1461.27,USD,payment,card,customer_3086,groceries,2026-07-29T21:52:35+00:00,21,2,successful
merchant_pixel_studio,1251.08,EUR,payment,upi,customer_3417,food_delivery,2026-08-01T02:42:43+00:00,2,5,pending
merchant_daily_grind_cafe,1595.13,USD,payment,netbanking,customer_7985,software_subscription,2026-08-26T20:06:04+00:00,20,2,successful
merchant_daily_grind_cafe,1514.09,USD,payment,bank_transfer,customer_9541,electronics,2026-08-13T18:14:58+00:00,18,3,successful
merchant_pixel_studio,767.93,USD,payment,upi,customer_6085,food_delivery,2026-08-25T04:17:05+00:00,4,1,successful
merchant_pixel_studio,1729.98,INR,payment,upi,customer_4159,travel,2026-08-21T09:16:32+00:00,9,4,pending
merchant_freshbite,2235.14,EUR,refund,card,customer_9562,travel,2026-08-25T04:19:28+00:00,4,1,successful
merchant_urbancart,1045.9,USD,refund,bank_transfer,customer_3953,groceries,2026-08-17T19:17:34+00:00,19,0,successful
merchant_pixel_studio,2019.65,USD,payment,upi,customer_7181,office_supplies,2026-08-03T14:01:36+00:00,14,0,successful
merchant_daily_grind_cafe,998.89,INR,payment,upi,customer_1395,software_subscription,2026-08-03T07:02:11+00:00,7,0,pending
merchant_pixel_studio,1199.68,INR,expense,wallet,customer_7241,marketing,2026-08-13T14:18:20+00:00,14,3,successful
merchant_swiftgear,1782.52,INR,payment,card,customer_6652,software_subscription,2026-08-03T13:21:59+00:00,13,0,pending
merchant_swiftgear,2483.7,INR,expense,netbanking,customer_1240,travel,2026-07-30T15:46:51+00:00,15,3,successful
merchant_techhive,1799.7,USD,payment,netbanking,customer_6172,food_delivery,2026-07-30T04:30:28+00:00,4,3,successful
merchant_greenleaf,1176.15,USD,payment,upi,customer_8328,utilities,2026-08-10T23:35:30+00:00,23,0,successful
merchant_urbancart,1763.63,USD,payment,netbanking,customer_2817,office_supplies,2026-08-26T18:34:34+00:00,18,2,successful
merchant_daily_grind_cafe,638.69,INR,expense,bank_transfer,customer_1803,software_subscription,2026-08-09T15:05:27+00:00,15,6,successful
merchant_techhive,1578.94,EUR,expense,wallet,customer_2581,office_supplies,2026-08-07T06:42:31+00:00,6,4,successful
merchant_techhive,1860.82,USD,payment,upi,customer_6978,travel,2026-08-10T20:53:28+00:00,20,0,successful
merchant_techhive,419.02,EUR,payment,wallet,customer_6894,marketing,2026-08-16T22:56:09+00:00,22,6,successful
merchant_daily_grind_cafe,698.29,INR,expense,upi,customer_7441,utilities,2026-07-28T06:43:35+00:00,6,1,successful
merchant_daily_grind_cafe,1263.46,EUR,payment,netbanking,customer_7584,travel,2026-08-21T05:29:55+00:00,5,4,failed
merchant_daily_grind_cafe,142.85,USD,payment,wallet,customer_6414,food_delivery,2026-08-07T05:34:52+00:00,5,4,pending
merchant_pixel_studio,1026.51,EUR,payment,upi,customer_3663,food_delivery,2026-08-08T14:11:53+00:00,14,5,successful
merchant_techhive,2038.51,EUR,payment,bank_transfer,customer_7863,food_delivery,2026-08-24T18:30:22+00:00,18,0,successful
merchant_bluewave,1819.65,EUR,payment,card,customer_3982,software_subscription,2026-08-16T15:08:18+00:00,15,6,successful
merchant_freshbite,764.34,USD,refund,wallet,customer_2717,travel,2026-08-16T21:30:02+00:00,21,6,successful
merchant_swiftgear,157.9,INR,payment,netbanking,customer_7924,software_subscription,2026-08-21T01:01:54+00:00,1,4,successful
merchant_greenleaf,2495.93,INR,payment,bank_transfer,customer_9400,travel,2026-08-14T00:40:20+00:00,0,4,pending
merchant_bluewave,785.23,USD,payment,netbanking,customer_2800,utilities,2026-08-25T09:56:34+00:00,9,1,failed
merchant_daily_grind_cafe,444.29,INR,payment,wallet,customer_3082,marketing,2026-08-20T12:37:48+00:00,12,3,successful
merchant_daily_grind_cafe,2303.51,INR,expense,bank_transfer,customer_1078,utilities,2026-08-07T16:07:39+00:00,16,4,successful
merchant_pixel_studio,80.99,USD,payment,upi,customer_1039,utilities,2026-08-07T14:04:47+00:00,14,4,successful
merchant_freshbite,2277.7,USD,refund,upi,customer_5978,marketing,2026-08-16T03:15:28+00:00,3,6,successful
merchant_pixel_studio,1660.63,USD,expense,upi,customer_7519,software_subscription,2026-08-24T23:02:23+00:00,23,0,successful
merchant_daily_grind_cafe,176.78,INR,payment,bank_transfer,customer_3155,office_supplies,2026-08-19T09:41:05+00:00,9,2,pending
merchant_freshbite,1758.44,EUR,payment,bank_transfer,customer_3646,electronics,2026-08-22T09:02:15+00:00,9,5,pending
merchant_bluewave,2003.48,USD,payment,bank_transfer,customer_1411,travel,2026-08-05T11:07:03+00:00,11,2,successful
merchant_daily_grind_cafe,2345.0,USD,chargeback,netbanking,customer_9697,software_subscription,2026-08-12T01:07:35+00:00,1,2,successful
merchant_pixel_studio,1415.64,INR,payment,upi,customer_6408,office_supplies,2026-08-12T03:15:43+00:00,3,2,successful
merchant_swiftgear,1795.7,USD,payment,card,customer_4638,electronics,2026-08-15T18:37:25+00:00,18,5,successful
merchant_pixel_studio,1000.24,INR,payment,card,customer_1169,marketing,2026-08-09T03:42:43+00:00,3,6,successful
merchant_pixel_studio,1603.85,EUR,chargeback,wallet,customer_7979,travel,2026-08-25T02:28:49+00:00,2,1,successful
merchant_daily_grind_cafe,2338.1,USD,payment,card,customer_5828,food_delivery,2026-08-10T17:28:06+00:00,17,0,successful
merchant_pixel_studio,2101.85,INR,payment,wallet,customer_9645,marketing,2026-08-24T12:52:00+00:00,12,0,failed
merchant_greenleaf,12.71,EUR,refund,bank_transfer,customer_7799,travel,2026-08-08T14:30:47+00:00,14,5,successful
merchant_pixel_studio,231.52,USD,refund,netbanking,customer_7047,travel,2026-08-04T16:16:39+00:00,16,1,successful
merchant_bluewave,2316.0,INR,payment,bank_transfer,customer_5337,marketing,2026-08-18T10:43:11+00:00,10,1,successful
merchant_pixel_studio,1300.72,USD,payment,card,customer_4575,marketing,2026-07-31T09:47:02+00:00,9,4,successful
merchant_freshbite,903.65,EUR,refund,bank_transfer,customer_8639,electronics,2026-08-17T22:35:56+00:00,22,0,successful
merchant_daily_grind_cafe,1951.12,USD,refund,card,customer_3001,groceries,2026-08-26T04:21:56+00:00,4,2,successful
merchant_swiftgear,840.41,EUR,refund,netbanking,customer_8925,food_delivery,2026-08-10T15:52:58+00:00,15,0,successful
merchant_daily_grind_cafe,2067.43,USD,payment,bank_transfer,customer_9038,utilities,2026-08-17T00:01:51+00:00,0,0,failed
merchant_pixel_studio,927.1,USD,payment,wallet,customer_5199,software_subscription,2026-08-18T02:38:29+00:00,2,1,failed
merchant_techhive,1104.62,USD,payment,upi,customer_5035,groceries,2026-08-08T23:59:50+00:00,23,5,successful
merchant_bluewave,750.91,INR,payment,netbanking,customer_8972,utilities,2026-08-11T08:26:20+00:00,8,1,pending
merchant_pixel_studio,1894.85,USD,refund,bank_transfer,customer_7511,office_supplies,2026-08-12T21:01:16+00:00,21,2,successful
merchant_bluewave,204.17,EUR,payment,upi,customer_5502,food_delivery,2026-08-09T09:13:30+00:00,9,6,successful
merchant_freshbite,1045.9,INR,payment,upi,customer_4567,software_subscription,2026-08-05T15:56:08+00:00,15,2,successful
merchant_urbancart,1576.33,USD,payment,upi,customer_3047,groceries,2026-08-10T07:01:55+00:00,7,0,pending
merchant_techhive,2013.26,EUR,chargeback,card,customer_6640,groceries,2026-08-08T05:35:56+00:00,5,5,failed
merchant_freshbite,335.21,INR,payment,card,customer_8915,travel,2026-08-13T11:23:02+00:00,11,3,successful
merchant_bluewave,1976.22,EUR,chargeback,netbanking,customer_4426,utilities,2026-08-15T14:22:33+00:00,14,5,failed
merchant_greenleaf,1783.74,EUR,expense,card,customer_2842,marketing,2026-08-20T17:07:41+00:00,17,3,successful
merchant_freshbite,683.12,INR,payment,card,customer_5660,office_supplies,2026-08-02T06:50:10+00:00,6,6,successful
merchant_pixel_studio,804.61,EUR,refund,netbanking,customer_2573,software_subscription,2026-08-21T12:34:11+00:00,12,4,successful
merchant_daily_grind_cafe,199.67,EUR,chargeback,card,customer_6656,electronics,2026-08-26T19:20:57+00:00,19,2,successful
merchant_pixel_studio,2110.87,EUR,payment,upi,customer_6994,marketing,2026-07-30T05:14:48+00:00,5,3,successful
merchant_bluewave,2472.71,EUR,expense,wallet,customer_3255,office_supplies,2026-08-15T21:28:50+00:00,21,5,successful
merchant_bluewave,2482.18,USD,payment,bank_transfer,customer_7992,software_subscription,2026-08-24T18:07:14+00:00,18,0,successful
merchant_urbancart,1837.39,USD,payment,wallet,customer_2929,food_delivery,2026-08-25T08:37:48+00:00,8,1,successful
merchant_pixel_studio,2270.33,USD,payment,wallet,customer_1739,software_subscription,2026-07-30T22:01:27+00:00,22,3,successful
merchant_pixel_studio,390.84,USD,refund,wallet,customer_9477,software_subscription,2026-08-12T11:13:05+00:00,11,2,failed
merchant_freshbite,629.98,EUR,chargeback,netbanking,customer_8338,groceries,2026-08-15T15:24:12+00:00,15,5,pending
merchant_daily_grind_cafe,386.73,USD,payment,wallet,customer_8725,marketing,2026-08-20T14:35:44+00:00,14,3,pending
merchant_pixel_studio,1194.35,INR,payment,netbanking,customer_8626,software_subscription,2026-08-25T07:09:52+00:00,7,1,successful
merchant_techhive,1816.21,INR,payment,bank_transfer,customer_4279,groceries,2026-08-16T23:04:06+00:00,23,6,successful
merchant_pixel_studio,724.3,INR,payment,card,customer_9054,food_delivery,2026-08-16T17:47:03+00:00,17,6,successful
merchant_daily_grind_cafe,1509.34,INR,chargeback,card,customer_1347,electronics,2026-08-02T17:43:08+00:00,17,6,successful
merchant_pixel_studio,1288.0,USD,payment,bank_transfer,customer_1164,software_subscription,2026-08-03T18:05:32+00:00,18,0,successful
merchant_freshbite,1858.53,EUR,payment,upi,customer_9510,software_subscription,2026-07-30T09:27:00+00:00,9,3,failed
merchant_pixel_studio,1052.49,INR,refund,upi,customer_9947,electronics,2026-08-20T17:22:46+00:00,17,3,successful
merchant_bluewave,1718.33,USD,payment,bank_transfer,customer_7448,travel,2026-08-12T07:18:32+00:00,7,2,successful
merchant_pixel_studio,442.29,EUR,payment,card,customer_5247,food_delivery,2026-08-22T15:36:34+00:00,15,5,successful
merchant_greenleaf,613.27,EUR,payment,card,customer_4870,marketing,2026-08-17T05:57:07+00:00,5,0,successful
merchant_freshbite,1962.3,USD,payment,bank_transfer,customer_7027,travel,2026-08-05T00:20:15+00:00,0,2,successful
merchant_swiftgear,1325.69,INR,payment,card,customer_3715,travel,2026-08-02T22:24:35+00:00,22,6,successful
merchant_bluewave,686.16,INR,payment,upi,customer_2674,electronics,2026-08-22T17:38:18+00:00,17,5,successful
merchant_swiftgear,885.3,INR,payment,card,customer_7814,utilities,2026-08-08T00:02:30+00:00,0,5,successful
merchant_freshbite,2366.78,INR,payment,wallet,customer_2134,marketing,2026-07-29T23:46:19+00:00,23,2,successful
merchant_bluewave,1554.22,INR,payment,upi,customer_4881,software_subscription,2026-08-08T12:27:14+00:00,12,5,successful
merchant_pixel_studio,2392.19,INR,payment,wallet,customer_1572,travel,2026-08-17T09:12:31+00:00,9,0,pending
merchant_greenleaf,1948.43,EUR,expense,netbanking,customer_9095,office_supplies,2026-08-08T23:05:20+00:00,23,5,pending
merchant_techhive,1146.76,EUR,payment,wallet,customer_9983,electronics,2026-08-22T14:33:11+00:00,14,5,successful
merchant_swiftgear,563.32,INR,payment,netbanking,customer_6329,electronics,2026-08-01T01:08:33+00:00,1,5,failed
merchant_bluewave,84.99,USD,chargeback,wallet,customer_7727,utilities,2026-08-21T20:14:01+00:00,20,4,successful
merchant_swiftgear,1195.04,INR,payment,card,customer_7286,travel,2026-08-04T03:28:47+00:00,3,1,failed
merchant_freshbite,943.64,USD,expense,bank_transfer,customer_4049,software_subscription,2026-08-22T21:10:29+00:00,21,5,pending
merchant_swiftgear,1841.38,USD,payment,netbanking,customer_7448,groceries,2026-08-21T15:40:39+00:00,15,4,successful
merchant_greenleaf,1604.72,INR,payment,upi,customer_2582,utilities,2026-08-22T08:08:59+00:00,8,5,successful
merchant_pixel_studio,2105.3,INR,refund,bank_transfer,customer_2688,electronics,2026-08-12T22:48:56+00:00,22,2,failed
merchant_swiftgear,1092.18,USD,expense,bank_transfer,customer_1729,groceries,2026-07-29T18:51:32+00:00,18,2,successful
merchant_daily_grind_cafe,2032.81,EUR,payment,upi,customer_5405,software_subscription,2026-08-20T11:57:14+00:00,11,3,successful
merchant_freshbite,572.76,USD,payment,netbanking,customer_7781,software_subscription,2026-08-02T13:31:46+00:00,13,6,successful
merchant_pixel_studio,148.17,USD,refund,wallet,customer_9991,office_supplies,2026-08-02T07:56:36+00:00,7,6,successful
merchant_urbancart,731.49,EUR,expense,netbanking,customer_9545,electronics,2026-08-01T11:49:22+00:00,11,5,successful
merchant_techhive,1101.77,INR,payment,card,customer_2604,food_delivery,2026-08-04T06:08:56+00:00,6,1,successful
merchant_swiftgear,204.12,EUR,refund,card,customer_4171,groceries,2026-08-06T04:38:47+00:00,4,3,successful
merchant_pixel_studio,332.79,EUR,payment,card,customer_4653,food_delivery,2026-08-07T20:23:50+00:00,20,4,successful
merchant_greenleaf,701.52,INR,payment,card,customer_5538,travel,2026-08-25T15:55:11+00:00,15,1,failed
merchant_swiftgear,151.75,INR,payment,upi,customer_1368,travel,2026-08-23T13:10:55+00:00,13,6,successful
merchant_greenleaf,1103.35,USD,payment,card,customer_7845,office_supplies,2026-08-07T16:42:38+00:00,16,4,successful
merchant_pixel_studio,404.2,EUR,payment,upi,customer_3159,software_subscription,2026-08-16T12:41:55+00:00,12,6,successful
merchant_greenleaf,2284.52,EUR,refund,wallet,customer_4735,groceries,2026-08-13T01:25:04+00:00,1,3,pending
merchant_freshbite,1234.65,INR,refund,upi,customer_6909,electronics,2026-08-12T10:43:51+00:00,10,2,successful
merchant_urbancart,985.1,USD,payment,card,customer_8903,marketing,2026-08-16T08:26:37+00:00,8,6,successful
merchant_urbancart,941.68,USD,payment,netbanking,customer_4544,travel,2026-08-02T19:38:35+00:00,19,6,successful
merchant_swiftgear,77.32,USD,payment,card,customer_4858,software_subscription,2026-08-26T05:15:28+00:00,5,2,pending
merchant_freshbite,403.95,INR,payment,netbanking,customer_9277,electronics,2026-07-31T08:24:59+00:00,8,4,failed
merchant_pixel_studio,553.52,INR,refund,card,customer_2835,groceries,2026-08-06T12:30:54+00:00,12,3,successful
merchant_swiftgear,1572.47,INR,payment,card,customer_7298,utilities,2026-08-07T09:47:17+00:00,9,4,pending
merchant_freshbite,1953.48,EUR,refund,wallet,customer_6228,software_subscription,2026-08-23T13:48:51+00:00,13,6,pending
merchant_greenleaf,144.29,EUR,payment,netbanking,customer_1345,groceries,2026-08-12T03:22:10+00:00,3,2,successful
merchant_greenleaf,499.04,USD,chargeback,netbanking,customer_4722,utilities,2026-08-25T06:05:44+00:00,6,1,successful
merchant_greenleaf,2248.12,USD,payment,wallet,customer_9480,utilities,2026-08-13T02:22:01+00:00,2,3,failed
merchant_urbancart,1985.15,EUR,refund,wallet,customer_8498,food_delivery,2026-08-12T22:17:59+00:00,22,2,pending
merchant_techhive,2230.33,USD,refund,upi,customer_3445,office_supplies,2026-08-08T21:54:03+00:00,21,5,successful
merchant_daily_grind_cafe,1971.35,EUR,payment,bank_transfer,customer_7514,food_delivery,2026-07-28T05:17:14+00:00,5,1,successful
merchant_bluewave,2331.51,EUR,expense,card,customer_5029,food_delivery,2026-08-01T21:28:04+00:00,21,5,successful
merchant_greenleaf,2280.52,INR,expense,bank_transfer,customer_1269,marketing,2026-08-09T15:51:29+00:00,15,6,successful
merchant_greenleaf,176.83,USD,refund,bank_transfer,customer_1678,marketing,2026-07-28T11:10:13+00:00,11,1,successful
merchant_daily_grind_cafe,1225.48,EUR,payment,wallet,customer_5172,groceries,2026-08-02T06:38:25+00:00,6,6,successful
merchant_swiftgear,1957.47,USD,refund,upi,customer_2079,groceries,2026-07-30T03:41:13+00:00,3,3,successful
merchant_pixel_studio,1845.36,EUR,payment,wallet,customer_4715,groceries,2026-08-01T17:28:02+00:00,17,5,pending
merchant_bluewave,1185.57,USD,payment,wallet,customer_1214,travel,2026-08-20T00:48:06+00:00,0,3,successful
merchant_urbancart,613.83,EUR,payment,wallet,customer_7231,software_subscription,2026-08-08T07:46:04+00:00,7,5,successful
merchant_swiftgear,2283.84,INR,payment,card,customer_3426,marketing,2026-08-17T05:05:50+00:00,5,0,successful
merchant_urbancart,2121.62,USD,refund,bank_transfer,customer_5026,office_supplies,2026-08-01T15:58:40+00:00,15,5,successful
merchant_swiftgear,2311.39,EUR,payment,bank_transfer,customer_4776,groceries,2026-08-04T05:22:23+00:00,5,1,successful
merchant_urbancart,843.48,USD,payment,netbanking,customer_3220,marketing,2026-08-04T22:06:10+00:00,22,1,successful
merchant_pixel_studio,800.57,INR,chargeback,wallet,customer_9811,utilities,2026-08-15T17:17:39+00:00,17,5,failed
merchant_urbancart,141.89,USD,payment,wallet,customer_2377,travel,2026-08-08T04:21:26+00:00,4,5,successful
merchant_daily_grind_cafe,110.57,USD,payment,upi,customer_8804,electronics,2026-07-28T13:11:21+00:00,13,1,successful
merchant_greenleaf,2269.56,USD,payment,bank_transfer,customer_3048,utilities,2026-08-17T03:43:08+00:00,3,0,successful
merchant_pixel_studio,2023.17,INR,payment,bank_transfer,customer_1615,travel,2026-08-02T12:28:35+00:00,12,6,successful
merchant_techhive,1020.29,USD,payment,wallet,customer_3288,travel,2026-07-30T06:40:30+00:00,6,3,pending
merchant_swiftgear,1673.78,EUR,payment,card,customer_4935,electronics,2026-08-06T00:47:11+00:00,0,3,successful
merchant_pixel_studio,12.71,INR,payment,wallet,customer_7163,groceries,2026-08-15T04:18:07+00:00,4,5,pending
merchant_daily_grind_cafe,1901.78,EUR,chargeback,netbanking,customer_3009,food_delivery,2026-08-24T00:34:05+00:00,0,0,successful
merchant_bluewave,879.75,USD,payment,netbanking,customer_5488,office_supplies,2026-08-05T12:06:01+00:00,12,2,successful
merchant_freshbite,185.09,EUR,expense,upi,customer_2708,office_supplies,2026-08-25T11:27:07+00:00,11,1,successful
merchant_daily_grind_cafe,456.76,INR,payment,upi,customer_9631,software_subscription,2026-08-18T06:40:19+00:00,6,1,successful
merchant_pixel_studio,2379.29,USD,refund,upi,customer_7996,marketing,2026-08-01T06:40:14+00:00,6,5,failed
merchant_swiftgear,537.46,INR,payment,card,customer_6290,utilities,2026-08-09T02:21:04+00:00,2,6,successful
merchant_techhive,612.34,INR,expense,card,customer_5006,food_delivery,2026-08-08T04:27:05+00:00,4,5,failed
merchant_swiftgear,703.02,USD,payment,wallet,customer_1296,software_subscription,2026-07-30T17:50:27+00:00,17,3,successful
merchant_bluewave,1179.55,USD,payment,upi,customer_9701,office_supplies,2026-08-07T03:02:28+00:00,3,4,successful
merchant_urbancart,399.32,INR,payment,card,customer_6204,office_supplies,2026-08-24T05:57:56+00:00,5,0,successful
merchant_daily_grind_cafe,619.84,USD,payment,wallet,customer_5604,marketing,2026-08-18T13:08:55+00:00,13,1,successful
merchant_bluewave,1730.84,INR,payment,card,customer_5834,food_delivery,2026-08-05T11:14:37+00:00,11,2,successful
merchant_swiftgear,47.82,EUR,payment,bank_transfer,customer_5745,software_subscription,2026-08-23T10:34:59+00:00,10,6,failed
merchant_greenleaf,1909.79,EUR,payment,upi,customer_4017,travel,2026-08-03T02:45:32+00:00,2,0,successful
merchant_greenleaf,1585.61,EUR,payment,upi,customer_7994,food_delivery,2026-08-14T00:06:45+00:00,0,4,successful
merchant_urbancart,1524.58,EUR,payment,card,customer_4111,food_delivery,2026-08-12T05:46:33+00:00,5,2,successful
merchant_urbancart,1167.8,USD,expense,upi,customer_8447,utilities,2026-08-03T13:06:38+00:00,13,0,failed
merchant_techhive,1513.11,INR,payment,netbanking,customer_8517,groceries,2026-08-03T03:03:05+00:00,3,0,successful
merchant_swiftgear,764.25,USD,expense,bank_transfer,customer_7593,utilities,2026-08-07T20:27:06+00:00,20,4,failed
merchant_urbancart,1230.37,EUR,payment,netbanking,customer_5895,travel,2026-08-11T11:01:34+00:00,11,1,successful
merchant_swiftgear,320.52,INR,expense,wallet,customer_1826,marketing,2026-08-25T22:39:13+00:00,22,1,successful
merchant_freshbite,1196.9,INR,payment,netbanking,customer_8728,utilities,2026-07-29T15:25:49+00:00,15,2,successful
merchant_greenleaf,807.76,INR,refund,wallet,customer_6519,marketing,2026-08-08T17:02:45+00:00,17,5,successful
merchant_urbancart,1323.53,INR,payment,upi,customer_1487,food_delivery,2026-08-21T22:38:08+00:00,22,4,successful
merchant_daily_grind_cafe,164.04,INR,refund,upi,customer_9301,utilities,2026-08-22T23:41:31+00:00,23,5,failed
merchant_freshbite,1013.55,INR,payment,bank_transfer,customer_1323,electronics,2026-08-21T07:18:12+00:00,7,4,successful
merchant_greenleaf,2448.47,INR,payment,upi,customer_5701,utilities,2026-08-23T04:57:32+00:00,4,6,pending
merchant_greenleaf,1416.93,USD,payment,bank_transfer,customer_3955,food_delivery,2026-08-23T13:40:43+00:00,13,6,pending
merchant_swiftgear,652.72,INR,payment,netbanking,customer_4034,software_subscription,2026-08-20T19:59:54+00:00,19,3,successful
merchant_swiftgear,1217.87,EUR,payment,wallet,customer_4019,travel,2026-08-26T19:45:49+00:00,19,2,successful
merchant_swiftgear,1464.53,EUR,payment,card,customer_8566,travel,2026-08-19T16:54:19+00:00,16,2,successful
merchant_freshbite,2333.22,EUR,refund,wallet,customer_4636,travel,2026-08-19T11:04:40+00:00,11,2,successful
merchant_techhive,1059.51,EUR,payment,bank_transfer,customer_6674,electronics,2026-08-20T19:30:36+00:00,19,3,successful
merchant_bluewave,1310.31,INR,payment,upi,customer_2696,electronics,2026-08-10T07:47:11+00:00,7,0,successful
merchant_pixel_studio,902.32,INR,payment,wallet,customer_3593,food_delivery,2026-08-18T23:04:41+00:00,23,1,successful
merchant_freshbite,283.69,EUR,expense,card,customer_8047,food_delivery,2026-08-07T14:21:27+00:00,14,4,successful
merchant_pixel_studio,563.35,INR,payment,netbanking,customer_1476,utilities,2026-08-23T06:29:46+00:00,6,6,successful
merchant_daily_grind_cafe,1601.81,INR,payment,netbanking,customer_3581,office_supplies,2026-08-21T16:26:01+00:00,16,4,successful
merchant_greenleaf,423.57,USD,refund,upi,customer_5005,office_supplies,2026-08-13T11:17:19+00:00,11,3,successful
merchant_greenleaf,880.09,USD,payment,card,customer_2977,utilities,2026-08-03T19:36:18+00:00,19,0,successful
merchant_daily_grind_cafe,761.34,INR,payment,wallet,customer_9116,utilities,2026-08-15T00:40:26+00:00,0,5,successful
merchant_greenleaf,441.71,USD,refund,netbanking,customer_6164,food_delivery,2026-08-25T03:26:57+00:00,3,1,successful
merchant_pixel_studio,1925.59,INR,payment,bank_transfer,customer_1536,office_supplies,2026-08-11T19:54:42+00:00,19,1,pending
merchant_bluewave,2442.24,INR,payment,card,customer_2343,utilities,2026-08-08T12:06:12+00:00,12,5,successful
merchant_daily_grind_cafe,1150.71,EUR,payment,netbanking,customer_1479,travel,2026-08-14T12:41:48+00:00,12,4,successful
merchant_daily_grind_cafe,2212.59,EUR,payment,bank_transfer,customer_7340,software_subscription,2026-08-01T17:06:40+00:00,17,5,successful
merchant_bluewave,1963.27,USD,payment,netbanking,customer_1349,utilities,2026-08-17T20:03:40+00:00,20,0,successful
merchant_greenleaf,2258.91,INR,payment,upi,customer_7510,utilities,2026-07-29T08:34:44+00:00,8,2,successful
merchant_daily_grind_cafe,525.39,EUR,payment,card,customer_8884,office_supplies,2026-08-22T20:14:05+00:00,20,5,successful
merchant_bluewave,1114.57,INR,payment,wallet,customer_8784,food_delivery,2026-08-16T15:22:43+00:00,15,6,successful
merchant_pixel_studio,1677.02,USD,payment,card,customer_9725,utilities,2026-08-08T16:10:23+00:00,16,5,pending
merchant_techhive,2236.95,EUR,chargeback,card,customer_4960,software_subscription,2026-07-29T04:56:53+00:00,4,2,failed
merchant_daily_grind_cafe,394.3,USD,expense,wallet,customer_2356,software_subscription,2026-08-19T21:39:07+00:00,21,2,successful
merchant_urbancart,446.21,EUR,payment,card,customer_1945,office_supplies,2026-08-21T17:07:54+00:00,17,4,successful
merchant_greenleaf,1468.82,INR,refund,upi,customer_5838,office_supplies,2026-07-30T13:46:15+00:00,13,3,failed
merchant_urbancart,1235.35,EUR,payment,bank_transfer,customer_3007,software_subscription,2026-08-21T06:40:36+00:00,6,4,pending
merchant_bluewave,1701.67,INR,payment,card,customer_6228,electronics,2026-08-04T03:57:47+00:00,3,1,successful
merchant_urbancart,1229.02,USD,refund,upi,customer_8323,travel,2026-08-10T14:12:21+00:00,14,0,successful
merchant_techhive,197.84,USD,payment,upi,customer_2371,travel,2026-08-25T23:46:50+00:00,23,1,successful
merchant_urbancart,1008.43,INR,payment,upi,customer_4332,food_delivery,2026-07-30T22:36:39+00:00,22,3,successful
merchant_bluewave,1399.16,USD,payment,card,customer_4864,utilities,2026-08-04T03:38:43+00:00,3,1,successful
merchant_greenleaf,2102.78,INR,payment,card,customer_5730,electronics,2026-08-06T01:51:44+00:00,1,3,successful
merchant_urbancart,302.62,USD,payment,bank_transfer,customer_1221,software_subscription,2026-07-29T16:48:40+00:00,16,2,successful
merchant_techhive,2413.28,INR,payment,netbanking,customer_5288,marketing,2026-08-17T02:36:36+00:00,2,0,failed
merchant_swiftgear,1690.35,USD,expense,wallet,customer_9422,office_supplies,2026-08-10T04:14:08+00:00,4,0,successful
merchant_greenleaf,1875.7,INR,payment,upi,customer_2028,food_delivery,2026-08-19T01:51:39+00:00,1,2,successful
merchant_urbancart,2425.53,USD,payment,wallet,customer_3031,groceries,2026-08-01T00:00:10+00:00,0,5,successful
merchant_greenleaf,409.3,EUR,payment,netbanking,customer_9747,software_subscription,2026-08-04T22:35:20+00:00,22,1,pending
merchant_swiftgear,2129.51,EUR,refund,bank_transfer,customer_8618,travel,2026-08-16T15:27:05+00:00,15,6,failed
merchant_swiftgear,1497.24,USD,payment,upi,customer_1414,groceries,2026-08-21T13:58:48+00:00,13,4,successful
merchant_greenleaf,1689.15,EUR,payment,card,customer_6724,food_delivery,2026-08-17T20:44:10+00:00,20,0,successful
merchant_urbancart,2234.11,USD,payment,bank_transfer,customer_6657,marketing,2026-08-18T22:35:03+00:00,22,1,failed
merchant_bluewave,1686.13,EUR,payment,upi,customer_9913,software_subscription,2026-08-08T03:10:49+00:00,3,5,pending
merchant_freshbite,228.5,EUR,payment,netbanking,customer_5404,software_subscription,2026-07-28T12:50:27+00:00,12,1,successful
merchant_freshbite,588.7,USD,payment,upi,customer_1513,office_supplies,2026-08-07T00:58:14+00:00,0,4,successful
merchant_greenleaf,1027.59,INR,payment,bank_transfer,customer_2191,office_supplies,2026-08-03T23:15:58+00:00,23,0,successful
merchant_swiftgear,1017.91,EUR,payment,wallet,customer_9291,food_delivery,2026-08-21T18:27:04+00:00,18,4,successful
merchant_pixel_studio,1507.92,INR,refund,bank_transfer,customer_8165,marketing,2026-08-23T04:42:25+00:00,4,6,successful
merchant_bluewave,1004.53,USD,payment,wallet,customer_5031,electronics,2026-08-15T18:42:56+00:00,18,5,failed
merchant_freshbite,328.37,INR,payment,upi,customer_9124,food_delivery,2026-08-14T03:11:07+00:00,3,4,pending
merchant_freshbite,914.04,INR,payment,upi,customer_6856,office_supplies,2026-08-21T21:34:57+00:00,21,4,successful
merchant_freshbite,742.14,USD,payment,wallet,customer_4454,food_delivery,2026-08-06T15:46:53+00:00,15,3,successful
merchant_freshbite,2120.52,EUR,payment,bank_transfer,customer_2242,marketing,2026-08-09T05:47:01+00:00,5,6,successful
merchant_pixel_studio,2194.95,EUR,payment,bank_transfer,customer_7838,marketing,2026-08-15T20:19:15+00:00,20,5,successful
merchant_greenleaf,119.64,EUR,payment,netbanking,customer_5187,software_subscription,2026-08-01T00:26:49+00:00,0,5,successful
merchant_techhive,1932.08,INR,payment,netbanking,customer_9691,travel,2026-08-07T09:49:25+00:00,9,4,successful
merchant_pixel_studio,2421.94,EUR,refund,upi,customer_9155,software_subscription,2026-07-29T16:30:55+00:00,16,2,successful
merchant_bluewave,1146.14,EUR,payment,card,customer_7918,food_delivery,2026-08-01T17:57:06+00:00,17,5,failed
merchant_techhive,467.17,USD,refund,bank_transfer,customer_4869,marketing,2026-08-18T00:31:51+00:00,0,1,pending
merchant_urbancart,488.81,USD,payment,card,customer_6784,utilities,2026-08-22T11:17:28+00:00,11,5,successful
merchant_techhive,453.83,USD,payment,wallet,customer_3875,office_supplies,2026-07-31T18:30:44+00:00,18,4,successful
merchant_freshbite,813.26,INR,payment,bank_transfer,customer_2569,travel,2026-07-27T20:54:57+00:00,20,0,successful
merchant_freshbite,834.05,INR,chargeback,card,customer_5344,marketing,2026-08-15T07:59:05+00:00,7,5,successful
merchant_bluewave,1511.51,INR,expense,card,customer_7612,utilities,2026-08-22T02:28:59+00:00,2,5,successful
merchant_daily_grind_cafe,1823.51,EUR,expense,upi,customer_5648,office_supplies,2026-08-22T09:24:37+00:00,9,5,pending
merchant_greenleaf,2407.6,INR,payment,upi,customer_2126,electronics,2026-08-09T07:18:04+00:00,7,6,successful
merchant_pixel_studio,698.54,USD,payment,wallet,customer_5607,software_subscription,2026-08-03T21:55:04+00:00,21,0,successful
merchant_daily_grind_cafe,177.45,USD,expense,wallet,customer_2194,office_supplies,2026-08-22T00:32:56+00:00,0,5,successful
merchant_urbancart,1641.46,INR,payment,bank_transfer,customer_7318,groceries,2026-08-03T11:08:25+00:00,11,0,failed
merchant_bluewave,490.35,USD,payment,wallet,customer_9263,food_delivery,2026-08-25T01:35:43+00:00,1,1,pending
merchant_swiftgear,1368.61,INR,payment,wallet,customer_4560,marketing,2026-07-28T23:08:16+00:00,23,1,successful
merchant_pixel_studio,2335.28,INR,payment,bank_transfer,customer_5021,electronics,2026-08-18T10:47:35+00:00,10,1,failed
merchant_daily_grind_cafe,16.95,USD,expense,bank_transfer,customer_7256,marketing,2026-08-13T02:29:13+00:00,2,3,pending
merchant_swiftgear,439.09,EUR,refund,wallet,customer_2509,travel,2026-08-03T20:38:44+00:00,20,0,successful
merchant_techhive,2335.32,EUR,payment,bank_transfer,customer_4383,food_delivery,2026-08-23T23:11:27+00:00,23,6,successful
merchant_bluewave,1086.68,USD,payment,netbanking,customer_9207,office_supplies,2026-08-03T11:19:41+00:00,11,0,failed
merchant_urbancart,695.39,EUR,payment,bank_transfer,customer_2985,utilities,2026-08-23T20:56:39+00:00,20,6,successful
merchant_urbancart,474.67,USD,payment,netbanking,customer_7517,marketing,2026-08-17T18:57:22+00:00,18,0,successful
merchant_daily_grind_cafe,2174.89,EUR,payment,netbanking,customer_1156,marketing,2026-07-30T03:49:10+00:00,3,3,successful
merchant_daily_grind_cafe,2432.84,EUR,expense,wallet,customer_6348,utilities,2026-08-16T22:05:35+00:00,22,6,successful
merchant_bluewave,894.59,EUR,payment,card,customer_7048,travel,2026-08-15T12:49:20+00:00,12,5,successful
merchant_bluewave,412.07,USD,expense,wallet,customer_9097,marketing,2026-08-08T23:42:05+00:00,23,5,successful
merchant_swiftgear,1418.47,EUR,payment,bank_transfer,customer_8721,utilities,2026-08-09T12:05:44+00:00,12,6,failed
merchant_greenleaf,335.66,USD,payment,card,customer_4195,food_delivery,2026-08-05T06:56:05+00:00,6,2,pending
merchant_bluewave,2102.89,INR,refund,netbanking,customer_1777,marketing,2026-08-18T20:57:30+00:00,20,1,successful
merchant_freshbite,481.92,USD,payment,netbanking,customer_2323,software_subscription,2026-08-10T15:59:14+00:00,15,0,successful
merchant_urbancart,587.67,EUR,payment,upi,customer_1500,food_delivery,2026-08-25T22:42:12+00:00,22,1,successful
merchant_bluewave,2343.58,EUR,payment,bank_transfer,customer_9903,food_delivery,2026-08-06T07:17:42+00:00,7,3,successful
merchant_freshbite,953.04,EUR,payment,card,customer_9791,groceries,2026-08-09T05:02:53+00:00,5,6,successful
merchant_bluewave,124.56,USD,payment,upi,customer_1190,marketing,2026-08-03T07:06:44+00:00,7,0,pending
merchant_freshbite,1718.31,USD,payment,card,customer_3380,travel,2026-08-02T21:03:49+00:00,21,6,successful
merchant_swiftgear,778.26,EUR,payment,wallet,customer_8798,office_supplies,2026-08-22T05:21:29+00:00,5,5,successful
merchant_pixel_studio,1739.21,EUR,expense,wallet,customer_8436,groceries,2026-08-05T00:26:47+00:00,0,2,successful
merchant_bluewave,2262.27,USD,expense,bank_transfer,customer_3263,office_supplies,2026-08-23T06:46:25+00:00,6,6,pending
merchant_urbancart,1862.4,INR,payment,netbanking,customer_4765,electronics,2026-08-03T06:10:29+00:00,6,0,successful
merchant_urbancart,2428.45,USD,payment,netbanking,customer_3471,office_supplies,2026-08-14T14:51:25+00:00,14,4,failed
merchant_swiftgear,1270.52,USD,payment,wallet,customer_2075,travel,2026-08-01T01:16:25+00:00,1,5,successful
merchant_techhive,259.98,EUR,payment,card,customer_8005,utilities,2026-08-03T08:00:00+00:00,8,0,successful
merchant_techhive,1067.79,EUR,payment,wallet,customer_3775,travel,2026-08-25T07:30:30+00:00,7,1,successful
merchant_daily_grind_cafe,1181.76,EUR,expense,bank_transfer,customer_1244,food_delivery,2026-08-05T23:08:17+00:00,23,2,pending
merchant_urbancart,893.93,INR,payment,bank_transfer,customer_2208,travel,2026-07-29T00:35:26+00:00,0,2,failed
merchant_daily_grind_cafe,558.52,INR,payment,netbanking,customer_9770,marketing,2026-07-28T01:28:34+00:00,1,1,successful
merchant_daily_grind_cafe,1269.97,INR,payment,wallet,customer_1230,food_delivery,2026-08-01T00:33:46+00:00,0,5,successful
merchant_daily_grind_cafe,1257.21,USD,payment,netbanking,customer_8661,office_supplies,2026-08-23T06:45:55+00:00,6,6,pending
merchant_bluewave,527.02,USD,refund,card,customer_6288,travel,2026-08-08T02:49:57+00:00,2,5,failed
merchant_urbancart,1385.78,EUR,payment,netbanking,customer_4686,travel,2026-07-31T00:56:14+00:00,0,4,successful
merchant_pixel_studio,1731.67,USD,expense,upi,customer_6331,electronics,2026-08-01T08:09:36+00:00,8,5,pending
merchant_daily_grind_cafe,698.87,USD,chargeback,wallet,customer_7702,marketing,2026-08-07T16:33:53+00:00,16,4,successful
merchant_daily_grind_cafe,62.2,EUR,payment,bank_transfer,customer_3120,marketing,2026-08-05T09:12:57+00:00,9,2,pending
merchant_greenleaf,1996.8,EUR,payment,bank_transfer,customer_2366,software_subscription,2026-07-29T12:46:32+00:00,12,2,failed
merchant_daily_grind_cafe,2083.04,USD,refund,card,customer_4413,software_subscription,2026-08-14T13:59:16+00:00,13,4,successful
merchant_freshbite,903.13,USD,payment,wallet,customer_4210,software_subscription,2026-08-20T19:46:15+00:00,19,3,successful
merchant_daily_grind_cafe,210.26,INR,payment,netbanking,customer_8870,electronics,2026-08-16T12:54:32+00:00,12,6,successful
merchant_urbancart,2049.39,EUR,expense,card,customer_7630,electronics,2026-08-26T17:46:59+00:00,17,2,successful
merchant_urbancart,332.26,EUR,payment,upi,customer_1103,food_delivery,2026-07-29T23:35:43+00:00,23,2,successful
merchant_greenleaf,1178.96,INR,payment,card,customer_4202,software_subscription,2026-08-25T23:55:22+00:00,23,1,successful
merchant_techhive,1957.91,INR,refund,netbanking,customer_5475,travel,2026-08-02T12:29:21+00:00,12,6,successful
merchant_daily_grind_cafe,137.75,EUR,payment,wallet,customer_2181,marketing,2026-08-02T03:09:54+00:00,3,6,successful
merchant_pixel_studio,1428.74,USD,refund,upi,customer_4450,electronics,2026-08-18T00:34:05+00:00,0,1,successful
merchant_freshbite,353.59,USD,payment,bank_transfer,customer_9115,travel,2026-08-08T14:17:12+00:00,14,5,successful
merchant_swiftgear,1362.64,EUR,payment,bank_transfer,customer_8177,software_subscription,2026-08-20T01:27:46+00:00,1,3,pending
merchant_urbancart,876.55,EUR,refund,netbanking,customer_1806,office_supplies,2026-08-06T23:25:01+00:00,23,3,successful
merchant_bluewave,812.93,USD,expense,netbanking,customer_5324,office_supplies,2026-08-19T20:16:34+00:00,20,2,successful
merchant_greenleaf,218.46,EUR,refund,wallet,customer_3650,groceries,2026-08-12T20:22:30+00:00,20,2,pending
merchant_pixel_studio,1486.36,EUR,payment,upi,customer_4122,office_supplies,2026-08-25T13:35:09+00:00,13,1,successful
merchant_techhive,494.65,USD,payment,upi,customer_3224,travel,2026-08-20T21:19:10+00:00,21,3,successful
merchant_urbancart,2021.18,INR,chargeback,wallet,customer_2366,groceries,2026-08-01T00:57:56+00:00,0,5,failed
merchant_bluewave,40.0,EUR,expense,upi,customer_2902,groceries,2026-08-23T06:27:16+00:00,6,6,pending
merchant_freshbite,1220.53,USD,payment,netbanking,customer_2407,marketing,2026-08-19T05:01:06+00:00,5,2,pending
merchant_urbancart,1325.87,USD,expense,netbanking,customer_2313,travel,2026-07-29T12:47:40+00:00,12,2,successful
merchant_bluewave,984.88,USD,payment,card,customer_7739,software_subscription,2026-08-06T06:17:58+00:00,6,3,pending
merchant_bluewave,2159.06,USD,refund,netbanking,customer_8135,travel,2026-08-14T17:37:06+00:00,17,4,pending
merchant_swiftgear,641.0,USD,payment,upi,customer_3932,food_delivery,2026-08-24T01:02:11+00:00,1,0,successful
merchant_daily_grind_cafe,749.97,USD,payment,upi,customer_4712,marketing,2026-08-25T08:33:55+00:00,8,1,successful
merchant_bluewave,1832.23,INR,expense,card,customer_5527,groceries,2026-08-17T13:06:59+00:00,13,0,successful
merchant_swiftgear,70.87,INR,payment,card,customer_1278,travel,2026-08-13T04:15:01+00:00,4,3,successful
merchant_techhive,402.5,USD,payment,wallet,customer_6439,groceries,2026-08-10T00:47:02+00:00,0,0,successful
merchant_swiftgear,1103.88,USD,chargeback,bank_transfer,customer_1290,utilities,2026-07-28T15:02:50+00:00,15,1,pending
merchant_techhive,640.16,EUR,payment,netbanking,customer_3876,food_delivery,2026-08-23T08:14:59+00:00,8,6,successful
merchant_techhive,1269.05,INR,payment,wallet,customer_9422,electronics,2026-08-16T13:56:04+00:00,13,6,successful
merchant_pixel_studio,2281.48,USD,payment,bank_transfer,customer_4782,utilities,2026-08-09T21:28:11+00:00,21,6,failed
merchant_greenleaf,1847.46,EUR,payment,card,customer_8169,utilities,2026-07-30T17:31:00+00:00,17,3,successful
merchant_bluewave,1571.0,INR,payment,upi,customer_4529,office_supplies,2026-08-24T08:41:22+00:00,8,0,successful
merchant_freshbite,930.02,USD,expense,upi,customer_6660,utilities,2026-08-11T20:01:30+00:00,20,1,successful
merchant_greenleaf,38.01,USD,payment,netbanking,customer_6017,food_delivery,2026-08-05T04:08:52+00:00,4,2,successful
merchant_bluewave,670.09,USD,payment,wallet,customer_7286,marketing,2026-08-05T11:09:37+00:00,11,2,pending
merchant_freshbite,1555.05,INR,payment,wallet,customer_3041,office_supplies,2026-08-26T01:13:38+00:00,1,2,pending
merchant_techhive,2414.26,INR,refund,netbanking,customer_6231,marketing,2026-08-05T11:24:10+00:00,11,2,successful
merchant_urbancart,1347.27,EUR,expense,netbanking,customer_7394,marketing,2026-08-20T23:25:59+00:00,23,3,successful
merchant_techhive,70.32,USD,refund,card,customer_2619,software_subscription,2026-08-10T09:52:13+00:00,9,0,successful
merchant_urbancart,1368.76,INR,payment,upi,customer_8521,marketing,2026-08-18T05:11:35+00:00,5,1,successful
merchant_techhive,1756.73,EUR,payment,wallet,customer_1908,travel,2026-08-20T02:47:21+00:00,2,3,pending
merchant_greenleaf,2145.37,USD,expense,upi,customer_7937,software_subscription,2026-08-08T14:35:46+00:00,14,5,successful
merchant_greenleaf,1092.94,USD,payment,bank_transfer,customer_9851,food_delivery,2026-08-03T17:56:41+00:00,17,0,successful
merchant_pixel_studio,2208.25,USD,payment,upi,customer_9926,food_delivery,2026-08-20T06:52:30+00:00,6,3,failed
merchant_bluewave,1768.49,USD,chargeback,bank_transfer,customer_6925,food_delivery,2026-08-04T15:23:51+00:00,15,1,successful
merchant_bluewave,1129.94,USD,expense,upi,customer_1108,utilities,2026-08-12T22:45:45+00:00,22,2,successful
merchant_greenleaf,1719.71,USD,payment,upi,customer_3798,travel,2026-08-13T04:46:24+00:00,4,3,successful
merchant_swiftgear,723.83,USD,payment,bank_transfer,customer_1611,software_subscription,2026-08-04T16:14:02+00:00,16,1,successful
merchant_pixel_studio,2192.02,USD,refund,upi,customer_4928,groceries,2026-08-20T20:18:16+00:00,20,3,successful
merchant_swiftgear,334.63,EUR,refund,netbanking,customer_8200,food_delivery,2026-08-26T02:59:43+00:00,2,2,successful
merchant_greenleaf,380.12,USD,refund,wallet,customer_5011,electronics,2026-08-05T08:35:27+00:00,8,2,successful
merchant_swiftgear,1406.54,INR,refund,wallet,customer_4691,electronics,2026-08-03T02:41:30+00:00,2,0,successful
merchant_swiftgear,1993.47,USD,payment,upi,customer_3625,utilities,2026-08-17T00:31:03+00:00,0,0,successful
merchant_bluewave,2289.72,USD,payment,wallet,customer_8225,software_subscription,2026-08-08T22:56:03+00:00,22,5,successful
merchant_swiftgear,2411.67,USD,payment,netbanking,customer_3294,marketing,2026-08-02T11:14:15+00:00,11,6,pending
merchant_pixel_studio,2149.81,INR,payment,card,customer_1015,electronics,2026-08-23T03:44:00+00:00,3,6,failed
merchant_daily_grind_cafe,1827.99,INR,payment,wallet,customer_6179,travel,2026-08-03T09:34:47+00:00,9,0,successful
merchant_daily_grind_cafe,2237.15,USD,chargeback,card,customer_4791,food_delivery,2026-08-13T08:26:44+00:00,8,3,successful
merchant_swiftgear,305.12,USD,payment,wallet,customer_9970,utilities,2026-08-08T02:19:25+00:00,2,5,failed
merchant_pixel_studio,1692.69,USD,payment,wallet,customer_2490,software_subscription,2026-08-04T22:31:31+00:00,22,1,successful
merchant_swiftgear,1718.67,EUR,payment,netbanking,customer_5795,office_supplies,2026-07-31T14:43:39+00:00,14,4,successful
merchant_daily_grind_cafe,1562.48,USD,payment,card,customer_8959,electronics,2026-08-10T01:09:14+00:00,1,0,successful
merchant_techhive,332.54,INR,payment,card,customer_4387,office_supplies,2026-08-25T15:57:43+00:00,15,1,successful
merchant_bluewave,372.96,EUR,payment,bank_transfer,customer_5517,groceries,2026-08-14T09:09:26+00:00,9,4,pending
merchant_daily_grind_cafe,1404.57,INR,refund,netbanking,customer_7412,marketing,2026-08-06T14:47:55+00:00,14,3,successful
merchant_pixel_studio,2106.33,EUR,payment,card,customer_4485,office_supplies,2026-08-08T02:07:28+00:00,2,5,successful
merchant_urbancart,1301.21,EUR,refund,bank_transfer,customer_8660,marketing,2026-08-18T01:29:42+00:00,1,1,successful
merchant_techhive,2267.01,USD,payment,wallet,customer_8448,food_delivery,2026-08-12T23:43:09+00:00,23,2,successful
merchant_swiftgear,357.94,USD,expense,netbanking,customer_6546,food_delivery,2026-08-06T03:42:35+00:00,3,3,successful
merchant_bluewave,1534.28,EUR,payment,upi,customer_3918,electronics,2026-08-15T03:42:34+00:00,3,5,successful
merchant_techhive,2412.83,EUR,payment,card,customer_6776,travel,2026-08-22T05:05:19+00:00,5,5,successful
merchant_techhive,1965.48,USD,payment,bank_transfer,customer_6159,travel,2026-08-26T11:56:37+00:00,11,2,failed
merchant_bluewave,1983.35,EUR,payment,bank_transfer,customer_8891,marketing,2026-07-30T07:21:26+00:00,7,3,successful
merchant_pixel_studio,141.71,INR,payment,netbanking,customer_8938,travel,2026-08-17T18:29:03+00:00,18,0,successful
merchant_greenleaf,972.91,INR,payment,upi,customer_9563,software_subscription,2026-08-12T19:51:02+00:00,19,2,successful
merchant_bluewave,862.41,USD,payment,bank_transfer,customer_2104,food_delivery,2026-08-11T23:27:35+00:00,23,1,successful
merchant_greenleaf,1897.88,EUR,expense,wallet,customer_8205,electronics,2026-08-16T11:09:32+00:00,11,6,successful
merchant_daily_grind_cafe,2485.61,USD,payment,wallet,customer_1550,marketing,2026-08-17T15:15:24+00:00,15,0,successful
merchant_daily_grind_cafe,375.67,INR,payment,card,customer_4869,food_delivery,2026-07-28T06:40:43+00:00,6,1,successful
merchant_urbancart,1459.44,INR,payment,upi,customer_9526,utilities,2026-07-28T05:39:12+00:00,5,1,successful
merchant_bluewave,1592.03,INR,expense,bank_transfer,customer_3171,utilities,2026-08-19T21:06:48+00:00,21,2,successful
merchant_pixel_studio,2292.16,EUR,payment,netbanking,customer_8769,marketing,2026-08-04T17:13:46+00:00,17,1,successful
merchant_greenleaf,777.28,EUR,payment,wallet,customer_4225,groceries,2026-08-18T14:54:26+00:00,14,1,successful
merchant_techhive,179.4,INR,payment,netbanking,customer_3291,groceries,2026-08-05T06:43:59+00:00,6,2,successful
merchant_bluewave,575.77,EUR,payment,card,customer_6771,food_delivery,2026-08-15T04:20:17+00:00,4,5,successful
merchant_freshbite,1524.61,USD,payment,wallet,customer_4221,software_subscription,2026-08-21T15:22:00+00:00,15,4,successful
merchant_freshbite,2191.81,INR,payment,upi,customer_2942,utilities,2026-08-02T18:12:11+00:00,18,6,successful
merchant_techhive,726.31,USD,chargeback,netbanking,customer_2190,travel,2026-08-13T11:18:25+00:00,11,3,successful
merchant_pixel_studio,1770.06,USD,payment,wallet,customer_8268,marketing,2026-08-09T06:08:41+00:00,6,6,failed
merchant_pixel_studio,907.42,INR,payment,bank_transfer,customer_6304,travel,2026-08-04T03:52:39+00:00,3,1,failed
merchant_daily_grind_cafe,219.79,EUR,payment,upi,customer_4461,groceries,2026-08-19T12:04:29+00:00,12,2,pending
merchant_techhive,944.99,INR,payment,netbanking,customer_6155,travel,2026-08-05T02:13:29+00:00,2,2,successful
merchant_techhive,2128.17,INR,payment,upi,customer_6935,electronics,2026-08-16T21:30:10+00:00,21,6,successful
merchant_urbancart,725.5,USD,payment,upi,customer_4225,utilities,2026-08-08T04:18:35+00:00,4,5,pending
merchant_pixel_studio,446.16,INR,payment,netbanking,customer_5596,utilities,2026-08-08T00:00:10+00:00,0,5,successful
merchant_greenleaf,866.7,INR,expense,upi,customer_7801,food_delivery,2026-08-09T08:20:42+00:00,8,6,successful
merchant_urbancart,1212.45,EUR,expense,netbanking,customer_9873,electronics,2026-07-28T05:39:50+00:00,5,1,successful
merchant_urbancart,1331.3,INR,refund,upi,customer_1433,groceries,2026-08-18T08:47:43+00:00,8,1,successful
merchant_urbancart,2166.09,EUR,chargeback,bank_transfer,customer_4929,food_delivery,2026-08-19T01:16:13+00:00,1,2,successful
merchant_freshbite,1772.15,INR,payment,wallet,customer_4236,groceries,2026-08-12T08:01:41+00:00,8,2,pending
merchant_bluewave,563.16,USD,payment,wallet,customer_8529,travel,2026-07-28T00:42:46+00:00,0,1,failed
merchant_bluewave,1593.56,INR,payment,wallet,customer_3872,utilities,2026-08-13T20:49:58+00:00,20,3,failed
merchant_freshbite,2028.82,INR,payment,bank_transfer,customer_8379,utilities,2026-07-31T22:05:54+00:00,22,4,failed
merchant_urbancart,1381.15,EUR,payment,card,customer_2803,groceries,2026-07-28T18:37:37+00:00,18,1,successful
merchant_swiftgear,2249.89,INR,payment,upi,customer_6971,marketing,2026-08-25T14:00:20+00:00,14,1,successful
merchant_bluewave,180.53,USD,payment,bank_transfer,customer_2393,office_supplies,2026-08-15T09:47:57+00:00,9,5,successful
merchant_freshbite,1044.72,INR,payment,bank_transfer,customer_6205,travel,2026-08-20T04:29:56+00:00,4,3,successful
merchant_greenleaf,436.16,INR,expense,upi,customer_3322,utilities,2026-08-22T14:14:51+00:00,14,5,successful
merchant_urbancart,694.94,USD,refund,card,customer_5700,food_delivery,2026-08-22T02:56:11+00:00,2,5,successful
merchant_swiftgear,899.17,EUR,refund,upi,customer_1002,marketing,2026-08-19T16:27:29+00:00,16,2,successful
merchant_daily_grind_cafe,941.47,EUR,refund,wallet,customer_3226,electronics,2026-08-19T09:14:04+00:00,9,2,successful
merchant_daily_grind_cafe,2244.24,INR,expense,bank_transfer,customer_6984,marketing,2026-08-17T08:39:34+00:00,8,0,pending
merchant_greenleaf,962.36,USD,payment,netbanking,customer_3998,utilities,2026-08-17T05:23:46+00:00,5,0,successful
merchant_daily_grind_cafe,2055.23,INR,expense,card,customer_2076,office_supplies,2026-08-24T15:28:22+00:00,15,0,successful
merchant_greenleaf,1770.92,USD,payment,card,customer_5046,electronics,2026-08-08T02:56:23+00:00,2,5,successful
merchant_bluewave,872.82,INR,payment,bank_transfer,customer_8438,office_supplies,2026-08-11T04:42:23+00:00,4,1,successful
merchant_bluewave,440.3,INR,payment,card,customer_5722,travel,2026-08-26T17:06:53+00:00,17,2,failed
merchant_techhive,171.29,INR,payment,bank_transfer,customer_2639,office_supplies,2026-08-06T23:23:35+00:00,23,3,successful
merchant_daily_grind_cafe,1236.59,USD,expense,bank_transfer,customer_2166,groceries,2026-08-18T13:38:27+00:00,13,1,successful
merchant_urbancart,2181.72,INR,payment,bank_transfer,customer_5807,food_delivery,2026-08-06T06:37:40+00:00,6,3,successful
merchant_bluewave,327.57,INR,payment,card,customer_4992,electronics,2026-08-23T08:00:21+00:00,8,6,pending
merchant_techhive,1805.6,INR,payment,wallet,customer_3920,groceries,2026-08-15T03:36:11+00:00,3,5,successful
merchant_pixel_studio,1498.21,EUR,payment,bank_transfer,customer_9647,marketing,2026-08-19T17:10:00+00:00,17,2,successful
merchant_pixel_studio,1554.68,EUR,refund,netbanking,customer_9144,software_subscription,2026-07-27T19:34:51+00:00,19,0,successful
merchant_urbancart,361.63,EUR,payment,netbanking,customer_8074,electronics,2026-08-18T09:38:43+00:00,9,1,successful
merchant_bluewave,799.12,INR,refund,netbanking,customer_6453,marketing,2026-07-31T11:11:32+00:00,11,4,failed
merchant_bluewave,1898.35,EUR,payment,netbanking,customer_3038,travel,2026-08-16T19:31:54+00:00,19,6,successful
merchant_daily_grind_cafe,1572.97,INR,payment,wallet,customer_7000,electronics,2026-07-29T19:02:50+00:00,19,2,successful
merchant_greenleaf,1627.61,INR,chargeback,bank_transfer,customer_1084,marketing,2026-08-12T17:43:47+00:00,17,2,successful
merchant_daily_grind_cafe,989.08,USD,chargeback,wallet,customer_8803,electronics,2026-08-04T06:52:35+00:00,6,1,successful
merchant_urbancart,203.01,EUR,payment,bank_transfer,customer_2891,marketing,2026-08-09T13:36:40+00:00,13,6,successful
merchant_bluewave,2194.25,USD,payment,netbanking,customer_7223,electronics,2026-08-25T13:48:40+00:00,13,1,failed
merchant_swiftgear,1495.98,USD,payment,card,customer_6482,marketing,2026-08-11T08:27:13+00:00,8,1,successful
merchant_freshbite,1597.97,INR,chargeback,netbanking,customer_8023,software_subscription,2026-07-31T17:37:42+00:00,17,4,failed
merchant_freshbite,2484.11,INR,payment,bank_transfer,customer_3159,groceries,2026-08-26T15:52:38+00:00,15,2,successful
merchant_urbancart,881.71,USD,expense,upi,customer_7473,electronics,2026-08-15T00:28:33+00:00,0,5,successful
merchant_techhive,909.91,EUR,payment,bank_transfer,customer_5129,groceries,2026-08-20T08:54:27+00:00,8,3,successful
merchant_swiftgear,197.94,USD,payment,netbanking,customer_9591,travel,2026-08-18T06:57:59+00:00,6,1,successful
merchant_urbancart,35.43,INR,payment,netbanking,customer_5725,travel,2026-08-09T22:24:07+00:00,22,6,successful
merchant_urbancart,1061.99,EUR,payment,wallet,customer_7491,software_subscription,2026-08-18T18:23:07+00:00,18,1,successful
merchant_daily_grind_cafe,1985.33,USD,payment,upi,customer_2184,food_delivery,2026-08-22T02:20:32+00:00,2,5,successful
merchant_pixel_studio,276.39,USD,payment,netbanking,customer_2846,electronics,2026-08-09T10:39:18+00:00,10,6,successful
merchant_pixel_studio,2456.67,EUR,payment,netbanking,customer_6439,marketing,2026-08-25T21:39:28+00:00,21,1,successful
merchant_techhive,2152.15,INR,refund,card,customer_8132,travel,2026-08-24T18:06:26+00:00,18,0,failed
merchant_techhive,2198.69,INR,refund,upi,customer_7786,groceries,2026-08-21T05:26:50+00:00,5,4,successful
merchant_techhive,22.12,USD,payment,bank_transfer,customer_1363,food_delivery,2026-08-03T12:26:42+00:00,12,0,successful
merchant_pixel_studio,1977.29,INR,payment,bank_transfer,customer_9046,software_subscription,2026-08-26T09:05:18+00:00,9,2,failed
merchant_greenleaf,218.14,INR,payment,netbanking,customer_7519,travel,2026-08-22T07:32:37+00:00,7,5,successful
merchant_swiftgear,1137.98,USD,expense,card,customer_8564,electronics,2026-08-05T00:25:55+00:00,0,2,successful
merchant_greenleaf,900.39,EUR,payment,upi,customer_2406,office_supplies,2026-08-10T13:35:09+00:00,13,0,pending
merchant_pixel_studio,207.17,INR,payment,card,customer_1301,travel,2026-07-29T23:54:57+00:00,23,2,successful
merchant_swiftgear,1900.73,EUR,refund,netbanking,customer_2542,software_subscription,2026-07-31T10:52:43+00:00,10,4,successful
merchant_bluewave,1965.88,INR,payment,wallet,customer_6503,electronics,2026-08-21T00:16:30+00:00,0,4,pending
merchant_urbancart,2291.27,USD,refund,netbanking,customer_9117,utilities,2026-08-26T01:34:49+00:00,1,2,pending
merchant_freshbite,2206.15,EUR,refund,bank_transfer,customer_1329,software_subscription,2026-08-15T00:53:49+00:00,0,5,successful
merchant_freshbite,1040.01,EUR,payment,bank_transfer,customer_2301,travel,2026-08-04T04:58:46+00:00,4,1,failed
merchant_pixel_studio,174.23,USD,payment,upi,customer_8591,utilities,2026-08-21T20:56:47+00:00,20,4,successful
merchant_pixel_studio,1481.83,EUR,payment,card,customer_4264,software_subscription,2026-08-11T21:17:38+00:00,21,1,successful
merchant_greenleaf,1240.14,INR,refund,upi,customer_8615,software_subscription,2026-08-09T17:10:40+00:00,17,6,successful
merchant_techhive,2428.22,USD,payment,wallet,customer_3406,groceries,2026-08-17T05:21:31+00:00,5,0,successful
merchant_greenleaf,1034.02,INR,payment,wallet,customer_6674,utilities,2026-08-14T08:14:40+00:00,8,4,successful
merchant_swiftgear,1845.04,EUR,payment,netbanking,customer_6684,travel,2026-08-26T13:15:41+00:00,13,2,successful
merchant_techhive,595.56,USD,expense,wallet,customer_7531,food_delivery,2026-08-15T16:30:46+00:00,16,5,pending
merchant_urbancart,1106.31,EUR,payment,netbanking,customer_1238,software_subscription,2026-08-08T01:56:36+00:00,1,5,successful
merchant_swiftgear,1608.15,INR,payment,bank_transfer,customer_2881,utilities,2026-08-10T16:04:09+00:00,16,0,successful
merchant_daily_grind_cafe,1501.31,USD,payment,card,customer_1846,utilities,2026-08-03T20:08:07+00:00,20,0,successful
merchant_swiftgear,2024.71,EUR,expense,card,customer_9867,software_subscription,2026-07-30T18:28:44+00:00,18,3,successful
merchant_greenleaf,664.93,USD,refund,netbanking,customer_5290,electronics,2026-08-11T12:31:22+00:00,12,1,successful
merchant_urbancart,1074.36,INR,payment,upi,customer_6495,marketing,2026-08-13T09:49:47+00:00,9,3,successful
merchant_urbancart,1791.64,INR,payment,netbanking,customer_2858,groceries,2026-08-09T22:34:46+00:00,22,6,successful
merchant_bluewave,1791.59,INR,expense,upi,customer_9594,marketing,2026-08-02T14:40:54+00:00,14,6,successful
merchant_urbancart,108.48,INR,payment,netbanking,customer_8052,groceries,2026-08-06T08:05:40+00:00,8,3,successful
merchant_freshbite,1562.03,EUR,payment,bank_transfer,customer_3007,utilities,2026-08-07T09:35:03+00:00,9,4,successful
merchant_pixel_studio,1173.1,INR,payment,bank_transfer,customer_9102,marketing,2026-08-15T13:39:26+00:00,13,5,successful
merchant_pixel_studio,1171.61,EUR,payment,wallet,customer_6851,travel,2026-08-23T22:45:33+00:00,22,6,successful
merchant_techhive,1983.37,INR,payment,bank_transfer,customer_8412,groceries,2026-08-11T05:58:55+00:00,5,1,failed
merchant_pixel_studio,391.65,EUR,expense,upi,customer_5330,food_delivery,2026-08-14T17:34:31+00:00,17,4,successful
merchant_pixel_studio,198.07,EUR,payment,card,customer_5584,groceries,2026-08-06T23:23:57+00:00,23,3,failed
merchant_bluewave,1226.16,EUR,expense,wallet,customer_1073,software_subscription,2026-08-12T13:49:25+00:00,13,2,successful
merchant_freshbite,1421.58,USD,payment,netbanking,customer_2866,software_subscription,2026-08-08T16:51:43+00:00,16,5,failed
merchant_pixel_studio,998.65,USD,payment,netbanking,customer_9389,software_subscription,2026-08-01T18:39:06+00:00,18,5,successful
merchant_bluewave,977.73,EUR,payment,card,customer_5206,electronics,2026-08-04T12:01:18+00:00,12,1,successful
merchant_pixel_studio,1924.41,EUR,payment,netbanking,customer_3503,marketing,2026-08-20T02:58:49+00:00,2,3,successful
merchant_freshbite,1333.1,USD,payment,card,customer_1851,food_delivery,2026-08-10T07:19:50+00:00,7,0,successful
merchant_pixel_studio,583.65,INR,payment,wallet,customer_5985,marketing,2026-08-09T02:31:59+00:00,2,6,successful
merchant_urbancart,2324.71,USD,payment,bank_transfer,customer_1548,electronics,2026-08-01T02:19:33+00:00,2,5,successful
merchant_daily_grind_cafe,1389.09,INR,refund,wallet,customer_5464,office_supplies,2026-08-21T02:12:55+00:00,2,4,successful
merchant_greenleaf,857.98,USD,refund,card,customer_4553,office_supplies,2026-08-16T12:57:52+00:00,12,6,successful
merchant_pixel_studio,2341.36,INR,refund,upi,customer_6635,groceries,2026-08-13T09:40:25+00:00,9,3,successful
merchant_freshbite,1171.71,INR,payment,upi,customer_7382,travel,2026-08-11T10:08:20+00:00,10,1,successful
merchant_techhive,2133.7,EUR,payment,card,customer_6834,food_delivery,2026-08-07T09:14:13+00:00,9,4,successful
merchant_greenleaf,1838.32,EUR,expense,upi,customer_9116,software_subscription,2026-08-04T06:57:55+00:00,6,1,successful
merchant_bluewave,556.54,USD,refund,card,customer_4373,marketing,2026-08-24T20:52:16+00:00,20,0,pending
merchant_urbancart,2462.69,USD,payment,card,customer_8525,electronics,2026-08-26T16:03:45+00:00,16,2,successful
merchant_urbancart,2158.25,INR,payment,bank_transfer,customer_9832,electronics,2026-08-11T15:04:34+00:00,15,1,successful
merchant_techhive,225.21,USD,refund,wallet,customer_5782,groceries,2026-08-22T17:38:24+00:00,17,5,successful
merchant_techhive,2433.98,EUR,refund,card,customer_4824,software_subscription,2026-08-07T06:21:49+00:00,6,4,successful
merchant_daily_grind_cafe,1566.56,INR,payment,bank_transfer,customer_3220,software_subscription,2026-08-05T19:08:16+00:00,19,2,successful
merchant_freshbite,1995.25,USD,payment,upi,customer_7752,office_supplies,2026-08-08T01:55:23+00:00,1,5,successful
merchant_bluewave,915.12,EUR,payment,wallet,customer_8250,travel,2026-08-16T06:07:29+00:00,6,6,successful
merchant_techhive,524.7,INR,payment,netbanking,customer_9225,office_supplies,2026-08-16T04:19:32+00:00,4,6,successful
merchant_swiftgear,1557.86,USD,payment,netbanking,customer_9519,food_delivery,2026-08-02T00:31:44+00:00,0,6,successful
merchant_daily_grind_cafe,1692.82,EUR,payment,upi,customer_7057,office_supplies,2026-08-16T18:33:17+00:00,18,6,successful
merchant_greenleaf,622.71,INR,payment,bank_transfer,customer_5921,marketing,2026-08-23T10:08:35+00:00,10,6,failed
merchant_urbancart,2181.24,EUR,payment,bank_transfer,customer_6746,food_delivery,2026-08-25T22:07:34+00:00,22,1,failed
merchant_freshbite,1285.89,INR,payment,netbanking,customer_3045,software_subscription,2026-08-18T12:49:18+00:00,12,1,failed
merchant_greenleaf,1607.46,EUR,payment,wallet,customer_7768,travel,2026-07-27T14:38:09+00:00,14,0,successful
merchant_greenleaf,1027.29,INR,payment,card,customer_9322,office_supplies,2026-08-07T17:19:37+00:00,17,4,pending
merchant_swiftgear,2479.31,EUR,payment,netbanking,customer_3731,electronics,2026-07-28T07:20:14+00:00,7,1,successful
merchant_greenleaf,2093.68,EUR,payment,netbanking,customer_9353,utilities,2026-08-11T11:57:18+00:00,11,1,successful
merchant_freshbite,93.22,INR,refund,bank_transfer,customer_4362,electronics,2026-08-18T22:18:27+00:00,22,1,failed
merchant_freshbite,1823.62,USD,payment,wallet,customer_4081,travel,2026-08-13T04:30:19+00:00,4,3,successful
merchant_bluewave,2204.62,INR,refund,card,customer_2506,office_supplies,2026-08-17T07:20:33+00:00,7,0,pending
merchant_greenleaf,2023.35,EUR,payment,bank_transfer,customer_2409,utilities,2026-08-25T16:39:49+00:00,16,1,failed
merchant_bluewave,1433.85,USD,payment,wallet,customer_1107,groceries,2026-08-11T06:27:10+00:00,6,1,successful
merchant_bluewave,52.94,EUR,refund,bank_transfer,customer_7854,travel,2026-08-01T10:36:20+00:00,10,5,successful
merchant_techhive,1254.98,EUR,expense,card,customer_8012,food_delivery,2026-08-09T04:51:02+00:00,4,6,successful
merchant_freshbite,1204.13,INR,refund,card,customer_8285,groceries,2026-08-12T23:19:43+00:00,23,2,successful
merchant_pixel_studio,2323.72,EUR,chargeback,wallet,customer_6093,electronics,2026-07-28T09:24:11+00:00,9,1,failed
merchant_pixel_studio,1313.67,EUR,refund,wallet,customer_5586,marketing,2026-08-11T20:55:40+00:00,20,1,successful
merchant_greenleaf,244.31,USD,payment,upi,customer_6122,utilities,2026-08-20T09:12:36+00:00,9,3,pending
merchant_swiftgear,1681.45,EUR,refund,card,customer_5502,electronics,2026-08-02T07:49:45+00:00,7,6,pending
merchant_daily_grind_cafe,2351.87,INR,payment,card,customer_1353,travel,2026-08-13T11:00:30+00:00,11,3,failed
merchant_daily_grind_cafe,768.43,EUR,payment,wallet,customer_4282,travel,2026-07-28T20:03:23+00:00,20,1,pending
merchant_bluewave,483.0,INR,payment,bank_transfer,customer_9785,utilities,2026-08-07T15:57:40+00:00,15,4,successful
merchant_greenleaf,1579.96,USD,payment,card,customer_7207,groceries,2026-08-20T17:46:13+00:00,17,3,successful
merchant_pixel_studio,1494.28,EUR,refund,netbanking,customer_1766,food_delivery,2026-08-21T21:52:18+00:00,21,4,successful
merchant_techhive,662.24,USD,payment,upi,customer_8878,software_subscription,2026-08-24T22:41:05+00:00,22,0,pending
merchant_greenleaf,1300.81,INR,payment,netbanking,customer_2645,marketing,2026-08-23T07:08:55+00:00,7,6,pending
merchant_greenleaf,1329.09,EUR,payment,netbanking,customer_1806,software_subscription,2026-08-24T10:19:54+00:00,10,0,successful
merchant_greenleaf,2467.79,USD,payment,netbanking,customer_2832,travel,2026-07-27T21:27:01+00:00,21,0,successful
merchant_greenleaf,367.3,INR,expense,bank_transfer,customer_1114,food_delivery,2026-08-25T12:39:38+00:00,12,1,successful
merchant_urbancart,1445.76,USD,payment,card,customer_1765,groceries,2026-08-14T18:37:24+00:00,18,4,successful
merchant_techhive,1493.5,EUR,chargeback,wallet,customer_5104,software_subscription,2026-08-16T06:48:31+00:00,6,6,successful
merchant_swiftgear,2492.28,USD,payment,wallet,customer_5004,utilities,2026-08-09T15:57:45+00:00,15,6,successful
merchant_techhive,2198.71,INR,payment,netbanking,customer_4079,office_supplies,2026-08-25T06:50:56+00:00,6,1,successful
merchant_techhive,2072.81,INR,payment,bank_transfer,customer_7583,food_delivery,2026-07-29T15:56:36+00:00,15,2,failed
merchant_swiftgear,810.08,INR,payment,bank_transfer,customer_3147,office_supplies,2026-08-16T22:04:02+00:00,22,6,successful
merchant_daily_grind_cafe,2002.99,EUR,chargeback,netbanking,customer_7177,office_supplies,2026-08-02T23:08:27+00:00,23,6,successful
merchant_freshbite,1879.22,EUR,payment,bank_transfer,customer_6760,food_delivery,2026-08-20T05:58:35+00:00,5,3,successful
merchant_daily_grind_cafe,1589.5,INR,payment,upi,customer_6513,software_subscription,2026-08-02T04:49:58+00:00,4,6,failed
merchant_pixel_studio,947.02,USD,refund,netbanking,customer_3972,groceries,2026-08-17T04:43:08+00:00,4,0,pending
merchant_bluewave,2458.08,USD,refund,bank_transfer,customer_4230,marketing,2026-08-26T07:48:59+00:00,7,2,pending
merchant_pixel_studio,154.53,INR,refund,netbanking,customer_5918,software_subscription,2026-08-07T21:12:15+00:00,21,4,successful
merchant_greenleaf,2369.27,EUR,refund,upi,customer_5374,electronics,2026-07-28T23:22:02+00:00,23,1,successful
merchant_greenleaf,400.33,INR,payment,card,customer_9939,groceries,2026-08-23T07:38:37+00:00,7,6,pending
merchant_bluewave,481.41,EUR,payment,bank_transfer,customer_9278,marketing,2026-08-19T20:45:30+00:00,20,2,successful
merchant_greenleaf,269.11,EUR,refund,card,customer_6279,utilities,2026-08-08T16:47:31+00:00,16,5,successful
merchant_urbancart,2140.58,INR,payment,bank_transfer,customer_7728,groceries,2026-08-14T00:31:18+00:00,0,4,failed
merchant_daily_grind_cafe,457.27,INR,chargeback,bank_transfer,customer_1409,electronics,2026-08-14T22:07:48+00:00,22,4,successful
merchant_daily_grind_cafe,854.54,USD,payment,wallet,customer_3977,office_supplies,2026-08-12T17:29:13+00:00,17,2,successful
merchant_greenleaf,632.16,EUR,refund,bank_transfer,customer_3010,marketing,2026-08-25T08:08:49+00:00,8,1,successful
merchant_bluewave,730.18,USD,chargeback,bank_transfer,customer_2663,groceries,2026-07-30T00:02:01+00:00,0,3,pending
merchant_swiftgear,2392.94,INR,payment,netbanking,customer_1127,marketing,2026-08-18T01:05:42+00:00,1,1,successful
merchant_greenleaf,944.62,USD,refund,bank_transfer,customer_8686,groceries,2026-08-02T08:02:18+00:00,8,6,failed
merchant_daily_grind_cafe,1623.54,EUR,payment,netbanking,customer_8497,food_delivery,2026-08-26T19:45:39+00:00,19,2,successful
merchant_techhive,1930.28,INR,expense,wallet,customer_6482,electronics,2026-08-08T07:48:06+00:00,7,5,failed
merchant_freshbite,1041.03,INR,payment,netbanking,customer_3761,software_subscription,2026-08-13T19:23:58+00:00,19,3,successful
merchant_techhive,2463.69,USD,payment,bank_transfer,customer_8076,food_delivery,2026-08-16T13:53:10+00:00,13,6,successful
merchant_swiftgear,1738.59,USD,payment,netbanking,customer_1560,software_subscription,2026-08-01T13:08:29+00:00,13,5,pending
merchant_freshbite,2363.37,EUR,payment,bank_transfer,customer_1563,utilities,2026-08-10T04:29:27+00:00,4,0,failed
merchant_techhive,1189.25,EUR,payment,wallet,customer_9201,food_delivery,2026-08-25T06:25:16+00:00,6,1,successful
merchant_swiftgear,1940.88,INR,refund,netbanking,customer_8682,groceries,2026-08-09T16:11:13+00:00,16,6,successful
merchant_swiftgear,120.34,INR,payment,netbanking,customer_7137,food_delivery,2026-08-11T17:49:32+00:00,17,1,successful
merchant_urbancart,82.75,EUR,payment,card,customer_3888,software_subscription,2026-08-19T02:20:04+00:00,2,2,successful
merchant_urbancart,1913.9,EUR,refund,netbanking,customer_1534,food_delivery,2026-08-04T23:48:09+00:00,23,1,failed
merchant_techhive,1226.43,USD,payment,card,customer_3278,electronics,2026-07-29T13:16:36+00:00,13,2,successful
merchant_greenleaf,2118.01,USD,payment,wallet,customer_9170,food_delivery,2026-08-01T21:54:50+00:00,21,5,pending
merchant_pixel_studio,2296.66,INR,refund,upi,customer_7986,electronics,2026-08-13T01:05:44+00:00,1,3,successful
merchant_greenleaf,142.64,INR,payment,card,customer_8593,marketing,2026-07-29T00:58:33+00:00,0,2,successful
merchant_greenleaf,433.2,EUR,payment,wallet,customer_2355,groceries,2026-08-09T08:20:25+00:00,8,6,successful
merchant_freshbite,40.23,INR,chargeback,card,customer_5325,software_subscription,2026-08-07T13:42:42+00:00,13,4,successful
merchant_urbancart,623.24,EUR,payment,upi,customer_2156,electronics,2026-08-18T02:33:41+00:00,2,1,successful
merchant_urbancart,1117.22,INR,payment,card,customer_7103,software_subscription,2026-08-19T00:32:41+00:00,0,2,pending
merchant_pixel_studio,48.14,EUR,payment,card,customer_4063,utilities,2026-08-24T14:10:50+00:00,14,0,successful
merchant_freshbite,2364.71,INR,refund,wallet,customer_9123,travel,2026-08-08T08:33:56+00:00,8,5,successful
merchant_greenleaf,956.63,USD,payment,upi,customer_2149,marketing,2026-08-09T02:07:39+00:00,2,6,successful
merchant_techhive,2468.91,EUR,payment,card,customer_9672,food_delivery,2026-08-19T03:13:00+00:00,3,2,successful
merchant_techhive,1425.89,EUR,payment,netbanking,customer_2204,food_delivery,2026-08-13T18:31:54+00:00,18,3,successful
merchant_freshbite,1486.02,EUR,refund,upi,customer_9575,travel,2026-08-01T12:17:47+00:00,12,5,successful
merchant_daily_grind_cafe,387.09,INR,payment,card,customer_7568,marketing,2026-08-18T19:53:33+00:00,19,1,successful
merchant_pixel_studio,1334.54,USD,payment,card,customer_3888,office_supplies,2026-08-03T14:27:12+00:00,14,0,successful
merchant_pixel_studio,194.56,INR,payment,upi,customer_3503,travel,2026-08-02T10:17:23+00:00,10,6,successful
merchant_techhive,1271.04,USD,payment,netbanking,customer_5429,electronics,2026-08-10T15:41:57+00:00,15,0,pending
merchant_freshbite,991.9,EUR,payment,upi,customer_6450,utilities,2026-08-19T09:14:41+00:00,9,2,successful
merchant_techhive,952.67,INR,payment,bank_transfer,customer_9717,electronics,2026-08-20T19:26:55+00:00,19,3,successful
merchant_swiftgear,2471.89,INR,payment,bank_transfer,customer_5024,electronics,2026-08-14T04:55:57+00:00,4,4,successful
merchant_freshbite,1644.1,USD,payment,upi,customer_8022,office_supplies,2026-08-18T02:32:06+00:00,2,1,failed
merchant_freshbite,736.63,USD,payment,bank_transfer,customer_1223,groceries,2026-07-31T08:09:57+00:00,8,4,successful
merchant_daily_grind_cafe,1473.75,EUR,refund,wallet,customer_2410,groceries,2026-08-19T15:27:49+00:00,15,2,successful
merchant_freshbite,1381.89,INR,payment,upi,customer_4884,software_subscription,2026-08-21T06:25:02+00:00,6,4,pending
merchant_daily_grind_cafe,185.54,USD,payment,wallet,customer_7740,travel,2026-08-17T15:54:51+00:00,15,0,successful
merchant_daily_grind_cafe,470.11,EUR,payment,upi,customer_4256,travel,2026-08-20T06:39:35+00:00,6,3,successful
merchant_bluewave,905.88,EUR,expense,bank_transfer,customer_9417,office_supplies,2026-08-02T03:37:00+00:00,3,6,successful
merchant_urbancart,1732.59,USD,payment,card,customer_7321,travel,2026-08-13T12:59:45+00:00,12,3,successful
merchant_greenleaf,470.02,USD,payment,upi,customer_8679,food_delivery,2026-08-16T13:40:42+00:00,13,6,successful
merchant_techhive,616.33,EUR,payment,netbanking,customer_7042,office_supplies,2026-08-19T03:47:21+00:00,3,2,successful
merchant_greenleaf,359.37,INR,payment,wallet,customer_5254,groceries,2026-08-24T06:42:31+00:00,6,0,successful
merchant_bluewave,1839.03,EUR,payment,card,customer_6588,food_delivery,2026-08-11T12:21:29+00:00,12,1,successful
merchant_pixel_studio,1368.56,EUR,payment,card,customer_4162,marketing,2026-08-14T18:33:28+00:00,18,4,successful
merchant_daily_grind_cafe,2305.59,EUR,payment,wallet,customer_7431,utilities,2026-07-29T12:56:46+00:00,12,2,successful
merchant_urbancart,818.24,EUR,payment,netbanking,customer_1762,marketing,2026-08-25T09:55:06+00:00,9,1,successful
merchant_urbancart,1933.63,USD,payment,netbanking,customer_2269,marketing,2026-08-08T04:09:06+00:00,4,5,successful
merchant_bluewave,2456.84,INR,payment,upi,customer_1227,groceries,2026-08-01T16:23:59+00:00,16,5,successful
merchant_urbancart,408.19,INR,chargeback,bank_transfer,customer_6601,electronics,2026-08-02T21:16:07+00:00,21,6,successful
merchant_greenleaf,1425.5,USD,payment,wallet,customer_4690,marketing,2026-08-24T08:11:40+00:00,8,0,successful
merchant_bluewave,391.53,EUR,payment,netbanking,customer_5202,groceries,2026-08-22T08:35:34+00:00,8,5,successful
merchant_urbancart,2417.36,USD,payment,wallet,customer_1569,electronics,2026-08-03T08:52:05+00:00,8,0,successful
merchant_bluewave,916.49,INR,payment,bank_transfer,customer_6515,food_delivery,2026-07-29T05:41:39+00:00,5,2,successful
merchant_urbancart,708.87,INR,payment,netbanking,customer_4941,marketing,2026-08-09T19:44:04+00:00,19,6,successful
merchant_bluewave,1422.45,INR,expense,wallet,customer_9436,software_subscription,2026-08-21T07:16:54+00:00,7,4,successful
merchant_freshbite,1480.69,EUR,payment,wallet,customer_2010,groceries,2026-07-28T16:59:25+00:00,16,1,successful
merchant_swiftgear,2358.58,EUR,payment,wallet,customer_7298,marketing,2026-08-18T11:41:05+00:00,11,1,successful
merchant_daily_grind_cafe,1048.78,EUR,payment,upi,customer_4255,travel,2026-08-22T04:39:11+00:00,4,5,failed
merchant_greenleaf,1037.44,INR,expense,wallet,customer_7310,utilities,2026-08-12T16:07:27+00:00,16,2,successful
merchant_urbancart,1609.93,USD,chargeback,upi,customer_9490,office_supplies,2026-08-02T03:23:41+00:00,3,6,failed
merchant_pixel_studio,2198.99,USD,payment,card,customer_1718,electronics,2026-08-21T03:35:56+00:00,3,4,failed
merchant_pixel_studio,1260.97,EUR,refund,bank_transfer,customer_5963,groceries,2026-08-01T20:03:05+00:00,20,5,successful
merchant_pixel_studio,1327.23,INR,payment,wallet,customer_2606,utilities,2026-07-30T15:04:20+00:00,15,3,pending
merchant_daily_grind_cafe,958.2,USD,payment,netbanking,customer_6539,utilities,2026-08-12T08:46:12+00:00,8,2,pending
merchant_pixel_studio,369.17,INR,expense,wallet,customer_5933,marketing,2026-08-21T23:50:49+00:00,23,4,successful
merchant_bluewave,26.9,USD,refund,upi,customer_6532,office_supplies,2026-08-13T00:44:37+00:00,0,3,successful
merchant_daily_grind_cafe,598.1,USD,payment,upi,customer_1043,utilities,2026-08-13T11:01:06+00:00,11,3,pending
merchant_urbancart,1198.01,EUR,payment,bank_transfer,customer_8888,travel,2026-07-30T04:00:38+00:00,4,3,failed
merchant_greenleaf,99.84,USD,chargeback,bank_transfer,customer_3956,software_subscription,2026-08-19T07:21:50+00:00,7,2,successful
merchant_daily_grind_cafe,1289.87,EUR,payment,wallet,customer_7461,food_delivery,2026-08-23T16:36:45+00:00,16,6,successful
merchant_greenleaf,1726.7,EUR,payment,netbanking,customer_5688,marketing,2026-08-20T10:56:06+00:00,10,3,successful
merchant_urbancart,649.77,INR,refund,bank_transfer,customer_5848,food_delivery,2026-08-23T10:39:53+00:00,10,6,successful
merchant_techhive,174.66,EUR,payment,wallet,customer_2555,office_supplies,2026-08-14T06:34:01+00:00,6,4,successful
merchant_freshbite,349.53,USD,payment,wallet,customer_5018,food_delivery,2026-08-06T17:39:21+00:00,17,3,successful
merchant_pixel_studio,2388.92,INR,payment,wallet,customer_1071,office_supplies,2026-08-16T03:11:22+00:00,3,6,successful
merchant_pixel_studio,1079.1,USD,refund,bank_transfer,customer_9969,groceries,2026-07-31T19:49:21+00:00,19,4,successful
merchant_daily_grind_cafe,1070.28,INR,payment,card,customer_2611,utilities,2026-08-26T16:43:13+00:00,16,2,successful
merchant_greenleaf,1538.16,EUR,payment,bank_transfer,customer_1142,software_subscription,2026-07-29T06:34:31+00:00,6,2,pending
merchant_freshbite,2238.51,INR,payment,card,customer_8274,software_subscription,2026-08-22T00:46:15+00:00,0,5,successful
merchant_freshbite,2094.23,INR,payment,card,customer_4927,office_supplies,2026-08-13T15:10:48+00:00,15,3,successful
merchant_urbancart,2103.97,USD,payment,card,customer_9557,office_supplies,2026-07-28T04:49:50+00:00,4,1,successful
merchant_urbancart,1276.04,EUR,payment,wallet,customer_2364,utilities,2026-08-11T03:37:30+00:00,3,1,successful
merchant_greenleaf,1909.9,INR,payment,netbanking,customer_6043,food_delivery,2026-08-16T12:27:54+00:00,12,6,pending
merchant_freshbite,1834.15,INR,payment,card,customer_5809,electronics,2026-08-05T08:45:52+00:00,8,2,successful
merchant_pixel_studio,1751.69,USD,payment,netbanking,customer_6833,groceries,2026-08-26T10:24:04+00:00,10,2,successful
merchant_pixel_studio,761.67,INR,refund,upi,customer_7129,utilities,2026-08-22T02:59:57+00:00,2,5,successful
merchant_swiftgear,2252.66,INR,payment,wallet,customer_6259,travel,2026-08-19T06:05:13+00:00,6,2,successful
merchant_bluewave,1066.35,INR,expense,card,customer_3870,marketing,2026-08-13T05:11:45+00:00,5,3,successful
merchant_freshbite,1284.55,USD,expense,upi,customer_8306,utilities,2026-08-09T13:04:34+00:00,13,6,successful
merchant_pixel_studio,1134.75,USD,payment,upi,customer_5714,office_supplies,2026-08-16T01:41:18+00:00,1,6,successful
merchant_pixel_studio,1535.83,INR,payment,upi,customer_2659,software_subscription,2026-08-12T10:43:52+00:00,10,2,failed
merchant_daily_grind_cafe,317.51,USD,payment,bank_transfer,customer_9908,marketing,2026-08-03T19:43:05+00:00,19,0,successful
merchant_daily_grind_cafe,1646.85,USD,payment,bank_transfer,customer_3883,groceries,2026-07-29T19:16:17+00:00,19,2,successful
merchant_bluewave,42.34,USD,payment,card,customer_2561,electronics,2026-08-15T15:15:18+00:00,15,5,successful
merchant_greenleaf,2427.2,INR,chargeback,wallet,customer_5925,electronics,2026-07-28T11:55:44+00:00,11,1,successful
merchant_bluewave,486.84,EUR,payment,upi,customer_5321,marketing,2026-08-08T23:08:50+00:00,23,5,pending
merchant_pixel_studio,2014.09,EUR,payment,card,customer_2359,food_delivery,2026-08-15T13:41:10+00:00,13,5,successful
merchant_swiftgear,1097.86,INR,payment,card,customer_8787,office_supplies,2026-08-10T03:56:21+00:00,3,0,successful
merchant_greenleaf,787.34,INR,payment,card,customer_4976,food_delivery,2026-08-03T23:16:41+00:00,23,0,successful
merchant_bluewave,1908.66,USD,expense,upi,customer_8679,utilities,2026-08-23T01:39:53+00:00,1,6,pending
merchant_swiftgear,1410.36,EUR,payment,wallet,customer_4848,office_supplies,2026-08-21T10:01:40+00:00,10,4,successful
merchant_pixel_studio,2314.13,EUR,payment,card,customer_8853,software_subscription,2026-07-31T22:56:46+00:00,22,4,successful
merchant_swiftgear,2242.49,EUR,payment,netbanking,customer_5381,office_supplies,2026-08-23T10:50:05+00:00,10,6,successful
merchant_swiftgear,531.18,INR,payment,card,customer_5799,utilities,2026-08-20T23:35:38+00:00,23,3,successful
merchant_urbancart,2293.92,USD,payment,bank_transfer,customer_8698,food_delivery,2026-08-06T20:31:32+00:00,20,3,successful
merchant_bluewave,233.5,USD,payment,bank_transfer,customer_4187,utilities,2026-08-09T16:44:10+00:00,16,6,successful
merchant_bluewave,2354.28,USD,refund,bank_transfer,customer_9674,groceries,2026-08-07T23:50:04+00:00,23,4,failed
merchant_freshbite,2101.79,INR,refund,card,customer_1169,groceries,2026-08-08T17:42:38+00:00,17,5,successful
merchant_bluewave,1179.18,INR,payment,wallet,customer_7341,food_delivery,2026-07-29T13:55:25+00:00,13,2,successful
merchant_pixel_studio,155.54,EUR,chargeback,upi,customer_2219,travel,2026-08-13T16:48:55+00:00,16,3,successful
merchant_greenleaf,757.66,USD,refund,bank_transfer,customer_4106,food_delivery,2026-08-22T21:19:46+00:00,21,5,successful
merchant_freshbite,317.11,INR,payment,bank_transfer,customer_6684,electronics,2026-07-31T16:00:14+00:00,16,4,successful
merchant_techhive,467.28,INR,chargeback,wallet,customer_9362,software_subscription,2026-08-21T04:26:48+00:00,4,4,successful
merchant_freshbite,285.64,USD,refund,bank_transfer,customer_8450,food_delivery,2026-07-31T23:54:53+00:00,23,4,successful
merchant_pixel_studio,1493.2,USD,payment,netbanking,customer_3465,utilities,2026-08-01T03:14:16+00:00,3,5,successful
merchant_techhive,642.89,USD,payment,netbanking,customer_1428,food_delivery,2026-08-15T14:24:29+00:00,14,5,successful
merchant_greenleaf,783.04,EUR,payment,netbanking,customer_6335,electronics,2026-08-13T23:49:27+00:00,23,3,successful
merchant_pixel_studio,924.62,INR,payment,bank_transfer,customer_4868,electronics,2026-08-23T23:36:57+00:00,23,6,successful
merchant_urbancart,969.92,EUR,payment,netbanking,customer_5884,marketing,2026-08-11T19:12:25+00:00,19,1,successful
merchant_daily_grind_cafe,1489.84,EUR,expense,upi,customer_7610,software_subscription,2026-08-02T19:24:24+00:00,19,6,successful
merchant_daily_grind_cafe,1848.22,INR,refund,wallet,customer_1654,office_supplies,2026-08-10T23:56:47+00:00,23,0,pending
merchant_greenleaf,189.04,EUR,payment,netbanking,customer_6542,food_delivery,2026-08-13T08:04:37+00:00,8,3,successful
merchant_swiftgear,1633.9,EUR,payment,wallet,customer_9577,food_delivery,2026-08-06T22:42:35+00:00,22,3,pending
merchant_urbancart,2468.39,EUR,refund,bank_transfer,customer_2047,electronics,2026-08-02T01:30:53+00:00,1,6,failed
merchant_freshbite,554.01,EUR,refund,card,customer_5889,office_supplies,2026-07-31T14:07:16+00:00,14,4,successful
merchant_techhive,925.19,INR,payment,netbanking,customer_1438,software_subscription,2026-08-09T08:50:56+00:00,8,6,successful
merchant_techhive,970.6,EUR,expense,upi,customer_3807,electronics,2026-08-02T01:51:22+00:00,1,6,successful
merchant_daily_grind_cafe,2146.74,EUR,payment,upi,customer_8536,electronics,2026-08-19T05:07:29+00:00,5,2,successful
merchant_greenleaf,574.11,INR,payment,bank_transfer,customer_7505,software_subscription,2026-08-22T12:25:26+00:00,12,5,successful
merchant_greenleaf,2262.93,EUR,payment,upi,customer_7899,software_subscription,2026-08-10T12:00:49+00:00,12,0,successful
merchant_bluewave,1623.73,USD,payment,bank_transfer,customer_6284,utilities,2026-08-16T08:02:19+00:00,8,6,successful
merchant_greenleaf,20.46,USD,expense,card,customer_2971,office_supplies,2026-08-07T09:50:59+00:00,9,4,successful
merchant_greenleaf,242.24,USD,payment,bank_transfer,customer_5724,travel,2026-08-14T00:18:20+00:00,0,4,successful
merchant_greenleaf,2083.77,EUR,payment,netbanking,customer_3123,utilities,2026-07-29T19:17:06+00:00,19,2,successful
merchant_freshbite,808.83,EUR,payment,upi,customer_8351,electronics,2026-08-09T14:59:53+00:00,14,6,pending
merchant_urbancart,2259.53,USD,expense,upi,customer_2099,utilities,2026-07-28T14:56:53+00:00,14,1,successful
merchant_pixel_studio,1740.31,USD,payment,wallet,customer_8550,groceries,2026-08-11T16:57:25+00:00,16,1,successful
merchant_bluewave,2259.49,INR,expense,wallet,customer_6528,food_delivery,2026-08-08T21:30:11+00:00,21,5,successful
merchant_daily_grind_cafe,2305.34,USD,payment,card,customer_2519,software_subscription,2026-07-30T12:15:30+00:00,12,3,successful
merchant_bluewave,1472.67,EUR,expense,card,customer_2364,groceries,2026-08-16T00:00:03+00:00,0,6,successful
merchant_urbancart,1569.51,USD,chargeback,wallet,customer_5162,food_delivery,2026-08-14T14:40:31+00:00,14,4,successful
merchant_greenleaf,310.54,USD,payment,upi,customer_5070,office_supplies,2026-08-25T10:02:14+00:00,10,1,successful
merchant_bluewave,1799.6,EUR,payment,wallet,customer_8852,office_supplies,2026-08-03T08:20:02+00:00,8,0,successful
merchant_pixel_studio,935.18,USD,payment,upi,customer_5052,food_delivery,2026-08-07T18:26:25+00:00,18,4,successful
merchant_bluewave,1973.7,INR,chargeback,bank_transfer,customer_5510,utilities,2026-08-16T04:55:55+00:00,4,6,failed
merchant_greenleaf,31.01,USD,payment,upi,customer_4684,groceries,2026-08-03T04:25:05+00:00,4,0,pending
merchant_urbancart,135.95,EUR,expense,card,customer_8625,electronics,2026-08-03T16:32:02+00:00,16,0,successful
merchant_daily_grind_cafe,1407.89,INR,payment,wallet,customer_2535,software_subscription,2026-08-05T00:33:38+00:00,0,2,failed
merchant_urbancart,1407.53,INR,payment,netbanking,customer_1897,marketing,2026-08-06T16:03:29+00:00,16,3,successful
merchant_bluewave,272.86,EUR,payment,card,customer_3158,utilities,2026-08-20T06:22:05+00:00,6,3,successful
merchant_swiftgear,787.68,INR,expense,netbanking,customer_7676,marketing,2026-08-02T20:28:46+00:00,20,6,successful
merchant_freshbite,2450.18,USD,refund,netbanking,customer_5227,food_delivery,2026-08-24T06:47:09+00:00,6,0,successful
merchant_freshbite,2017.27,USD,payment,bank_transfer,customer_7015,food_delivery,2026-08-16T06:35:50+00:00,6,6,pending
merchant_urbancart,379.36,INR,payment,bank_transfer,customer_6804,software_subscription,2026-08-14T23:07:02+00:00,23,4,successful
merchant_swiftgear,320.49,USD,payment,upi,customer_6428,food_delivery,2026-08-16T01:32:33+00:00,1,6,successful
merchant_swiftgear,1814.59,EUR,payment,bank_transfer,customer_2441,travel,2026-08-08T16:14:15+00:00,16,5,successful
merchant_freshbite,2459.2,USD,payment,bank_transfer,customer_9973,utilities,2026-08-06T02:55:55+00:00,2,3,failed
merchant_bluewave,1850.17,INR,payment,netbanking,customer_5313,food_delivery,2026-08-13T19:31:54+00:00,19,3,successful
merchant_techhive,2289.91,INR,expense,bank_transfer,customer_6350,travel,2026-08-04T03:45:23+00:00,3,1,successful
merchant_daily_grind_cafe,1684.88,USD,payment,upi,customer_2002,software_subscription,2026-08-21T05:42:02+00:00,5,4,successful
merchant_techhive,2099.61,USD,payment,wallet,customer_3550,electronics,2026-08-16T07:49:46+00:00,7,6,pending
merchant_greenleaf,815.61,EUR,payment,upi,customer_4404,office_supplies,2026-08-12T15:25:42+00:00,15,2,successful
merchant_freshbite,785.66,EUR,payment,bank_transfer,customer_6606,electronics,2026-07-28T21:38:58+00:00,21,1,pending
merchant_techhive,128.96,INR,payment,bank_transfer,customer_2620,groceries,2026-08-15T02:46:37+00:00,2,5,successful
merchant_pixel_studio,2136.62,INR,payment,wallet,customer_5419,software_subscription,2026-08-26T16:51:06+00:00,16,2,pending
merchant_swiftgear,1963.1,INR,payment,wallet,customer_8600,utilities,2026-08-07T02:25:27+00:00,2,4,successful
merchant_pixel_studio,2270.16,USD,payment,upi,customer_2663,office_supplies,2026-08-02T15:17:44+00:00,15,6,successful
merchant_techhive,1435.82,INR,refund,wallet,customer_8327,software_subscription,2026-07-28T13:01:59+00:00,13,1,successful
merchant_pixel_studio,829.25,EUR,refund,upi,customer_1745,electronics,2026-08-15T17:20:16+00:00,17,5,successful
merchant_greenleaf,2252.2,EUR,payment,netbanking,customer_9272,utilities,2026-08-22T12:58:22+00:00,12,5,successful
merchant_urbancart,768.78,INR,payment,bank_transfer,customer_6794,electronics,2026-08-10T17:49:27+00:00,17,0,successful
merchant_daily_grind_cafe,619.25,EUR,payment,bank_transfer,customer_5759,marketing,2026-07-31T21:43:06+00:00,21,4,successful
merchant_swiftgear,153.88,INR,payment,netbanking,customer_6022,utilities,2026-08-22T16:39:47+00:00,16,5,failed
merchant_freshbite,593.89,EUR,payment,netbanking,customer_5307,office_supplies,2026-08-04T19:59:48+00:00,19,1,successful
merchant_pixel_studio,701.49,INR,expense,netbanking,customer_2071,marketing,2026-08-17T00:21:57+00:00,0,0,successful
merchant_greenleaf,1701.23,INR,payment,bank_transfer,customer_8796,marketing,2026-08-17T05:05:22+00:00,5,0,successful
merchant_pixel_studio,2177.02,INR,expense,bank_transfer,customer_1571,marketing,2026-07-30T19:43:24+00:00,19,3,failed
merchant_techhive,1642.6,USD,payment,upi,customer_5112,marketing,2026-08-18T18:01:19+00:00,18,1,successful
merchant_swiftgear,1789.25,USD,chargeback,card,customer_7797,office_supplies,2026-08-02T16:06:08+00:00,16,6,failed
merchant_urbancart,1209.68,INR,payment,bank_transfer,customer_9088,food_delivery,2026-08-22T02:54:21+00:00,2,5,successful
merchant_bluewave,837.47,USD,payment,wallet,customer_6554,utilities,2026-08-14T21:51:30+00:00,21,4,successful
merchant_techhive,1237.64,USD,refund,bank_transfer,customer_1257,utilities,2026-08-13T17:51:01+00:00,17,3,successful
merchant_daily_grind_cafe,2017.68,INR,payment,bank_transfer,customer_5094,groceries,2026-08-26T06:15:48+00:00,6,2,successful
merchant_techhive,1300.4,EUR,payment,wallet,customer_4256,electronics,2026-08-13T04:28:18+00:00,4,3,successful
merchant_urbancart,1268.52,INR,payment,wallet,customer_8594,marketing,2026-08-21T21:31:52+00:00,21,4,successful
merchant_techhive,833.82,EUR,payment,wallet,customer_3238,groceries,2026-08-22T22:30:09+00:00,22,5,failed
merchant_pixel_studio,1331.58,INR,chargeback,bank_transfer,customer_9549,utilities,2026-08-22T15:05:19+00:00,15,5,successful
merchant_pixel_studio,877.52,EUR,payment,card,customer_1625,utilities,2026-08-13T23:47:16+00:00,23,3,successful
merchant_techhive,1868.82,EUR,chargeback,wallet,customer_6263,groceries,2026-08-15T20:23:33+00:00,20,5,successful
merchant_bluewave,177.62,EUR,refund,wallet,customer_4177,office_supplies,2026-08-23T11:09:38+00:00,11,6,successful
merchant_urbancart,1748.13,INR,payment,upi,customer_5474,travel,2026-08-24T17:54:04+00:00,17,0,successful
merchant_greenleaf,2443.93,USD,payment,wallet,customer_1254,software_subscription,2026-08-03T07:16:39+00:00,7,0,successful
merchant_urbancart,751.48,INR,payment,card,customer_1720,electronics,2026-08-04T17:50:41+00:00,17,1,successful
merchant_daily_grind_cafe,1679.02,INR,payment,wallet,customer_5914,office_supplies,2026-07-29T18:48:31+00:00,18,2,successful
merchant_bluewave,775.79,USD,payment,bank_transfer,customer_8438,electronics,2026-08-02T18:22:34+00:00,18,6,successful
merchant_daily_grind_cafe,1082.59,EUR,refund,bank_transfer,customer_2908,travel,2026-08-18T04:51:51+00:00,4,1,successful
merchant_urbancart,1877.44,EUR,payment,wallet,customer_3378,food_delivery,2026-07-30T08:11:23+00:00,8,3,successful
merchant_swiftgear,2200.38,INR,payment,netbanking,customer_6788,travel,2026-08-24T12:11:20+00:00,12,0,pending
merchant_freshbite,2080.42,USD,refund,bank_transfer,customer_4521,software_subscription,2026-08-21T16:06:31+00:00,16,4,pending
merchant_techhive,180.52,INR,expense,card,customer_4742,utilities,2026-08-22T06:05:40+00:00,6,5,successful
merchant_daily_grind_cafe,2357.29,EUR,refund,wallet,customer_5501,travel,2026-08-06T12:23:42+00:00,12,3,successful
merchant_swiftgear,1910.64,EUR,payment,upi,customer_1890,marketing,2026-08-02T16:48:56+00:00,16,6,successful
merchant_freshbite,2470.48,INR,expense,bank_transfer,customer_9744,groceries,2026-08-19T16:55:09+00:00,16,2,successful
merchant_bluewave,341.42,INR,expense,upi,customer_5366,groceries,2026-08-17T09:26:05+00:00,9,0,successful
merchant_pixel_studio,1758.2,USD,payment,netbanking,customer_8782,utilities,2026-08-18T15:39:56+00:00,15,1,successful
merchant_freshbite,1008.9,USD,refund,bank_transfer,customer_5138,travel,2026-08-13T10:12:35+00:00,10,3,successful
merchant_bluewave,535.91,INR,payment,card,customer_6330,food_delivery,2026-08-15T10:32:27+00:00,10,5,successful
merchant_bluewave,1842.98,INR,payment,wallet,customer_5981,marketing,2026-08-22T12:44:14+00:00,12,5,successful
merchant_freshbite,1574.59,USD,payment,wallet,customer_9835,marketing,2026-08-03T03:28:47+00:00,3,0,successful
merchant_bluewave,2446.94,USD,payment,wallet,customer_1950,electronics,2026-08-16T04:55:47+00:00,4,6,successful
merchant_urbancart,1330.71,INR,refund,upi,customer_4812,utilities,2026-08-07T11:44:01+00:00,11,4,pending
merchant_bluewave,1520.39,USD,payment,wallet,customer_8316,groceries,2026-08-02T20:19:55+00:00,20,6,failed
merchant_freshbite,2217.54,INR,expense,upi,customer_5674,marketing,2026-08-01T11:41:25+00:00,11,5,successful
merchant_greenleaf,920.83,INR,payment,upi,customer_6932,food_delivery,2026-08-01T10:23:51+00:00,10,5,successful
merchant_urbancart,682.9,USD,refund,netbanking,customer_7187,office_supplies,2026-08-05T07:41:12+00:00,7,2,successful
merchant_greenleaf,2076.77,EUR,payment,wallet,customer_4262,food_delivery,2026-08-25T07:53:23+00:00,7,1,successful
merchant_greenleaf,27.99,EUR,refund,netbanking,customer_5369,software_subscription,2026-08-02T10:28:31+00:00,10,6,successful
merchant_pixel_studio,2471.11,EUR,payment,netbanking,customer_4956,utilities,2026-08-06T08:25:31+00:00,8,3,successful
merchant_bluewave,664.88,EUR,payment,card,customer_4765,travel,2026-08-17T19:24:43+00:00,19,0,successful
merchant_pixel_studio,1232.33,USD,payment,netbanking,customer_4289,groceries,2026-08-06T20:43:20+00:00,20,3,successful
merchant_bluewave,105.9,USD,payment,upi,customer_3069,travel,2026-08-15T09:00:37+00:00,9,5,successful
merchant_greenleaf,962.27,USD,payment,bank_transfer,customer_4521,utilities,2026-08-04T10:45:13+00:00,10,1,successful
merchant_techhive,28.64,INR,refund,bank_transfer,customer_5650,travel,2026-08-05T03:38:40+00:00,3,2,successful
merchant_bluewave,1975.74,INR,payment,card,customer_3912,groceries,2026-08-14T02:18:17+00:00,2,4,successful
merchant_bluewave,1658.45,INR,payment,bank_transfer,customer_7927,travel,2026-08-14T02:19:13+00:00,2,4,successful
merchant_techhive,2338.01,EUR,refund,wallet,customer_7437,electronics,2026-08-04T20:19:18+00:00,20,1,failed
merchant_urbancart,347.08,INR,refund,wallet,customer_7273,marketing,2026-08-06T23:51:21+00:00,23,3,successful
merchant_pixel_studio,1407.72,INR,payment,wallet,customer_7813,marketing,2026-08-24T11:22:47+00:00,11,0,pending
merchant_pixel_studio,1829.95,INR,payment,bank_transfer,customer_3884,utilities,2026-08-18T20:19:36+00:00,20,1,successful
merchant_daily_grind_cafe,498.56,INR,expense,wallet,customer_2907,software_subscription,2026-08-16T23:10:09+00:00,23,6,successful
merchant_techhive,1667.21,INR,refund,card,customer_9405,electronics,2026-08-08T13:29:12+00:00,13,5,successful
merchant_techhive,598.97,USD,payment,wallet,customer_8511,groceries,2026-08-22T04:26:01+00:00,4,5,pending
merchant_swiftgear,1944.84,INR,payment,upi,customer_2364,office_supplies,2026-08-23T18:54:05+00:00,18,6,pending
merchant_daily_grind_cafe,1341.89,USD,refund,wallet,customer_2722,marketing,2026-08-02T10:11:28+00:00,10,6,successful
merchant_daily_grind_cafe,1833.21,EUR,payment,netbanking,customer_4876,software_subscription,2026-08-20T09:40:05+00:00,9,3,successful
merchant_pixel_studio,1704.06,EUR,payment,bank_transfer,customer_4460,utilities,2026-07-30T09:21:10+00:00,9,3,successful
merchant_freshbite,2121.03,USD,payment,netbanking,customer_6512,office_supplies,2026-08-11T12:16:11+00:00,12,1,successful
merchant_swiftgear,1646.4,INR,payment,netbanking,customer_3521,food_delivery,2026-08-22T02:51:59+00:00,2,5,successful
merchant_greenleaf,31.51,EUR,payment,netbanking,customer_5812,groceries,2026-07-31T23:52:41+00:00,23,4,successful
merchant_techhive,319.76,USD,payment,wallet,customer_1207,marketing,2026-08-25T03:29:20+00:00,3,1,successful
merchant_urbancart,67.51,INR,payment,wallet,customer_5252,electronics,2026-08-07T09:45:32+00:00,9,4,successful
merchant_urbancart,445.07,USD,payment,card,customer_5198,marketing,2026-08-14T07:51:21+00:00,7,4,pending
merchant_swiftgear,1348.36,INR,payment,wallet,customer_8682,office_supplies,2026-08-04T11:27:38+00:00,11,1,successful
merchant_daily_grind_cafe,1880.61,USD,payment,bank_transfer,customer_1698,electronics,2026-08-24T07:57:03+00:00,7,0,successful
merchant_freshbite,2467.23,USD,payment,bank_transfer,customer_1723,marketing,2026-08-09T07:44:54+00:00,7,6,pending
merchant_freshbite,1715.99,INR,refund,bank_transfer,customer_8961,travel,2026-07-29T18:18:10+00:00,18,2,successful
merchant_bluewave,1753.64,EUR,expense,card,customer_9529,groceries,2026-08-03T10:40:56+00:00,10,0,successful
merchant_urbancart,2444.31,EUR,payment,netbanking,customer_4944,electronics,2026-08-24T14:43:41+00:00,14,0,failed
merchant_greenleaf,1495.36,EUR,payment,card,customer_8084,office_supplies,2026-08-18T18:24:18+00:00,18,1,pending
merchant_greenleaf,1888.02,USD,payment,card,customer_3075,travel,2026-08-12T22:33:59+00:00,22,2,successful
merchant_urbancart,1227.53,USD,payment,wallet,customer_7327,utilities,2026-08-13T01:38:21+00:00,1,3,successful
merchant_greenleaf,1247.09,INR,payment,netbanking,customer_5340,food_delivery,2026-08-05T06:02:58+00:00,6,2,successful
merchant_daily_grind_cafe,1406.67,EUR,payment,upi,customer_7167,office_supplies,2026-08-19T11:42:06+00:00,11,2,successful
merchant_pixel_studio,548.23,USD,payment,bank_transfer,customer_1664,travel,2026-08-15T07:35:59+00:00,7,5,pending
merchant_bluewave,1129.53,USD,payment,bank_transfer,customer_5546,food_delivery,2026-08-14T20:04:05+00:00,20,4,successful
merchant_greenleaf,1600.23,EUR,expense,netbanking,customer_1371,office_supplies,2026-08-18T23:20:14+00:00,23,1,successful
merchant_greenleaf,2488.89,USD,payment,wallet,customer_2950,utilities,2026-08-02T06:13:49+00:00,6,6,successful
merchant_greenleaf,118.63,EUR,payment,netbanking,customer_6536,travel,2026-08-03T01:56:50+00:00,1,0,successful
merchant_daily_grind_cafe,1477.85,USD,payment,wallet,customer_5577,utilities,2026-08-26T10:53:02+00:00,10,2,successful
merchant_urbancart,2309.18,USD,chargeback,upi,customer_9733,utilities,2026-08-16T01:41:06+00:00,1,6,successful
merchant_daily_grind_cafe,2126.18,EUR,payment,card,customer_6675,electronics,2026-08-07T02:52:05+00:00,2,4,failed
merchant_pixel_studio,1068.91,INR,refund,bank_transfer,customer_2428,utilities,2026-08-17T14:37:10+00:00,14,0,successful
merchant_greenleaf,2388.04,USD,payment,upi,customer_2462,groceries,2026-08-20T10:26:58+00:00,10,3,successful
merchant_daily_grind_cafe,2134.89,USD,payment,card,customer_4450,food_delivery,2026-08-06T14:47:13+00:00,14,3,successful
merchant_pixel_studio,1419.71,USD,payment,wallet,customer_5032,marketing,2026-08-22T03:20:41+00:00,3,5,successful
merchant_bluewave,856.36,EUR,payment,wallet,customer_7627,software_subscription,2026-07-29T10:47:23+00:00,10,2,pending
merchant_techhive,1093.18,EUR,payment,netbanking,customer_1596,groceries,2026-08-24T16:38:50+00:00,16,0,pending
merchant_urbancart,1467.64,EUR,payment,bank_transfer,customer_5833,marketing,2026-08-17T15:50:05+00:00,15,0,failed
merchant_urbancart,1934.81,INR,payment,card,customer_1425,software_subscription,2026-08-04T21:29:28+00:00,21,1,successful
merchant_urbancart,550.59,USD,payment,wallet,customer_4143,marketing,2026-08-06T07:20:26+00:00,7,3,successful
merchant_swiftgear,1088.01,INR,expense,card,customer_2873,food_delivery,2026-08-17T23:59:08+00:00,23,0,failed
merchant_urbancart,1182.25,EUR,payment,netbanking,customer_6221,marketing,2026-08-04T00:43:20+00:00,0,1,successful
merchant_greenleaf,1171.65,INR,refund,bank_transfer,customer_5194,travel,2026-08-03T14:22:50+00:00,14,0,failed
merchant_techhive,45.51,EUR,payment,upi,customer_4260,travel,2026-08-02T23:24:25+00:00,23,6,pending
merchant_pixel_studio,2325.54,INR,payment,bank_transfer,customer_6726,marketing,2026-08-12T03:40:22+00:00,3,2,pending
merchant_pixel_studio,438.43,USD,payment,netbanking,customer_8445,utilities,2026-08-03T17:19:45+00:00,17,0,pending
merchant_urbancart,575.6,INR,refund,upi,customer_5951,marketing,2026-08-04T18:32:16+00:00,18,1,successful
merchant_daily_grind_cafe,1402.49,EUR,refund,wallet,customer_1535,software_subscription,2026-08-19T05:38:24+00:00,5,2,successful
merchant_techhive,1291.77,INR,payment,upi,customer_1430,groceries,2026-08-17T20:39:00+00:00,20,0,successful
merchant_urbancart,229.43,USD,payment,upi,customer_5554,travel,2026-08-09T20:27:24+00:00,20,6,pending
merchant_techhive,256.31,EUR,payment,bank_transfer,customer_9824,software_subscription,2026-07-28T11:45:53+00:00,11,1,failed
merchant_daily_grind_cafe,1859.89,USD,payment,upi,customer_6977,groceries,2026-08-22T04:42:53+00:00,4,5,pending
merchant_greenleaf,2169.93,USD,refund,card,customer_6177,groceries,2026-08-12T13:46:32+00:00,13,2,successful
merchant_urbancart,1637.64,INR,payment,netbanking,customer_5107,groceries,2026-08-25T01:33:58+00:00,1,1,successful
merchant_greenleaf,2375.73,EUR,payment,bank_transfer,customer_4997,marketing,2026-08-15T04:59:11+00:00,4,5,successful
merchant_daily_grind_cafe,870.67,EUR,expense,netbanking,customer_9805,electronics,2026-07-31T06:09:14+00:00,6,4,successful
merchant_greenleaf,1916.49,INR,chargeback,upi,customer_3587,groceries,2026-08-15T21:21:46+00:00,21,5,successful
merchant_freshbite,896.0,EUR,payment,upi,customer_6050,utilities,2026-08-24T23:42:45+00:00,23,0,successful
merchant_daily_grind_cafe,282.43,EUR,payment,wallet,customer_6226,travel,2026-07-29T02:11:44+00:00,2,2,pending
merchant_bluewave,2383.32,INR,payment,bank_transfer,customer_5197,food_delivery,2026-08-25T17:01:24+00:00,17,1,successful
merchant_greenleaf,1699.54,INR,payment,bank_transfer,customer_9267,groceries,2026-08-02T06:30:23+00:00,6,6,successful
merchant_swiftgear,2073.12,INR,expense,wallet,customer_8082,software_subscription,2026-08-19T13:32:18+00:00,13,2,successful
merchant_pixel_studio,1931.35,INR,payment,upi,customer_5642,food_delivery,2026-08-04T21:53:04+00:00,21,1,successful
merchant_daily_grind_cafe,128.69,INR,payment,upi,customer_1948,electronics,2026-08-02T01:37:25+00:00,1,6,successful
merchant_swiftgear,79.05,EUR,payment,bank_transfer,customer_3352,travel,2026-08-17T06:42:24+00:00,6,0,successful
merchant_freshbite,1633.11,INR,payment,netbanking,customer_5803,travel,2026-08-25T14:22:42+00:00,14,1,successful
merchant_techhive,1911.16,INR,expense,netbanking,customer_8396,groceries,2026-08-21T16:12:15+00:00,16,4,successful
merchant_bluewave,2496.79,EUR,payment,netbanking,customer_8058,marketing,2026-08-09T16:36:03+00:00,16,6,successful
merchant_greenleaf,1078.24,EUR,payment,upi,customer_9869,office_supplies,2026-08-14T07:58:24+00:00,7,4,successful
merchant_swiftgear,2392.98,INR,payment,wallet,customer_6619,utilities,2026-08-02T20:11:09+00:00,20,6,successful
merchant_urbancart,1834.94,INR,payment,netbanking,customer_6229,utilities,2026-08-15T18:10:21+00:00,18,5,successful
merchant_swiftgear,2359.32,EUR,payment,netbanking,customer_9332,marketing,2026-07-29T22:54:49+00:00,22,2,successful
merchant_bluewave,988.31,INR,payment,upi,customer_4914,electronics,2026-08-02T14:20:33+00:00,14,6,successful
merchant_bluewave,876.2,USD,payment,bank_transfer,customer_4336,office_supplies,2026-08-08T21:15:40+00:00,21,5,successful
merchant_greenleaf,2132.32,USD,refund,card,customer_6971,software_subscription,2026-08-13T02:53:09+00:00,2,3,successful
merchant_daily_grind_cafe,1683.18,EUR,payment,wallet,customer_9945,food_delivery,2026-08-17T07:01:04+00:00,7,0,successful
merchant_greenleaf,2120.9,USD,payment,card,customer_5335,marketing,2026-07-29T13:14:43+00:00,13,2,successful
merchant_bluewave,1511.52,EUR,expense,wallet,customer_7091,office_supplies,2026-08-15T01:24:51+00:00,1,5,successful
merchant_daily_grind_cafe,57.65,INR,chargeback,wallet,customer_2896,utilities,2026-08-20T17:28:36+00:00,17,3,successful
merchant_greenleaf,1210.74,EUR,expense,card,customer_6730,food_delivery,2026-08-11T06:34:37+00:00,6,1,successful
merchant_urbancart,2054.71,EUR,chargeback,card,customer_3977,electronics,2026-07-28T04:22:07+00:00,4,1,pending
merchant_greenleaf,956.59,EUR,payment,card,customer_9513,food_delivery,2026-08-06T15:53:10+00:00,15,3,failed
merchant_greenleaf,712.57,INR,payment,upi,customer_7204,electronics,2026-08-21T20:09:33+00:00,20,4,successful
merchant_pixel_studio,789.72,USD,payment,bank_transfer,customer_6623,travel,2026-08-18T05:43:13+00:00,5,1,successful
merchant_greenleaf,873.45,USD,payment,netbanking,customer_4730,software_subscription,2026-08-10T10:25:30+00:00,10,0,successful
merchant_urbancart,142.39,INR,payment,bank_transfer,customer_3686,utilities,2026-08-13T07:10:44+00:00,7,3,successful
merchant_techhive,2361.06,USD,payment,wallet,customer_8956,groceries,2026-08-23T01:38:42+00:00,1,6,successful
merchant_daily_grind_cafe,993.64,USD,payment,upi,customer_5160,office_supplies,2026-08-16T17:00:43+00:00,17,6,successful
merchant_techhive,2344.94,USD,refund,card,customer_5868,marketing,2026-08-18T05:14:15+00:00,5,1,successful
merchant_daily_grind_cafe,1396.08,USD,expense,card,customer_6676,marketing,2026-07-27T00:19:18+00:00,0,0,successful
merchant_greenleaf,393.34,INR,refund,netbanking,customer_5403,marketing,2026-08-04T16:22:16+00:00,16,1,successful
merchant_daily_grind_cafe,1443.0,INR,payment,card,customer_4932,office_supplies,2026-08-24T02:51:33+00:00,2,0,successful
merchant_urbancart,813.9,INR,payment,card,customer_9168,groceries,2026-08-04T21:44:31+00:00,21,1,successful
merchant_techhive,1803.27,INR,chargeback,upi,customer_3781,marketing,2026-08-06T20:54:17+00:00,20,3,successful
merchant_bluewave,26.88,EUR,payment,bank_transfer,customer_6574,travel,2026-08-08T01:21:39+00:00,1,5,successful
merchant_techhive,873.97,USD,refund,upi,customer_4804,food_delivery,2026-07-27T18:41:33+00:00,18,0,successful
merchant_daily_grind_cafe,1060.32,USD,refund,netbanking,customer_1305,office_supplies,2026-08-13T17:49:28+00:00,17,3,failed
merchant_techhive,836.97,INR,payment,upi,customer_9101,office_supplies,2026-08-16T10:24:04+00:00,10,6,successful
merchant_techhive,430.92,EUR,payment,card,customer_4340,travel,2026-08-06T16:07:46+00:00,16,3,successful
merchant_bluewave,206.98,INR,payment,card,customer_1374,office_supplies,2026-08-06T18:50:21+00:00,18,3,successful
merchant_pixel_studio,2285.03,USD,payment,card,customer_8883,utilities,2026-08-21T19:02:15+00:00,19,4,successful
merchant_swiftgear,2231.26,EUR,refund,netbanking,customer_4473,food_delivery,2026-08-15T05:56:18+00:00,5,5,successful
merchant_freshbite,2174.04,USD,payment,upi,customer_8973,food_delivery,2026-08-21T20:58:35+00:00,20,4,successful
merchant_pixel_studio,1809.86,EUR,refund,netbanking,customer_7733,travel,2026-08-24T14:41:07+00:00,14,0,successful
merchant_pixel_studio,2404.62,USD,payment,wallet,customer_9023,office_supplies,2026-08-14T06:06:41+00:00,6,4,failed
merchant_urbancart,2283.91,EUR,payment,card,customer_7913,office_supplies,2026-08-12T19:38:49+00:00,19,2,failed
merchant_pixel_studio,2138.96,INR,payment,netbanking,customer_5105,software_subscription,2026-08-06T03:28:09+00:00,3,3,pending
merchant_greenleaf,112.63,INR,expense,upi,customer_8915,electronics,2026-08-04T16:36:59+00:00,16,1,pending
merchant_daily_grind_cafe,1510.53,USD,payment,card,customer_2974,utilities,2026-08-10T09:06:00+00:00,9,0,successful
merchant_freshbite,2243.63,INR,payment,wallet,customer_9908,food_delivery,2026-08-09T07:35:22+00:00,7,6,successful
merchant_freshbite,465.58,USD,payment,card,customer_9720,software_subscription,2026-08-15T15:09:09+00:00,15,5,successful
merchant_bluewave,770.82,INR,payment,bank_transfer,customer_9386,groceries,2026-08-26T19:30:06+00:00,19,2,successful
merchant_pixel_studio,799.3,USD,refund,netbanking,customer_7164,travel,2026-08-25T22:24:58+00:00,22,1,pending
merchant_bluewave,1422.82,INR,payment,upi,customer_8623,travel,2026-08-18T22:16:47+00:00,22,1,successful
merchant_pixel_studio,1760.05,USD,payment,netbanking,customer_6869,office_supplies,2026-08-18T13:17:51+00:00,13,1,failed
merchant_freshbite,95.13,EUR,payment,upi,customer_6199,utilities,2026-08-15T11:06:05+00:00,11,5,successful
merchant_urbancart,344.83,USD,payment,netbanking,customer_3310,travel,2026-08-23T12:14:42+00:00,12,6,successful
merchant_freshbite,1392.95,INR,payment,upi,customer_6157,marketing,2026-08-20T23:06:32+00:00,23,3,pending
merchant_freshbite,286.52,INR,payment,upi,customer_3656,software_subscription,2026-08-17T02:55:02+00:00,2,0,successful
merchant_techhive,1813.05,INR,payment,card,customer_8415,groceries,2026-08-01T16:19:39+00:00,16,5,successful
merchant_urbancart,855.41,EUR,refund,wallet,customer_8643,utilities,2026-08-24T03:20:37+00:00,3,0,successful
merchant_urbancart,2260.45,EUR,payment,card,customer_8261,office_supplies,2026-08-16T08:24:23+00:00,8,6,successful
merchant_freshbite,2199.97,INR,refund,wallet,customer_5679,travel,2026-08-22T03:13:42+00:00,3,5,failed
merchant_swiftgear,831.76,USD,expense,card,customer_9831,office_supplies,2026-07-29T14:01:56+00:00,14,2,successful
merchant_bluewave,1485.68,INR,refund,wallet,customer_6560,utilities,2026-08-25T11:41:09+00:00,11,1,successful
merchant_pixel_studio,315.33,USD,payment,netbanking,customer_6049,utilities,2026-08-21T23:37:38+00:00,23,4,pending
merchant_techhive,2465.94,USD,payment,upi,customer_3824,groceries,2026-08-24T11:08:52+00:00,11,0,successful
merchant_greenleaf,2079.67,INR,payment,upi,customer_3861,marketing,2026-08-04T03:12:25+00:00,3,1,successful
merchant_greenleaf,329.75,USD,payment,wallet,customer_7673,food_delivery,2026-08-19T02:50:52+00:00,2,2,successful
merchant_swiftgear,2146.0,INR,payment,card,customer_1492,groceries,2026-08-14T10:41:49+00:00,10,4,successful
merchant_swiftgear,1320.75,USD,payment,bank_transfer,customer_9599,electronics,2026-07-30T21:46:46+00:00,21,3,successful
merchant_swiftgear,557.74,USD,refund,upi,customer_1402,software_subscription,2026-08-07T14:10:17+00:00,14,4,failed
merchant_techhive,2071.41,INR,payment,netbanking,customer_1363,software_subscription,2026-08-11T09:46:28+00:00,9,1,successful
merchant_bluewave,1128.0,INR,payment,bank_transfer,customer_7907,food_delivery,2026-08-04T07:20:36+00:00,7,1,pending
merchant_pixel_studio,2092.02,USD,payment,upi,customer_1785,office_supplies,2026-08-25T07:15:53+00:00,7,1,successful
merchant_bluewave,414.42,USD,payment,bank_transfer,customer_3759,electronics,2026-08-24T18:04:28+00:00,18,0,successful
merchant_techhive,1722.41,USD,payment,netbanking,customer_6330,electronics,2026-08-08T05:06:42+00:00,5,5,successful
merchant_daily_grind_cafe,2490.79,USD,refund,upi,customer_9983,electronics,2026-08-23T02:52:13+00:00,2,6,successful
merchant_techhive,1705.85,USD,payment,upi,customer_9378,software_subscription,2026-08-05T08:13:35+00:00,8,2,successful
merchant_techhive,2247.3,INR,payment,wallet,customer_9677,electronics,2026-08-05T17:29:21+00:00,17,2,failed
merchant_bluewave,1271.19,INR,payment,upi,customer_4692,travel,2026-08-22T17:45:18+00:00,17,5,successful
merchant_pixel_studio,1622.7,USD,payment,netbanking,customer_6661,office_supplies,2026-07-29T07:58:40+00:00,7,2,successful
merchant_bluewave,165.91,INR,payment,card,customer_6161,office_supplies,2026-08-20T12:15:51+00:00,12,3,successful
merchant_freshbite,652.88,EUR,payment,netbanking,customer_6847,utilities,2026-08-16T14:24:51+00:00,14,6,successful
merchant_pixel_studio,1371.02,INR,refund,card,customer_4805,utilities,2026-07-30T10:06:38+00:00,10,3,successful
merchant_greenleaf,298.59,EUR,payment,netbanking,customer_9377,office_supplies,2026-08-12T03:09:07+00:00,3,2,successful
merchant_urbancart,2159.39,USD,refund,upi,customer_2748,office_supplies,2026-08-25T17:47:00+00:00,17,1,successful
merchant_swiftgear,84.25,EUR,payment,bank_transfer,customer_8465,software_subscription,2026-08-23T03:22:10+00:00,3,6,successful
merchant_greenleaf,1287.71,USD,payment,upi,customer_4172,groceries,2026-08-01T17:39:26+00:00,17,5,successful
merchant_urbancart,727.98,INR,payment,wallet,customer_9471,food_delivery,2026-08-11T23:19:56+00:00,23,1,failed
merchant_greenleaf,920.96,EUR,refund,bank_transfer,customer_8733,electronics,2026-08-12T19:34:48+00:00,19,2,successful
merchant_daily_grind_cafe,1335.94,INR,chargeback,netbanking,customer_4076,travel,2026-08-09T05:58:39+00:00,5,6,successful
merchant_daily_grind_cafe,2362.86,USD,refund,wallet,customer_3863,marketing,2026-08-04T03:05:44+00:00,3,1,successful
merchant_techhive,927.78,USD,expense,upi,customer_8714,utilities,2026-08-21T17:37:11+00:00,17,4,successful
merchant_bluewave,879.75,EUR,refund,wallet,customer_1591,marketing,2026-07-30T10:59:54+00:00,10,3,pending
merchant_techhive,1124.45,INR,payment,wallet,customer_6682,electronics,2026-08-23T15:58:45+00:00,15,6,pending
merchant_freshbite,2451.82,USD,refund,netbanking,customer_4212,food_delivery,2026-08-11T18:20:58+00:00,18,1,successful
merchant_daily_grind_cafe,2053.7,INR,payment,bank_transfer,customer_5973,software_subscription,2026-08-19T00:00:10+00:00,0,2,failed
merchant_freshbite,1997.79,INR,expense,card,customer_7692,travel,2026-08-17T01:48:37+00:00,1,0,successful
merchant_swiftgear,461.65,EUR,refund,bank_transfer,customer_5018,food_delivery,2026-08-03T17:30:39+00:00,17,0,successful
merchant_pixel_studio,942.47,INR,payment,wallet,customer_2177,software_subscription,2026-08-10T12:17:01+00:00,12,0,pending
merchant_bluewave,789.04,USD,payment,wallet,customer_2188,food_delivery,2026-08-16T22:11:28+00:00,22,6,successful
merchant_pixel_studio,2224.8,EUR,payment,upi,customer_9655,office_supplies,2026-07-29T17:52:02+00:00,17,2,successful
merchant_urbancart,412.26,INR,payment,upi,customer_8345,travel,2026-08-13T20:15:01+00:00,20,3,successful
merchant_pixel_studio,120.83,USD,expense,upi,customer_1535,software_subscription,2026-08-11T05:04:24+00:00,5,1,successful
merchant_techhive,2169.28,INR,payment,netbanking,customer_3281,food_delivery,2026-08-05T21:41:40+00:00,21,2,successful
merchant_swiftgear,990.89,EUR,payment,wallet,customer_9419,utilities,2026-08-06T18:03:34+00:00,18,3,successful
merchant_urbancart,73.84,INR,refund,bank_transfer,customer_9397,groceries,2026-08-15T05:41:53+00:00,5,5,successful
merchant_bluewave,1263.95,INR,payment,wallet,customer_9527,groceries,2026-08-10T17:20:57+00:00,17,0,successful
merchant_techhive,1347.87,INR,payment,wallet,customer_8293,food_delivery,2026-08-08T11:00:37+00:00,11,5,successful
merchant_techhive,1060.07,USD,payment,wallet,customer_4478,office_supplies,2026-07-29T13:20:38+00:00,13,2,successful
merchant_daily_grind_cafe,1568.68,USD,payment,netbanking,customer_8906,office_supplies,2026-08-01T02:39:45+00:00,2,5,pending
merchant_daily_grind_cafe,1085.8,USD,payment,wallet,customer_2827,marketing,2026-08-10T04:16:32+00:00,4,0,successful
merchant_urbancart,2110.29,EUR,payment,netbanking,customer_5887,marketing,2026-08-01T05:45:03+00:00,5,5,successful
merchant_swiftgear,2279.85,INR,payment,bank_transfer,customer_1898,travel,2026-08-18T08:45:27+00:00,8,1,successful
merchant_pixel_studio,453.3,EUR,payment,wallet,customer_6106,marketing,2026-08-23T16:41:45+00:00,16,6,successful
merchant_freshbite,1714.53,EUR,expense,card,customer_9498,electronics,2026-08-24T16:43:11+00:00,16,0,successful
merchant_techhive,713.37,INR,refund,bank_transfer,customer_3482,software_subscription,2026-07-27T15:30:52+00:00,15,0,successful
merchant_freshbite,480.03,EUR,expense,netbanking,customer_2876,travel,2026-07-28T06:57:23+00:00,6,1,successful
merchant_bluewave,1417.33,EUR,payment,upi,customer_9034,food_delivery,2026-07-29T06:14:34+00:00,6,2,successful
merchant_swiftgear,2461.39,EUR,payment,bank_transfer,customer_5167,travel,2026-08-22T07:59:02+00:00,7,5,successful
merchant_swiftgear,1009.54,INR,payment,bank_transfer,customer_8032,marketing,2026-08-15T08:18:15+00:00,8,5,failed
merchant_urbancart,706.2,EUR,refund,upi,customer_8922,office_supplies,2026-08-04T12:10:06+00:00,12,1,successful
merchant_pixel_studio,842.11,INR,refund,wallet,customer_7760,software_subscription,2026-08-01T16:30:40+00:00,16,5,successful
merchant_swiftgear,1940.06,INR,payment,card,customer_3358,office_supplies,2026-07-28T22:17:34+00:00,22,1,successful
merchant_pixel_studio,2224.68,EUR,payment,netbanking,customer_4427,marketing,2026-08-11T15:14:32+00:00,15,1,successful
merchant_greenleaf,1067.38,INR,payment,wallet,customer_6378,travel,2026-08-07T12:21:50+00:00,12,4,successful
merchant_techhive,839.23,EUR,payment,wallet,customer_2633,electronics,2026-08-18T18:12:27+00:00,18,1,successful
merchant_swiftgear,740.28,EUR,payment,upi,customer_3516,travel,2026-08-23T03:51:35+00:00,3,6,pending
merchant_techhive,1096.15,EUR,payment,upi,customer_4336,travel,2026-08-10T14:21:26+00:00,14,0,successful
merchant_greenleaf,766.52,USD,expense,upi,customer_5129,office_supplies,2026-08-22T14:01:21+00:00,14,5,successful
merchant_swiftgear,978.66,INR,payment,netbanking,customer_3374,marketing,2026-08-07T13:09:48+00:00,13,4,successful
merchant_greenleaf,15.9,INR,refund,card,customer_4358,food_delivery,2026-08-20T19:59:50+00:00,19,3,successful
merchant_greenleaf,1515.67,USD,payment,card,customer_1854,utilities,2026-08-22T04:08:24+00:00,4,5,successful
merchant_daily_grind_cafe,28.44,EUR,payment,card,customer_5910,software_subscription,2026-08-01T11:20:18+00:00,11,5,successful
merchant_techhive,1197.59,USD,payment,card,customer_8644,software_subscription,2026-08-23T06:01:51+00:00,6,6,successful
merchant_urbancart,917.97,EUR,payment,card,customer_6034,travel,2026-07-29T01:35:07+00:00,1,2,failed
merchant_urbancart,1005.06,INR,payment,bank_transfer,customer_2956,groceries,2026-08-15T22:14:56+00:00,22,5,pending
merchant_bluewave,1248.61,EUR,payment,upi,customer_2013,electronics,2026-08-13T09:54:45+00:00,9,3,successful
merchant_freshbite,1188.36,EUR,refund,wallet,customer_1562,electronics,2026-08-09T21:33:00+00:00,21,6,successful
merchant_daily_grind_cafe,1751.58,INR,payment,card,customer_9196,utilities,2026-08-10T06:31:29+00:00,6,0,successful
merchant_daily_grind_cafe,33.2,INR,payment,upi,customer_9501,office_supplies,2026-07-29T17:00:02+00:00,17,2,successful
merchant_greenleaf,2077.82,INR,chargeback,card,customer_5887,utilities,2026-08-17T14:49:50+00:00,14,0,successful
merchant_greenleaf,1560.98,USD,payment,wallet,customer_5656,office_supplies,2026-08-02T17:34:00+00:00,17,6,pending
merchant_pixel_studio,1886.18,USD,payment,upi,customer_2307,food_delivery,2026-08-22T01:32:41+00:00,1,5,successful
merchant_greenleaf,1786.7,USD,payment,netbanking,customer_6428,food_delivery,2026-08-06T07:03:26+00:00,7,3,successful
merchant_techhive,2380.67,EUR,payment,netbanking,customer_4687,software_subscription,2026-08-14T03:42:10+00:00,3,4,pending
merchant_daily_grind_cafe,2287.91,USD,payment,netbanking,customer_7507,utilities,2026-08-15T10:39:50+00:00,10,5,failed
merchant_freshbite,588.62,USD,payment,bank_transfer,customer_3331,software_subscription,2026-08-24T17:14:36+00:00,17,0,successful
merchant_daily_grind_cafe,291.8,INR,payment,bank_transfer,customer_4902,electronics,2026-08-14T17:44:02+00:00,17,4,successful
merchant_daily_grind_cafe,1502.97,USD,payment,upi,customer_5148,travel,2026-08-04T16:33:16+00:00,16,1,pending
merchant_techhive,644.93,INR,payment,upi,customer_9607,marketing,2026-07-30T01:59:57+00:00,1,3,successful
merchant_freshbite,1720.79,INR,refund,netbanking,customer_3065,travel,2026-08-19T06:16:31+00:00,6,2,successful
merchant_pixel_studio,292.71,USD,payment,bank_transfer,customer_9420,utilities,2026-08-24T06:32:18+00:00,6,0,successful
merchant_swiftgear,597.83,EUR,expense,wallet,customer_8945,office_supplies,2026-08-03T03:49:56+00:00,3,0,successful
merchant_bluewave,2080.75,USD,payment,card,customer_5496,travel,2026-08-10T12:50:15+00:00,12,0,successful
merchant_swiftgear,1254.33,INR,expense,netbanking,customer_9944,marketing,2026-08-26T03:38:06+00:00,3,2,failed
merchant_urbancart,340.17,USD,payment,upi,customer_9260,groceries,2026-07-31T00:11:11+00:00,0,4,successful
merchant_urbancart,2289.2,EUR,payment,bank_transfer,customer_9649,office_supplies,2026-08-17T04:49:41+00:00,4,0,successful
merchant_swiftgear,1834.32,EUR,payment,bank_transfer,customer_6911,marketing,2026-08-15T12:39:54+00:00,12,5,successful
merchant_techhive,1688.15,INR,refund,card,customer_7617,office_supplies,2026-08-05T21:29:50+00:00,21,2,successful
merchant_pixel_studio,1525.19,USD,refund,netbanking,customer_1012,software_subscription,2026-08-24T00:26:13+00:00,0,0,failed
merchant_daily_grind_cafe,1098.28,EUR,payment,wallet,customer_3205,food_delivery,2026-08-22T20:30:19+00:00,20,5,failed
merchant_urbancart,365.56,EUR,refund,netbanking,customer_8883,travel,2026-08-05T15:06:24+00:00,15,2,successful
merchant_swiftgear,1319.96,EUR,payment,netbanking,customer_1116,software_subscription,2026-08-18T05:43:27+00:00,5,1,failed
merchant_techhive,2188.65,INR,chargeback,netbanking,customer_8259,utilities,2026-08-19T09:40:06+00:00,9,2,successful
merchant_pixel_studio,421.69,EUR,payment,upi,customer_7454,electronics,2026-07-30T22:15:49+00:00,22,3,successful
merchant_freshbite,2255.67,USD,payment,wallet,customer_4448,office_supplies,2026-08-10T14:45:15+00:00,14,0,successful
merchant_urbancart,1693.1,EUR,expense,card,customer_6376,office_supplies,2026-08-13T15:55:48+00:00,15,3,successful
merchant_daily_grind_cafe,1594.29,USD,refund,netbanking,customer_5066,office_supplies,2026-08-20T01:22:07+00:00,1,3,pending
merchant_techhive,2075.16,EUR,refund,upi,customer_7238,food_delivery,2026-08-23T07:05:24+00:00,7,6,failed
merchant_pixel_studio,1676.67,USD,payment,bank_transfer,customer_1552,marketing,2026-08-13T17:54:35+00:00,17,3,failed
merchant_daily_grind_cafe,187.48,USD,payment,upi,customer_7374,groceries,2026-07-28T15:36:34+00:00,15,1,pending
merchant_pixel_studio,1086.61,EUR,payment,bank_transfer,customer_2083,groceries,2026-07-28T14:49:52+00:00,14,1,failed
merchant_pixel_studio,50.3,USD,expense,wallet,customer_4352,travel,2026-08-02T02:06:57+00:00,2,6,successful
merchant_daily_grind_cafe,1351.98,USD,expense,upi,customer_8360,electronics,2026-08-05T07:41:23+00:00,7,2,successful
merchant_pixel_studio,909.87,USD,payment,bank_transfer,customer_3827,marketing,2026-08-02T03:28:31+00:00,3,6,successful
merchant_freshbite,1836.91,EUR,payment,bank_transfer,customer_3251,utilities,2026-08-16T13:53:55+00:00,13,6,successful
merchant_urbancart,1209.73,USD,refund,upi,customer_8456,groceries,2026-08-20T15:10:53+00:00,15,3,pending
merchant_greenleaf,1247.92,EUR,expense,bank_transfer,customer_8169,electronics,2026-08-24T14:03:26+00:00,14,0,successful
merchant_freshbite,1970.08,EUR,payment,netbanking,customer_9482,travel,2026-08-14T00:08:05+00:00,0,4,failed
merchant_greenleaf,275.1,INR,refund,card,customer_3585,groceries,2026-08-18T10:11:49+00:00,10,1,successful
merchant_techhive,358.1,INR,chargeback,wallet,customer_2325,travel,2026-07-31T19:23:36+00:00,19,4,pending
merchant_bluewave,242.52,INR,payment,bank_transfer,customer_6386,marketing,2026-08-19T07:05:22+00:00,7,2,successful
merchant_daily_grind_cafe,430.03,EUR,chargeback,netbanking,customer_3220,utilities,2026-08-02T10:28:02+00:00,10,6,pending
merchant_greenleaf,1911.65,EUR,payment,card,customer_8865,electronics,2026-08-11T02:21:03+00:00,2,1,successful
merchant_swiftgear,1576.87,USD,payment,netbanking,customer_2994,software_subscription,2026-08-22T14:49:14+00:00,14,5,successful
merchant_swiftgear,387.78,USD,payment,bank_transfer,customer_2234,office_supplies,2026-08-14T14:57:52+00:00,14,4,successful
merchant_daily_grind_cafe,718.54,USD,expense,wallet,customer_5052,software_subscription,2026-08-12T17:39:51+00:00,17,2,successful
merchant_greenleaf,1069.85,INR,payment,netbanking,customer_7926,electronics,2026-08-06T20:02:07+00:00,20,3,successful
merchant_freshbite,2397.07,USD,expense,bank_transfer,customer_6522,travel,2026-08-20T12:20:03+00:00,12,3,successful
merchant_daily_grind_cafe,1704.35,INR,payment,wallet,customer_9314,utilities,2026-08-18T13:43:26+00:00,13,1,successful
merchant_daily_grind_cafe,166.69,INR,refund,bank_transfer,customer_1546,travel,2026-08-10T16:32:19+00:00,16,0,successful
merchant_pixel_studio,1486.94,INR,payment,netbanking,customer_6116,groceries,2026-08-20T20:46:53+00:00,20,3,successful
merchant_urbancart,1975.11,EUR,refund,card,customer_5623,utilities,2026-08-08T14:04:44+00:00,14,5,successful
merchant_freshbite,1769.63,USD,refund,upi,customer_7927,office_supplies,2026-08-18T07:41:48+00:00,7,1,successful
merchant_swiftgear,881.06,USD,payment,card,customer_2040,office_supplies,2026-08-25T11:04:09+00:00,11,1,successful
merchant_greenleaf,331.41,EUR,expense,netbanking,customer_4784,utilities,2026-08-17T01:57:14+00:00,1,0,pending
merchant_techhive,348.2,INR,chargeback,wallet,customer_6095,marketing,2026-07-29T03:37:32+00:00,3,2,successful
merchant_swiftgear,452.72,USD,refund,wallet,customer_9902,office_supplies,2026-08-06T21:50:24+00:00,21,3,successful
merchant_techhive,1218.92,USD,payment,bank_transfer,customer_4223,utilities,2026-07-30T11:58:29+00:00,11,3,pending
merchant_pixel_studio,2000.12,EUR,payment,netbanking,customer_5513,food_delivery,2026-08-11T03:53:19+00:00,3,1,successful
merchant_swiftgear,1758.64,INR,expense,bank_transfer,customer_5365,software_subscription,2026-08-03T02:41:41+00:00,2,0,successful
merchant_daily_grind_cafe,1295.61,INR,payment,netbanking,customer_5774,travel,2026-08-05T07:14:26+00:00,7,2,successful
merchant_bluewave,8.64,EUR,chargeback,upi,customer_4722,food_delivery,2026-08-13T14:14:33+00:00,14,3,successful
merchant_swiftgear,2250.95,EUR,payment,wallet,customer_6494,marketing,2026-07-31T00:29:06+00:00,0,4,failed
merchant_bluewave,949.63,EUR,chargeback,netbanking,customer_2077,groceries,2026-08-04T19:32:22+00:00,19,1,successful
merchant_techhive,1250.2,USD,payment,card,customer_2986,utilities,2026-08-04T03:13:26+00:00,3,1,successful
merchant_daily_grind_cafe,190.53,EUR,payment,bank_transfer,customer_7672,software_subscription,2026-08-17T18:38:14+00:00,18,0,successful
merchant_freshbite,1915.28,INR,payment,upi,customer_7752,groceries,2026-08-01T03:32:13+00:00,3,5,successful
merchant_freshbite,2152.72,EUR,refund,netbanking,customer_2933,electronics,2026-08-05T23:04:41+00:00,23,2,successful
merchant_techhive,2404.08,USD,payment,upi,customer_7564,office_supplies,2026-08-04T13:03:47+00:00,13,1,successful
merchant_techhive,2020.99,USD,payment,bank_transfer,customer_5070,utilities,2026-08-05T13:53:35+00:00,13,2,successful
merchant_pixel_studio,1319.85,INR,payment,bank_transfer,customer_3016,office_supplies,2026-08-02T07:58:04+00:00,7,6,failed
merchant_freshbite,180.14,EUR,payment,card,customer_1099,software_subscription,2026-07-29T15:29:13+00:00,15,2,successful
merchant_daily_grind_cafe,2410.67,EUR,payment,card,customer_5409,electronics,2026-08-12T13:31:26+00:00,13,2,failed
merchant_swiftgear,2345.81,USD,payment,card,customer_9094,groceries,2026-08-05T11:05:53+00:00,11,2,successful
merchant_freshbite,224.0,INR,expense,upi,customer_5630,groceries,2026-08-07T07:16:37+00:00,7,4,successful
merchant_urbancart,1162.06,INR,refund,wallet,customer_8550,groceries,2026-08-19T22:54:10+00:00,22,2,successful
merchant_swiftgear,723.06,USD,payment,wallet,customer_7207,office_supplies,2026-07-31T05:15:16+00:00,5,4,failed
merchant_swiftgear,2101.38,EUR,payment,bank_transfer,customer_2820,software_subscription,2026-08-17T03:32:17+00:00,3,0,failed
merchant_freshbite,997.85,EUR,payment,netbanking,customer_1406,travel,2026-08-01T22:07:30+00:00,22,5,successful
merchant_pixel_studio,2187.34,EUR,expense,wallet,customer_2354,food_delivery,2026-08-06T22:11:55+00:00,22,3,pending
merchant_swiftgear,1073.08,EUR,payment,card,customer_9977,food_delivery,2026-07-29T10:46:08+00:00,10,2,pending
merchant_bluewave,412.03,EUR,payment,card,customer_9551,electronics,2026-07-28T22:47:42+00:00,22,1,successful
merchant_freshbite,2258.06,EUR,payment,card,customer_2638,marketing,2026-08-22T17:00:33+00:00,17,5,successful
merchant_greenleaf,373.58,INR,payment,card,customer_2176,marketing,2026-07-29T22:14:27+00:00,22,2,successful
merchant_freshbite,1191.03,EUR,payment,card,customer_9949,electronics,2026-08-21T08:32:15+00:00,8,4,successful
merchant_bluewave,332.04,INR,payment,bank_transfer,customer_2007,groceries,2026-08-07T07:30:12+00:00,7,4,successful
merchant_daily_grind_cafe,491.8,USD,payment,upi,customer_3011,food_delivery,2026-08-10T16:11:09+00:00,16,0,successful
merchant_daily_grind_cafe,939.73,INR,payment,card,customer_5603,groceries,2026-08-10T11:39:27+00:00,11,0,successful
merchant_swiftgear,925.74,INR,chargeback,wallet,customer_9313,marketing,2026-08-18T00:24:44+00:00,0,1,successful
merchant_swiftgear,2432.8,EUR,refund,netbanking,customer_1696,software_subscription,2026-08-07T16:38:33+00:00,16,4,failed
merchant_urbancart,2186.51,EUR,payment,netbanking,customer_2240,marketing,2026-08-02T21:17:09+00:00,21,6,successful
merchant_pixel_studio,785.83,EUR,payment,netbanking,customer_6139,software_subscription,2026-08-19T01:54:35+00:00,1,2,successful
merchant_pixel_studio,2229.33,INR,payment,upi,customer_5841,travel,2026-08-22T15:09:24+00:00,15,5,successful
merchant_daily_grind_cafe,764.31,INR,payment,upi,customer_4370,groceries,2026-08-22T19:13:46+00:00,19,5,successful
merchant_bluewave,132.1,EUR,payment,wallet,customer_2946,office_supplies,2026-07-31T15:01:17+00:00,15,4,successful
merchant_freshbite,1590.74,EUR,payment,card,customer_5468,electronics,2026-08-26T21:56:14+00:00,21,2,successful
merchant_pixel_studio,2406.66,USD,payment,wallet,customer_2874,marketing,2026-08-24T22:07:39+00:00,22,0,successful
merchant_bluewave,137.23,EUR,payment,bank_transfer,customer_9543,software_subscription,2026-07-28T02:15:22+00:00,2,1,successful
merchant_swiftgear,813.58,USD,expense,upi,customer_9996,food_delivery,2026-08-14T02:54:59+00:00,2,4,pending
merchant_freshbite,487.57,EUR,payment,bank_transfer,customer_7095,groceries,2026-07-28T12:07:34+00:00,12,1,successful
merchant_urbancart,1062.59,EUR,expense,wallet,customer_7080,office_supplies,2026-08-04T02:38:50+00:00,2,1,successful
merchant_techhive,1060.37,EUR,payment,netbanking,customer_8272,travel,2026-08-02T09:54:05+00:00,9,6,successful
merchant_pixel_studio,1894.47,USD,payment,card,customer_1285,office_supplies,2026-07-28T11:27:45+00:00,11,1,successful
merchant_bluewave,103.8,EUR,payment,card,customer_6349,groceries,2026-08-04T17:59:19+00:00,17,1,successful
merchant_pixel_studio,1611.58,USD,payment,card,customer_9533,travel,2026-08-01T02:50:16+00:00,2,5,successful
merchant_greenleaf,416.74,INR,payment,netbanking,customer_8287,marketing,2026-08-02T20:40:48+00:00,20,6,pending
merchant_greenleaf,1874.82,USD,expense,card,customer_2415,marketing,2026-08-02T10:35:34+00:00,10,6,successful
merchant_urbancart,2455.1,EUR,expense,bank_transfer,customer_3659,marketing,2026-08-19T15:31:49+00:00,15,2,successful
merchant_pixel_studio,809.74,USD,chargeback,upi,customer_1256,office_supplies,2026-08-17T19:05:54+00:00,19,0,successful
merchant_pixel_studio,170.81,EUR,refund,wallet,customer_5951,office_supplies,2026-08-15T13:00:46+00:00,13,5,successful
merchant_pixel_studio,27.57,INR,payment,netbanking,customer_5030,travel,2026-08-23T18:56:53+00:00,18,6,successful
merchant_daily_grind_cafe,1345.18,EUR,refund,upi,customer_2515,utilities,2026-08-18T05:39:36+00:00,5,1,successful
merchant_techhive,312.46,EUR,payment,upi,customer_5815,travel,2026-08-12T22:07:41+00:00,22,2,successful
merchant_bluewave,1463.13,INR,refund,netbanking,customer_4914,travel,2026-07-30T22:52:18+00:00,22,3,successful
merchant_urbancart,368.89,EUR,expense,netbanking,customer_5186,food_delivery,2026-08-14T04:03:08+00:00,4,4,successful
merchant_freshbite,1770.67,USD,payment,netbanking,customer_6387,electronics,2026-08-10T19:39:57+00:00,19,0,pending
merchant_swiftgear,2305.27,INR,payment,netbanking,customer_3909,travel,2026-08-25T20:25:28+00:00,20,1,failed
merchant_urbancart,2132.74,EUR,refund,card,customer_5061,office_supplies,2026-08-11T01:05:20+00:00,1,1,successful
merchant_pixel_studio,1315.29,INR,payment,bank_transfer,customer_8599,travel,2026-08-22T14:12:11+00:00,14,5,successful
merchant_bluewave,2295.4,EUR,expense,upi,customer_9773,groceries,2026-08-15T07:30:20+00:00,7,5,successful
merchant_urbancart,1621.07,USD,refund,card,customer_9980,office_supplies,2026-08-21T06:26:54+00:00,6,4,successful
merchant_greenleaf,140.15,INR,expense,card,customer_5917,utilities,2026-08-10T02:55:57+00:00,2,0,successful
merchant_greenleaf,1968.03,EUR,payment,netbanking,customer_2296,electronics,2026-08-12T03:57:57+00:00,3,2,successful
merchant_daily_grind_cafe,793.62,EUR,refund,card,customer_9227,electronics,2026-08-21T12:27:53+00:00,12,4,pending
merchant_urbancart,2198.39,EUR,payment,upi,customer_2589,office_supplies,2026-08-11T09:06:53+00:00,9,1,successful
merchant_techhive,1905.96,INR,payment,card,customer_6466,groceries,2026-08-04T06:34:00+00:00,6,1,successful
merchant_bluewave,250.43,USD,expense,bank_transfer,customer_8714,groceries,2026-08-16T17:18:01+00:00,17,6,successful
merchant_greenleaf,1011.94,USD,payment,netbanking,customer_9282,electronics,2026-08-23T03:12:09+00:00,3,6,successful
merchant_urbancart,1874.78,USD,chargeback,upi,customer_1350,marketing,2026-08-06T12:41:26+00:00,12,3,successful
merchant_pixel_studio,1082.33,INR,payment,netbanking,customer_8333,travel,2026-08-09T15:25:01+00:00,15,6,successful
merchant_daily_grind_cafe,802.85,EUR,payment,wallet,customer_5779,groceries,2026-08-19T12:25:36+00:00,12,2,failed
merchant_pixel_studio,1446.65,USD,payment,card,customer_8277,marketing,2026-07-29T10:01:11+00:00,10,2,successful
merchant_techhive,377.62,EUR,refund,bank_transfer,customer_7251,food_delivery,2026-08-06T16:12:11+00:00,16,3,successful
merchant_swiftgear,2484.82,USD,payment,bank_transfer,customer_1256,electronics,2026-08-12T18:52:14+00:00,18,2,successful
merchant_swiftgear,1075.46,EUR,payment,netbanking,customer_1732,travel,2026-08-08T08:11:44+00:00,8,5,successful
merchant_greenleaf,127.57,EUR,payment,upi,customer_2230,utilities,2026-08-22T05:04:42+00:00,5,5,successful
merchant_freshbite,371.05,INR,refund,card,customer_7371,software_subscription,2026-07-29T22:53:09+00:00,22,2,successful
merchant_greenleaf,1973.5,USD,payment,wallet,customer_9907,office_supplies,2026-08-09T23:59:29+00:00,23,6,successful
merchant_pixel_studio,1900.3,EUR,expense,netbanking,customer_5301,groceries,2026-08-04T13:32:41+00:00,13,1,successful
merchant_pixel_studio,1002.99,USD,payment,bank_transfer,customer_2943,travel,2026-08-20T20:12:10+00:00,20,3,successful
merchant_techhive,1033.8,EUR,payment,netbanking,customer_6875,electronics,2026-08-23T06:12:48+00:00,6,6,successful
merchant_greenleaf,1204.08,USD,payment,upi,customer_8392,software_subscription,2026-08-17T16:28:02+00:00,16,0,successful
merchant_bluewave,1156.87,EUR,payment,netbanking,customer_3506,software_subscription,2026-08-20T21:00:19+00:00,21,3,successful
merchant_freshbite,222.48,EUR,payment,card,customer_9706,groceries,2026-08-02T09:23:02+00:00,9,6,successful
merchant_urbancart,757.75,USD,payment,card,customer_9977,electronics,2026-08-20T12:16:40+00:00,12,3,successful
merchant_techhive,1548.76,USD,payment,bank_transfer,customer_5217,office_supplies,2026-08-13T09:16:36+00:00,9,3,successful
merchant_greenleaf,1672.32,USD,payment,card,customer_5423,food_delivery,2026-08-03T23:44:57+00:00,23,0,successful
merchant_pixel_studio,974.99,USD,refund,wallet,customer_9875,groceries,2026-08-26T18:22:33+00:00,18,2,successful
merchant_greenleaf,148.7,EUR,payment,wallet,customer_6145,utilities,2026-08-07T00:13:42+00:00,0,4,pending
merchant_freshbite,1961.45,EUR,payment,bank_transfer,customer_8637,travel,2026-08-18T17:50:55+00:00,17,1,successful
merchant_techhive,1133.9,INR,payment,wallet,customer_7551,utilities,2026-08-22T20:32:30+00:00,20,5,successful
merchant_techhive,871.83,EUR,payment,upi,customer_9910,software_subscription,2026-08-15T06:44:31+00:00,6,5,successful
merchant_bluewave,1142.21,USD,payment,netbanking,customer_6148,marketing,2026-07-29T10:15:51+00:00,10,2,failed
merchant_urbancart,1589.43,USD,refund,upi,customer_6377,utilities,2026-08-23T23:24:51+00:00,23,6,failed
merchant_bluewave,1232.53,INR,payment,netbanking,customer_9820,marketing,2026-08-02T04:12:49+00:00,4,6,successful
merchant_greenleaf,2402.16,USD,payment,upi,customer_7915,utilities,2026-08-16T20:35:35+00:00,20,6,successful
merchant_urbancart,2013.6,INR,payment,upi,customer_3830,electronics,2026-08-13T20:22:38+00:00,20,3,successful
merchant_techhive,1997.79,EUR,refund,bank_transfer,customer_7777,software_subscription,2026-07-28T22:29:49+00:00,22,1,successful
merchant_freshbite,764.37,EUR,refund,card,customer_9338,electronics,2026-08-19T13:14:24+00:00,13,2,successful
merchant_techhive,1929.16,EUR,refund,card,customer_2073,utilities,2026-08-24T16:50:25+00:00,16,0,successful
merchant_freshbite,1903.93,EUR,refund,card,customer_4445,office_supplies,2026-08-18T21:32:20+00:00,21,1,successful
merchant_swiftgear,2465.72,USD,payment,upi,customer_9106,travel,2026-08-12T11:12:39+00:00,11,2,successful
merchant_urbancart,2037.47,INR,payment,card,customer_1324,travel,2026-07-31T23:47:51+00:00,23,4,successful
merchant_pixel_studio,1582.13,EUR,payment,wallet,customer_7531,travel,2026-07-27T04:20:08+00:00,4,0,successful
merchant_greenleaf,23.79,USD,payment,card,customer_3486,utilities,2026-08-10T15:37:59+00:00,15,0,successful
merchant_daily_grind_cafe,2291.4,INR,payment,upi,customer_4547,groceries,2026-07-28T06:03:03+00:00,6,1,successful
merchant_greenleaf,691.74,INR,refund,upi,customer_3443,marketing,2026-08-23T13:40:41+00:00,13,6,successful
merchant_techhive,1589.78,EUR,payment,bank_transfer,customer_2617,electronics,2026-08-23T22:29:19+00:00,22,6,successful
merchant_bluewave,359.03,INR,payment,netbanking,customer_3151,electronics,2026-08-22T20:48:10+00:00,20,5,successful
merchant_techhive,1719.61,INR,payment,netbanking,customer_8935,software_subscription,2026-08-04T13:59:30+00:00,13,1,successful
merchant_pixel_studio,1786.41,INR,expense,card,customer_9589,software_subscription,2026-08-01T15:09:09+00:00,15,5,pending
merchant_urbancart,1304.3,EUR,payment,netbanking,customer_8032,software_subscription,2026-08-01T09:28:12+00:00,9,5,successful
merchant_greenleaf,1388.49,USD,payment,upi,customer_2595,electronics,2026-08-22T18:55:50+00:00,18,5,pending
merchant_greenleaf,2368.57,EUR,refund,card,customer_1114,electronics,2026-08-19T18:01:28+00:00,18,2,successful
merchant_urbancart,2075.67,INR,payment,netbanking,customer_9192,marketing,2026-08-04T10:28:13+00:00,10,1,failed
merchant_bluewave,262.73,EUR,payment,netbanking,customer_7999,groceries,2026-08-08T15:59:20+00:00,15,5,successful
merchant_freshbite,838.77,INR,refund,card,customer_1630,software_subscription,2026-08-12T13:44:59+00:00,13,2,successful
merchant_pixel_studio,2229.93,INR,payment,wallet,customer_4246,electronics,2026-08-22T18:12:49+00:00,18,5,successful
merchant_urbancart,651.71,INR,chargeback,wallet,customer_2614,software_subscription,2026-08-16T06:23:05+00:00,6,6,successful
merchant_urbancart,1253.93,INR,chargeback,card,customer_6736,software_subscription,2026-08-15T17:59:24+00:00,17,5,successful
merchant_pixel_studio,2298.79,USD,payment,card,customer_6879,marketing,2026-08-22T05:35:20+00:00,5,5,pending
merchant_freshbite,1217.92,EUR,payment,bank_transfer,customer_3220,electronics,2026-08-08T13:14:24+00:00,13,5,successful
merchant_bluewave,2414.11,INR,payment,card,customer_7776,utilities,2026-08-17T22:13:06+00:00,22,0,successful
merchant_swiftgear,590.01,USD,refund,wallet,customer_8814,utilities,2026-08-09T07:57:32+00:00,7,6,successful
merchant_urbancart,1325.35,EUR,payment,wallet,customer_4655,travel,2026-08-22T01:31:38+00:00,1,5,successful
merchant_bluewave,2031.51,USD,payment,bank_transfer,customer_5266,software_subscription,2026-08-16T10:59:27+00:00,10,6,successful
merchant_freshbite,102.22,INR,payment,card,customer_1756,groceries,2026-08-06T12:40:43+00:00,12,3,successful
merchant_greenleaf,1741.89,INR,payment,upi,customer_7877,software_subscription,2026-08-12T02:46:17+00:00,2,2,successful
merchant_pixel_studio,1677.8,INR,payment,bank_transfer,customer_6333,groceries,2026-08-06T21:01:41+00:00,21,3,successful
merchant_swiftgear,2259.23,USD,chargeback,card,customer_6274,marketing,2026-07-31T11:17:00+00:00,11,4,successful
merchant_techhive,712.89,INR,payment,upi,customer_5849,office_supplies,2026-08-04T04:52:56+00:00,4,1,successful
merchant_techhive,2431.85,INR,payment,netbanking,customer_1502,electronics,2026-08-19T19:45:01+00:00,19,2,successful
merchant_pixel_studio,1114.83,EUR,payment,upi,customer_5251,electronics,2026-08-05T02:41:54+00:00,2,2,successful
merchant_techhive,475.83,EUR,payment,netbanking,customer_1715,food_delivery,2026-08-03T10:22:38+00:00,10,0,successful
merchant_techhive,56.82,EUR,payment,bank_transfer,customer_4366,marketing,2026-08-08T09:12:26+00:00,9,5,successful
merchant_techhive,851.45,INR,refund,netbanking,customer_3219,marketing,2026-07-30T12:29:32+00:00,12,3,pending
merchant_techhive,1990.7,USD,refund,bank_transfer,customer_9645,software_subscription,2026-08-26T07:27:20+00:00,7,2,successful
merchant_greenleaf,1496.42,USD,payment,bank_transfer,customer_1979,utilities,2026-08-04T03:53:47+00:00,3,1,pending
merchant_swiftgear,316.97,EUR,payment,upi,customer_4348,groceries,2026-08-20T19:52:58+00:00,19,3,successful
merchant_daily_grind_cafe,1734.05,INR,payment,bank_transfer,customer_2843,electronics,2026-08-16T15:41:49+00:00,15,6,successful
merchant_daily_grind_cafe,942.17,INR,expense,netbanking,customer_6087,travel,2026-08-01T00:46:21+00:00,0,5,successful
merchant_greenleaf,644.92,EUR,payment,bank_transfer,customer_3969,software_subscription,2026-08-17T07:00:29+00:00,7,0,successful
merchant_freshbite,1426.78,EUR,payment,upi,customer_2790,food_delivery,2026-08-06T00:42:28+00:00,0,3,successful
merchant_bluewave,2354.27,EUR,payment,wallet,customer_2356,utilities,2026-08-12T00:50:50+00:00,0,2,successful
merchant_daily_grind_cafe,1006.23,EUR,payment,wallet,customer_7018,software_subscription,2026-07-30T19:22:34+00:00,19,3,successful
merchant_techhive,114.7,INR,payment,wallet,customer_8380,travel,2026-08-05T12:38:02+00:00,12,2,successful
merchant_greenleaf,1486.82,USD,payment,netbanking,customer_4891,groceries,2026-08-01T20:29:34+00:00,20,5,successful
merchant_daily_grind_cafe,612.37,INR,expense,bank_transfer,customer_4285,software_subscription,2026-08-20T19:18:13+00:00,19,3,successful
merchant_urbancart,586.36,INR,payment,upi,customer_3813,food_delivery,2026-08-05T10:45:42+00:00,10,2,failed
merchant_daily_grind_cafe,1917.48,EUR,payment,upi,customer_8011,office_supplies,2026-08-16T10:07:45+00:00,10,6,successful
merchant_daily_grind_cafe,2437.14,USD,payment,bank_transfer,customer_5166,office_supplies,2026-08-08T15:13:00+00:00,15,5,successful
merchant_urbancart,2281.39,INR,payment,card,customer_2074,travel,2026-08-24T13:08:17+00:00,13,0,successful
merchant_urbancart,1854.73,USD,payment,wallet,customer_2049,groceries,2026-08-20T08:20:01+00:00,8,3,successful
merchant_swiftgear,1511.28,USD,payment,bank_transfer,customer_3425,food_delivery,2026-08-01T22:24:57+00:00,22,5,successful
merchant_urbancart,2185.82,INR,chargeback,bank_transfer,customer_7562,marketing,2026-07-28T02:34:49+00:00,2,1,failed
merchant_techhive,1341.81,EUR,payment,wallet,customer_7047,electronics,2026-08-19T09:25:14+00:00,9,2,pending
merchant_urbancart,87.66,INR,chargeback,upi,customer_5898,electronics,2026-08-21T14:53:28+00:00,14,4,successful
merchant_pixel_studio,1759.24,INR,payment,bank_transfer,customer_9419,software_subscription,2026-08-25T18:47:54+00:00,18,1,successful
merchant_pixel_studio,308.31,INR,refund,upi,customer_3521,software_subscription,2026-08-12T10:51:56+00:00,10,2,successful
merchant_bluewave,231.64,INR,payment,bank_transfer,customer_8099,electronics,2026-07-28T01:13:57+00:00,1,1,successful
merchant_pixel_studio,2137.76,INR,payment,wallet,customer_6962,food_delivery,2026-08-11T15:13:36+00:00,15,1,successful
merchant_pixel_studio,2428.12,INR,payment,card,customer_8123,marketing,2026-07-29T20:22:45+00:00,20,2,successful
merchant_daily_grind_cafe,2143.89,USD,payment,wallet,customer_3474,utilities,2026-08-04T19:17:52+00:00,19,1,successful
merchant_techhive,765.45,EUR,payment,card,customer_7605,food_delivery,2026-08-11T09:33:01+00:00,9,1,successful
merchant_pixel_studio,76.34,USD,payment,card,customer_4666,groceries,2026-08-12T06:02:10+00:00,6,2,successful
merchant_urbancart,2407.39,EUR,payment,wallet,customer_9735,office_supplies,2026-08-14T05:34:50+00:00,5,4,pending
merchant_pixel_studio,686.77,USD,payment,netbanking,customer_5484,office_supplies,2026-08-05T01:14:32+00:00,1,2,successful
merchant_daily_grind_cafe,684.19,EUR,payment,bank_transfer,customer_4221,marketing,2026-08-01T18:22:55+00:00,18,5,successful
merchant_daily_grind_cafe,1570.05,USD,payment,netbanking,customer_5323,food_delivery,2026-08-06T07:27:32+00:00,7,3,successful
merchant_daily_grind_cafe,361.28,EUR,chargeback,wallet,customer_3222,office_supplies,2026-08-12T12:01:45+00:00,12,2,successful
merchant_greenleaf,1542.61,USD,payment,bank_transfer,customer_4911,groceries,2026-08-16T15:55:34+00:00,15,6,successful
merchant_bluewave,2148.54,USD,payment,netbanking,customer_1279,food_delivery,2026-08-04T11:45:48+00:00,11,1,failed
merchant_daily_grind_cafe,2242.86,USD,refund,card,customer_4139,software_subscription,2026-08-19T17:02:27+00:00,17,2,failed
merchant_freshbite,1588.78,EUR,payment,card,customer_1790,marketing,2026-07-31T07:28:13+00:00,7,4,successful
merchant_greenleaf,155.35,EUR,refund,bank_transfer,customer_6557,electronics,2026-08-05T14:34:15+00:00,14,2,successful
merchant_swiftgear,1078.49,INR,payment,wallet,customer_4971,travel,2026-08-06T15:23:20+00:00,15,3,successful
merchant_greenleaf,698.85,USD,payment,bank_transfer,customer_9515,office_supplies,2026-07-27T13:10:49+00:00,13,0,successful
merchant_freshbite,2105.52,INR,refund,bank_transfer,customer_9651,electronics,2026-08-24T05:27:51+00:00,5,0,successful
merchant_freshbite,1268.15,USD,payment,netbanking,customer_4733,travel,2026-08-16T12:00:28+00:00,12,6,successful
merchant_bluewave,410.48,USD,payment,upi,customer_9040,electronics,2026-08-15T17:54:46+00:00,17,5,successful
merchant_greenleaf,568.64,INR,refund,upi,customer_4255,software_subscription,2026-08-19T10:28:07+00:00,10,2,successful
merchant_pixel_studio,431.95,USD,payment,card,customer_5668,marketing,2026-08-22T09:47:25+00:00,9,5,successful
merchant_greenleaf,1500.09,EUR,refund,bank_transfer,customer_6174,travel,2026-08-14T01:58:16+00:00,1,4,successful
merchant_freshbite,241.96,EUR,refund,bank_transfer,customer_8296,electronics,2026-08-10T17:58:15+00:00,17,0,successful
merchant_urbancart,412.19,USD,payment,wallet,customer_1502,software_subscription,2026-08-21T10:34:52+00:00,10,4,successful
merchant_swiftgear,603.98,INR,payment,netbanking,customer_7497,utilities,2026-08-07T04:43:57+00:00,4,4,pending
merchant_urbancart,769.2,EUR,expense,card,customer_5898,travel,2026-08-18T15:45:12+00:00,15,1,successful
merchant_bluewave,742.79,INR,payment,wallet,customer_2693,marketing,2026-08-25T15:12:51+00:00,15,1,successful
merchant_pixel_studio,1499.79,INR,payment,card,customer_7491,utilities,2026-08-15T16:35:24+00:00,16,5,failed
merchant_bluewave,863.78,INR,payment,card,customer_8338,software_subscription,2026-08-17T15:57:59+00:00,15,0,successful
merchant_greenleaf,1113.07,EUR,payment,netbanking,customer_4789,food_delivery,2026-07-28T18:38:05+00:00,18,1,successful
merchant_daily_grind_cafe,1050.2,EUR,payment,upi,customer_5035,food_delivery,2026-07-29T21:46:15+00:00,21,2,successful
merchant_freshbite,1047.55,USD,payment,netbanking,customer_4759,travel,2026-08-06T03:23:14+00:00,3,3,successful
merchant_pixel_studio,1758.37,EUR,payment,card,customer_6524,electronics,2026-07-30T17:33:30+00:00,17,3,successful
merchant_urbancart,2291.4,INR,payment,netbanking,customer_9701,utilities,2026-08-23T15:54:19+00:00,15,6,successful
merchant_swiftgear,2477.51,USD,payment,netbanking,customer_7509,software_subscription,2026-08-23T21:15:04+00:00,21,6,successful
merchant_bluewave,2354.02,USD,expense,upi,customer_7740,groceries,2026-08-07T04:20:42+00:00,4,4,successful
merchant_swiftgear,775.66,USD,payment,upi,customer_9239,travel,2026-08-20T04:47:25+00:00,4,3,successful
merchant_bluewave,2290.31,EUR,payment,bank_transfer,customer_8820,software_subscription,2026-08-07T20:19:36+00:00,20,4,successful
merchant_greenleaf,2165.16,INR,payment,netbanking,customer_8886,groceries,2026-08-03T12:18:45+00:00,12,0,successful
merchant_greenleaf,565.86,USD,payment,wallet,customer_5898,software_subscription,2026-08-21T04:02:57+00:00,4,4,successful
merchant_urbancart,2254.16,INR,payment,wallet,customer_7186,marketing,2026-08-01T04:37:57+00:00,4,5,successful
merchant_greenleaf,1614.46,EUR,expense,wallet,customer_2931,office_supplies,2026-08-23T23:04:29+00:00,23,6,failed
merchant_freshbite,115.13,USD,expense,upi,customer_5479,groceries,2026-08-12T05:01:40+00:00,5,2,successful
merchant_greenleaf,1798.99,USD,payment,wallet,customer_9554,software_subscription,2026-08-02T17:15:59+00:00,17,6,successful
merchant_urbancart,2183.33,EUR,payment,wallet,customer_7391,groceries,2026-08-21T08:59:06+00:00,8,4,successful
merchant_pixel_studio,219.96,EUR,refund,card,customer_3350,food_delivery,2026-08-21T00:47:18+00:00,0,4,successful
merchant_pixel_studio,1078.15,INR,payment,upi,customer_3831,software_subscription,2026-07-30T23:59:40+00:00,23,3,successful
merchant_pixel_studio,1143.05,INR,payment,card,customer_9460,office_supplies,2026-08-16T17:00:19+00:00,17,6,successful
merchant_bluewave,276.08,USD,refund,wallet,customer_6107,travel,2026-07-31T08:08:02+00:00,8,4,pending
merchant_freshbite,66.92,EUR,payment,wallet,customer_1158,software_subscription,2026-08-06T12:37:38+00:00,12,3,successful
merchant_urbancart,1271.51,USD,payment,card,customer_4640,electronics,2026-08-18T03:47:35+00:00,3,1,successful
merchant_swiftgear,1899.77,USD,chargeback,card,customer_5827,groceries,2026-08-19T05:47:41+00:00,5,2,successful
merchant_techhive,2087.83,EUR,payment,upi,customer_4182,software_subscription,2026-08-15T21:31:37+00:00,21,5,failed
merchant_freshbite,645.74,INR,refund,wallet,customer_3284,utilities,2026-08-16T18:22:55+00:00,18,6,successful
merchant_daily_grind_cafe,489.27,INR,payment,wallet,customer_6751,electronics,2026-08-14T11:17:09+00:00,11,4,successful
merchant_bluewave,374.03,USD,payment,bank_transfer,customer_9336,software_subscription,2026-07-28T21:13:32+00:00,21,1,pending
merchant_techhive,1035.35,USD,expense,bank_transfer,customer_6968,travel,2026-08-19T11:33:59+00:00,11,2,successful
merchant_freshbite,2453.71,EUR,chargeback,bank_transfer,customer_7342,office_supplies,2026-08-04T04:08:29+00:00,4,1,failed
merchant_freshbite,2110.48,EUR,payment,netbanking,customer_2438,software_subscription,2026-08-05T03:00:40+00:00,3,2,successful
merchant_swiftgear,1410.02,USD,payment,card,customer_2146,office_supplies,2026-08-24T16:17:10+00:00,16,0,successful
merchant_swiftgear,1966.06,EUR,expense,netbanking,customer_6387,utilities,2026-08-24T09:11:32+00:00,9,0,successful
merchant_techhive,777.39,INR,payment,card,customer_1884,food_delivery,2026-08-20T00:12:40+00:00,0,3,successful
merchant_greenleaf,2001.88,INR,payment,card,customer_7035,travel,2026-08-23T11:54:46+00:00,11,6,failed
merchant_urbancart,1047.47,USD,expense,upi,customer_6363,food_delivery,2026-08-13T05:58:11+00:00,5,3,pending
merchant_daily_grind_cafe,305.05,INR,expense,netbanking,customer_5942,office_supplies,2026-08-08T22:50:09+00:00,22,5,successful
merchant_daily_grind_cafe,2308.42,INR,payment,wallet,customer_4154,travel,2026-08-22T02:01:11+00:00,2,5,successful
merchant_freshbite,1005.28,EUR,payment,card,customer_2818,travel,2026-08-17T21:22:14+00:00,21,0,failed
merchant_bluewave,706.85,EUR,payment,bank_transfer,customer_3631,software_subscription,2026-08-05T11:27:12+00:00,11,2,successful
merchant_greenleaf,1664.55,EUR,payment,wallet,customer_3796,travel,2026-07-31T18:26:09+00:00,18,4,successful
merchant_techhive,2089.25,EUR,payment,card,customer_4363,utilities,2026-08-25T15:56:23+00:00,15,1,failed
merchant_freshbite,2375.66,USD,refund,upi,customer_7752,utilities,2026-08-24T23:13:30+00:00,23,0,successful
merchant_freshbite,729.68,INR,expense,wallet,customer_6815,travel,2026-08-24T15:26:16+00:00,15,0,successful
merchant_daily_grind_cafe,1504.23,EUR,payment,bank_transfer,customer_9193,food_delivery,2026-08-07T08:22:58+00:00,8,4,pending
merchant_techhive,1407.32,INR,payment,wallet,customer_2606,utilities,2026-08-16T22:35:12+00:00,22,6,pending
merchant_swiftgear,1112.79,EUR,refund,card,customer_8978,electronics,2026-08-16T01:22:05+00:00,1,6,successful
merchant_swiftgear,2220.35,INR,chargeback,bank_transfer,customer_7296,software_subscription,2026-08-06T17:10:14+00:00,17,3,failed
merchant_pixel_studio,595.43,EUR,payment,bank_transfer,customer_3834,groceries,2026-08-17T15:53:49+00:00,15,0,failed
merchant_daily_grind_cafe,1488.07,EUR,refund,card,customer_4142,travel,2026-08-15T15:17:06+00:00,15,5,pending
merchant_swiftgear,1395.62,EUR,payment,wallet,customer_6540,software_subscription,2026-08-12T16:39:42+00:00,16,2,successful
merchant_techhive,514.61,INR,payment,upi,customer_9137,marketing,2026-08-03T07:05:54+00:00,7,0,successful
merchant_bluewave,1400.46,USD,payment,wallet,customer_7732,groceries,2026-08-23T00:28:07+00:00,0,6,successful
merchant_urbancart,53.31,EUR,payment,netbanking,customer_4724,groceries,2026-08-24T19:31:18+00:00,19,0,successful
merchant_greenleaf,1529.32,INR,chargeback,netbanking,customer_3502,utilities,2026-08-09T06:58:26+00:00,6,6,failed
merchant_bluewave,689.0,EUR,refund,card,customer_4947,groceries,2026-08-14T18:55:34+00:00,18,4,failed
merchant_freshbite,790.0,USD,payment,netbanking,customer_5625,food_delivery,2026-08-26T20:53:00+00:00,20,2,successful
merchant_swiftgear,1227.12,INR,refund,card,customer_9743,electronics,2026-07-28T19:25:16+00:00,19,1,successful
merchant_bluewave,90.93,USD,payment,wallet,customer_6124,electronics,2026-08-05T08:33:58+00:00,8,2,successful
merchant_bluewave,751.0,USD,refund,card,customer_6756,groceries,2026-08-02T07:39:54+00:00,7,6,successful
merchant_urbancart,1692.82,EUR,expense,netbanking,customer_4487,utilities,2026-08-26T21:13:05+00:00,21,2,successful
merchant_techhive,228.94,USD,payment,netbanking,customer_8283,electronics,2026-08-20T10:32:24+00:00,10,3,successful
merchant_daily_grind_cafe,320.26,EUR,expense,netbanking,customer_7119,office_supplies,2026-08-09T00:39:42+00:00,0,6,successful
merchant_swiftgear,327.19,EUR,refund,netbanking,customer_1122,electronics,2026-08-09T21:06:36+00:00,21,6,successful
merchant_pixel_studio,814.98,INR,refund,card,customer_2547,utilities,2026-08-21T10:13:07+00:00,10,4,successful
merchant_freshbite,1016.61,USD,payment,bank_transfer,customer_2424,software_subscription,2026-08-03T02:46:00+00:00,2,0,failed
merchant_freshbite,104.15,USD,payment,netbanking,customer_5089,marketing,2026-07-30T14:52:47+00:00,14,3,successful
merchant_greenleaf,2235.58,USD,payment,card,customer_2444,marketing,2026-08-16T04:59:43+00:00,4,6,successful
merchant_techhive,964.53,INR,payment,upi,customer_3595,food_delivery,2026-08-11T07:42:47+00:00,7,1,successful
merchant_bluewave,1358.13,EUR,payment,bank_transfer,customer_1875,software_subscription,2026-08-04T09:40:18+00:00,9,1,pending
merchant_swiftgear,446.46,USD,payment,netbanking,customer_5657,food_delivery,2026-08-18T08:44:21+00:00,8,1,successful
merchant_techhive,938.86,EUR,payment,wallet,customer_4180,travel,2026-08-12T22:00:26+00:00,22,2,successful
merchant_pixel_studio,1848.66,EUR,payment,bank_transfer,customer_6487,office_supplies,2026-08-08T04:01:35+00:00,4,5,successful
merchant_techhive,2247.23,EUR,payment,card,customer_8592,marketing,2026-08-02T00:00:18+00:00,0,6,failed
merchant_freshbite,332.38,INR,payment,netbanking,customer_5631,software_subscription,2026-08-14T07:32:36+00:00,7,4,successful
merchant_freshbite,1271.33,USD,payment,bank_transfer,customer_4830,marketing,2026-08-16T21:45:43+00:00,21,6,successful
merchant_urbancart,148.95,USD,payment,netbanking,customer_6328,marketing,2026-08-18T23:14:07+00:00,23,1,successful
merchant_pixel_studio,1165.79,INR,payment,netbanking,customer_8978,travel,2026-08-21T01:00:34+00:00,1,4,successful
merchant_bluewave,954.96,USD,refund,card,customer_7322,food_delivery,2026-08-22T12:49:50+00:00,12,5,failed
merchant_techhive,1919.81,INR,payment,upi,customer_3659,electronics,2026-08-23T20:17:17+00:00,20,6,successful
merchant_urbancart,1959.59,EUR,chargeback,netbanking,customer_2125,office_supplies,2026-08-01T01:34:37+00:00,1,5,failed
merchant_techhive,1350.31,INR,payment,wallet,customer_6105,electronics,2026-08-08T14:20:56+00:00,14,5,successful
merchant_freshbite,2413.99,INR,payment,card,customer_8922,travel,2026-08-07T07:40:51+00:00,7,4,successful
merchant_daily_grind_cafe,1185.95,EUR,payment,card,customer_4524,marketing,2026-08-23T04:36:57+00:00,4,6,successful
merchant_daily_grind_cafe,1759.81,INR,payment,netbanking,customer_8227,travel,2026-08-03T14:07:32+00:00,14,0,successful
merchant_pixel_studio,155.14,EUR,refund,netbanking,customer_8989,groceries,2026-08-11T15:39:09+00:00,15,1,failed
merchant_techhive,1360.47,INR,payment,netbanking,customer_2320,groceries,2026-08-14T13:11:11+00:00,13,4,successful
merchant_greenleaf,161.75,EUR,payment,upi,customer_8458,electronics,2026-08-25T09:07:58+00:00,9,1,successful
merchant_greenleaf,34.65,INR,payment,wallet,customer_2138,electronics,2026-08-24T14:05:45+00:00,14,0,successful
merchant_swiftgear,415.48,USD,refund,card,customer_5388,electronics,2026-07-29T10:26:41+00:00,10,2,successful
merchant_swiftgear,574.81,USD,payment,wallet,customer_3557,travel,2026-08-07T03:48:12+00:00,3,4,successful
merchant_daily_grind_cafe,911.12,INR,payment,bank_transfer,customer_3924,utilities,2026-08-11T02:14:38+00:00,2,1,successful
merchant_bluewave,159.79,INR,payment,wallet,customer_7642,software_subscription,2026-08-17T07:34:15+00:00,7,0,successful
merchant_bluewave,1392.74,USD,refund,upi,customer_5469,electronics,2026-08-24T10:45:45+00:00,10,0,pending
merchant_pixel_studio,418.46,INR,payment,netbanking,customer_5195,marketing,2026-07-27T14:17:07+00:00,14,0,successful
merchant_techhive,2247.58,INR,refund,bank_transfer,customer_4622,marketing,2026-08-04T21:24:42+00:00,21,1,successful
merchant_swiftgear,1511.27,USD,refund,netbanking,customer_5691,food_delivery,2026-08-03T07:21:50+00:00,7,0,failed
merchant_daily_grind_cafe,151.76,USD,chargeback,bank_transfer,customer_9078,travel,2026-08-20T01:30:54+00:00,1,3,successful
merchant_swiftgear,2182.85,USD,payment,netbanking,customer_2269,utilities,2026-08-19T16:35:25+00:00,16,2,successful
merchant_bluewave,730.78,EUR,payment,bank_transfer,customer_1881,marketing,2026-07-28T17:53:53+00:00,17,1,successful
merchant_freshbite,2127.0,USD,refund,netbanking,customer_1009,marketing,2026-08-06T22:27:05+00:00,22,3,successful
merchant_urbancart,2318.55,USD,payment,bank_transfer,customer_9049,marketing,2026-08-06T06:29:59+00:00,6,3,failed
merchant_daily_grind_cafe,354.99,USD,payment,card,customer_3362,software_subscription,2026-08-24T01:41:55+00:00,1,0,successful
merchant_pixel_studio,2304.99,EUR,payment,upi,customer_7966,groceries,2026-08-22T08:50:28+00:00,8,5,successful
merchant_freshbite,19.91,USD,payment,bank_transfer,customer_5908,electronics,2026-08-08T14:12:19+00:00,14,5,successful
merchant_swiftgear,1345.93,USD,payment,upi,customer_7342,food_delivery,2026-08-19T23:33:42+00:00,23,2,successful
merchant_bluewave,2478.67,USD,payment,bank_transfer,customer_7752,travel,2026-08-23T22:09:42+00:00,22,6,successful
merchant_bluewave,320.93,USD,refund,upi,customer_6438,office_supplies,2026-08-20T17:27:38+00:00,17,3,successful
merchant_daily_grind_cafe,775.67,USD,payment,netbanking,customer_7102,utilities,2026-08-22T13:15:01+00:00,13,5,successful
merchant_techhive,2323.71,EUR,payment,wallet,customer_3722,electronics,2026-08-01T14:14:56+00:00,14,5,successful
merchant_techhive,271.95,USD,refund,bank_transfer,customer_6723,travel,2026-08-02T21:56:31+00:00,21,6,successful
merchant_greenleaf,2022.02,EUR,chargeback,bank_transfer,customer_2134,software_subscription,2026-08-03T05:33:13+00:00,5,0,successful
merchant_freshbite,2301.88,USD,payment,upi,customer_7116,office_supplies,2026-07-28T17:39:28+00:00,17,1,successful
merchant_swiftgear,626.27,USD,chargeback,card,customer_2514,office_supplies,2026-08-13T16:54:22+00:00,16,3,successful
merchant_pixel_studio,1849.78,USD,expense,wallet,customer_9121,food_delivery,2026-07-28T18:40:15+00:00,18,1,pending
merchant_freshbite,1035.09,USD,payment,card,customer_4371,software_subscription,2026-08-04T10:47:11+00:00,10,1,successful
merchant_urbancart,2268.28,USD,refund,bank_transfer,customer_5720,travel,2026-08-06T09:43:02+00:00,9,3,failed
merchant_techhive,1286.15,INR,payment,upi,customer_2084,utilities,2026-07-30T20:50:01+00:00,20,3,successful
merchant_freshbite,2187.3,EUR,refund,card,customer_9356,travel,2026-08-24T17:21:18+00:00,17,0,pending
merchant_swiftgear,1226.47,INR,payment,card,customer_6646,groceries,2026-08-12T09:33:02+00:00,9,2,successful
merchant_freshbite,2321.63,EUR,payment,netbanking,customer_2900,groceries,2026-08-03T07:59:10+00:00,7,0,successful
merchant_daily_grind_cafe,2153.76,EUR,payment,wallet,customer_1271,software_subscription,2026-08-03T15:42:34+00:00,15,0,successful
merchant_swiftgear,2131.83,INR,payment,wallet,customer_7369,travel,2026-08-11T17:36:10+00:00,17,1,successful
merchant_pixel_studio,1815.5,INR,payment,wallet,customer_9716,utilities,2026-08-26T21:16:33+00:00,21,2,successful
merchant_freshbite,655.94,EUR,payment,wallet,customer_6245,electronics,2026-08-10T01:35:22+00:00,1,0,successful
merchant_techhive,72.93,INR,refund,bank_transfer,customer_4339,food_delivery,2026-08-14T08:30:42+00:00,8,4,successful
merchant_bluewave,260.3,INR,payment,netbanking,customer_9789,food_delivery,2026-08-04T18:42:41+00:00,18,1,successful
merchant_urbancart,316.99,EUR,payment,netbanking,customer_4981,utilities,2026-08-22T09:47:29+00:00,9,5,successful
merchant_swiftgear,341.77,USD,payment,bank_transfer,customer_3575,marketing,2026-08-09T18:05:27+00:00,18,6,failed
merchant_freshbite,105.46,USD,payment,netbanking,customer_8647,utilities,2026-08-22T21:52:38+00:00,21,5,successful
merchant_bluewave,1501.89,USD,expense,wallet,customer_7136,office_supplies,2026-07-30T00:38:28+00:00,0,3,successful
merchant_daily_grind_cafe,1184.69,EUR,refund,wallet,customer_3011,office_supplies,2026-08-08T15:03:47+00:00,15,5,successful
merchant_bluewave,2193.15,EUR,expense,card,customer_9204,food_delivery,2026-08-08T09:23:06+00:00,9,5,successful
merchant_freshbite,1684.48,EUR,payment,bank_transfer,customer_5160,marketing,2026-08-12T00:34:31+00:00,0,2,successful
merchant_urbancart,396.41,EUR,payment,wallet,customer_5688,groceries,2026-07-29T09:14:17+00:00,9,2,pending
merchant_freshbite,1230.47,USD,payment,bank_transfer,customer_9885,utilities,2026-08-05T20:48:27+00:00,20,2,successful
merchant_pixel_studio,1957.23,EUR,payment,wallet,customer_7717,food_delivery,2026-08-19T20:30:09+00:00,20,2,successful
merchant_freshbite,1963.01,USD,refund,bank_transfer,customer_8283,office_supplies,2026-08-13T07:37:29+00:00,7,3,successful
merchant_freshbite,344.44,INR,payment,bank_transfer,customer_9921,food_delivery,2026-08-15T09:24:33+00:00,9,5,failed
merchant_freshbite,952.96,USD,expense,card,customer_4168,utilities,2026-08-17T04:05:14+00:00,4,0,pending
merchant_pixel_studio,739.37,USD,payment,netbanking,customer_9812,marketing,2026-08-12T13:13:52+00:00,13,2,pending
merchant_greenleaf,934.53,EUR,payment,card,customer_2491,food_delivery,2026-08-23T16:23:42+00:00,16,6,failed
merchant_daily_grind_cafe,1172.42,USD,payment,upi,customer_8197,travel,2026-08-19T11:09:19+00:00,11,2,successful
merchant_greenleaf,340.64,INR,payment,card,customer_7865,office_supplies,2026-08-05T05:48:45+00:00,5,2,successful
merchant_bluewave,324.72,INR,payment,card,customer_5989,travel,2026-08-12T04:38:36+00:00,4,2,pending
merchant_pixel_studio,846.62,EUR,refund,bank_transfer,customer_7254,office_supplies,2026-08-04T18:30:20+00:00,18,1,pending
merchant_pixel_studio,1708.79,INR,chargeback,card,customer_1100,food_delivery,2026-07-28T17:15:20+00:00,17,1,successful
merchant_techhive,2304.1,EUR,refund,wallet,customer_5183,marketing,2026-08-14T10:08:59+00:00,10,4,successful
merchant_freshbite,1577.6,EUR,refund,bank_transfer,customer_6155,groceries,2026-08-10T01:11:15+00:00,1,0,successful
merchant_swiftgear,1187.44,INR,expense,wallet,customer_7850,marketing,2026-08-04T17:34:16+00:00,17,1,successful
merchant_freshbite,925.85,USD,payment,bank_transfer,customer_3057,groceries,2026-07-30T13:59:13+00:00,13,3,failed
merchant_greenleaf,856.35,INR,payment,netbanking,customer_1123,groceries,2026-08-12T14:33:43+00:00,14,2,successful
merchant_bluewave,1443.08,USD,refund,wallet,customer_4235,groceries,2026-08-23T16:07:56+00:00,16,6,successful
merchant_daily_grind_cafe,636.14,USD,expense,netbanking,customer_3648,groceries,2026-08-26T17:42:11+00:00,17,2,successful
merchant_daily_grind_cafe,504.58,USD,payment,netbanking,customer_3866,software_subscription,2026-08-22T00:55:24+00:00,0,5,successful
merchant_freshbite,2188.37,USD,payment,wallet,customer_9166,food_delivery,2026-08-15T05:46:47+00:00,5,5,successful
merchant_techhive,1722.36,INR,payment,card,customer_7238,software_subscription,2026-08-22T18:45:18+00:00,18,5,failed
merchant_urbancart,1549.61,USD,payment,netbanking,customer_7255,office_supplies,2026-08-15T12:25:38+00:00,12,5,successful
merchant_freshbite,153.98,USD,payment,wallet,customer_6606,marketing,2026-08-07T14:15:37+00:00,14,4,successful
merchant_daily_grind_cafe,372.06,EUR,expense,upi,customer_3052,food_delivery,2026-08-21T05:18:38+00:00,5,4,failed
merchant_swiftgear,50.61,USD,payment,bank_transfer,customer_7965,groceries,2026-08-16T22:46:17+00:00,22,6,successful
merchant_bluewave,1903.72,EUR,refund,wallet,customer_1495,software_subscription,2026-08-06T17:47:41+00:00,17,3,successful
merchant_daily_grind_cafe,403.05,EUR,refund,netbanking,customer_7200,groceries,2026-08-07T23:26:17+00:00,23,4,successful
merchant_greenleaf,1333.16,EUR,refund,card,customer_9675,marketing,2026-07-31T21:00:23+00:00,21,4,pending
merchant_bluewave,1710.52,EUR,payment,netbanking,customer_9490,utilities,2026-07-28T04:08:01+00:00,4,1,failed
merchant_urbancart,1860.93,USD,payment,bank_transfer,customer_5721,utilities,2026-07-29T02:40:27+00:00,2,2,successful
merchant_urbancart,2055.48,USD,payment,upi,customer_4428,electronics,2026-08-06T04:52:22+00:00,4,3,successful
merchant_bluewave,1247.25,INR,refund,bank_transfer,customer_2341,groceries,2026-08-18T20:15:28+00:00,20,1,successful
merchant_pixel_studio,2220.61,EUR,chargeback,netbanking,customer_4670,marketing,2026-08-11T17:12:54+00:00,17,1,failed
merchant_freshbite,1258.36,USD,payment,wallet,customer_6081,groceries,2026-08-01T17:00:39+00:00,17,5,successful
merchant_urbancart,533.58,USD,payment,upi,customer_4406,travel,2026-07-28T21:47:18+00:00,21,1,successful
merchant_swiftgear,266.9,EUR,payment,wallet,customer_7766,software_subscription,2026-07-28T10:01:10+00:00,10,1,pending
merchant_bluewave,1545.71,EUR,payment,netbanking,customer_3686,electronics,2026-08-23T02:17:49+00:00,2,6,successful
merchant_freshbite,769.03,INR,payment,card,customer_6767,office_supplies,2026-08-06T10:05:36+00:00,10,3,successful
merchant_pixel_studio,2348.67,USD,expense,upi,customer_6945,marketing,2026-08-06T17:09:36+00:00,17,3,successful
merchant_urbancart,2302.39,USD,expense,card,customer_3828,travel,2026-08-22T11:11:26+00:00,11,5,failed
merchant_bluewave,37.68,INR,payment,upi,customer_4754,travel,2026-07-31T23:04:06+00:00,23,4,successful
merchant_pixel_studio,2048.96,EUR,payment,wallet,customer_2391,electronics,2026-07-29T03:27:23+00:00,3,2,failed
merchant_pixel_studio,675.16,INR,payment,bank_transfer,customer_9218,marketing,2026-08-25T17:59:09+00:00,17,1,pending
merchant_urbancart,225.26,EUR,payment,upi,customer_6996,electronics,2026-08-07T14:58:19+00:00,14,4,successful
merchant_bluewave,2049.62,INR,expense,card,customer_8108,groceries,2026-08-05T15:50:14+00:00,15,2,successful
merchant_bluewave,451.21,USD,payment,netbanking,customer_4910,electronics,2026-08-20T03:43:47+00:00,3,3,failed
merchant_bluewave,1628.86,USD,payment,upi,customer_3627,marketing,2026-08-05T05:31:12+00:00,5,2,successful
merchant_greenleaf,94.93,INR,refund,bank_transfer,customer_1240,groceries,2026-08-19T14:49:03+00:00,14,2,successful
merchant_pixel_studio,2213.02,USD,expense,netbanking,customer_4089,groceries,2026-08-03T04:28:46+00:00,4,0,pending
merchant_daily_grind_cafe,756.21,EUR,refund,netbanking,customer_3252,travel,2026-07-31T02:41:17+00:00,2,4,successful
merchant_techhive,1800.59,EUR,payment,netbanking,customer_7198,food_delivery,2026-08-19T22:31:23+00:00,22,2,failed
merchant_pixel_studio,1563.58,INR,payment,upi,customer_5038,groceries,2026-08-16T16:35:22+00:00,16,6,successful
merchant_bluewave,1528.61,EUR,payment,netbanking,customer_2776,electronics,2026-08-11T03:10:59+00:00,3,1,pending
merchant_swiftgear,795.17,EUR,payment,upi,customer_6379,food_delivery,2026-08-05T09:51:37+00:00,9,2,successful
merchant_pixel_studio,875.49,EUR,chargeback,card,customer_1672,travel,2026-08-16T01:03:18+00:00,1,6,successful
merchant_urbancart,2001.05,EUR,payment,bank_transfer,customer_2274,software_subscription,2026-08-11T00:02:28+00:00,0,1,failed
merchant_urbancart,1631.89,USD,chargeback,card,customer_9099,electronics,2026-08-04T13:39:04+00:00,13,1,successful
merchant_daily_grind_cafe,163.97,EUR,payment,card,customer_3283,office_supplies,2026-08-08T16:11:34+00:00,16,5,successful
merchant_swiftgear,763.48,EUR,expense,upi,customer_3416,food_delivery,2026-08-23T03:00:41+00:00,3,6,successful
merchant_bluewave,1945.82,EUR,payment,bank_transfer,customer_4128,travel,2026-07-31T11:21:25+00:00,11,4,successful
merchant_freshbite,1342.2,EUR,payment,card,customer_9767,marketing,2026-08-04T12:27:06+00:00,12,1,successful
merchant_urbancart,451.34,USD,payment,upi,customer_4882,office_supplies,2026-08-22T05:48:23+00:00,5,5,pending
merchant_freshbite,978.81,EUR,payment,bank_transfer,customer_5126,travel,2026-08-03T22:22:15+00:00,22,0,failed
merchant_freshbite,1445.13,USD,payment,bank_transfer,customer_2705,groceries,2026-08-20T04:36:12+00:00,4,3,failed
merchant_daily_grind_cafe,1317.4,INR,payment,upi,customer_2227,utilities,2026-08-12T19:30:09+00:00,19,2,pending
merchant_pixel_studio,2186.13,INR,payment,bank_transfer,customer_8439,travel,2026-08-15T11:49:52+00:00,11,5,successful
merchant_daily_grind_cafe,1002.95,INR,expense,bank_transfer,customer_2081,office_supplies,2026-08-11T22:38:45+00:00,22,1,successful
merchant_swiftgear,1724.15,INR,payment,upi,customer_1752,travel,2026-08-03T04:07:33+00:00,4,0,successful
merchant_greenleaf,1439.62,INR,payment,card,customer_2128,food_delivery,2026-08-25T16:02:46+00:00,16,1,successful
merchant_bluewave,137.83,USD,payment,netbanking,customer_2696,travel,2026-08-03T11:36:10+00:00,11,0,successful
merchant_greenleaf,2332.37,INR,payment,bank_transfer,customer_8151,software_subscription,2026-08-07T19:40:26+00:00,19,4,successful
merchant_techhive,410.76,INR,payment,upi,customer_3809,travel,2026-08-03T11:09:27+00:00,11,0,successful
merchant_urbancart,1844.2,EUR,payment,wallet,customer_7583,travel,2026-08-14T14:42:29+00:00,14,4,failed
merchant_pixel_studio,374.06,USD,payment,bank_transfer,customer_6003,electronics,2026-08-21T03:55:03+00:00,3,4,successful
merchant_bluewave,2469.27,INR,payment,netbanking,customer_6092,electronics,2026-08-19T08:32:37+00:00,8,2,pending
merchant_freshbite,1619.93,INR,payment,bank_transfer,customer_9979,utilities,2026-07-30T11:34:49+00:00,11,3,successful
merchant_daily_grind_cafe,2204.03,EUR,chargeback,wallet,customer_1747,groceries,2026-08-01T10:38:18+00:00,10,5,successful
merchant_greenleaf,2237.03,USD,expense,wallet,customer_2117,groceries,2026-08-18T16:42:52+00:00,16,1,successful
merchant_bluewave,1051.18,USD,refund,bank_transfer,customer_8397,marketing,2026-08-04T00:59:56+00:00,0,1,successful
merchant_pixel_studio,396.18,INR,payment,wallet,customer_1937,electronics,2026-08-23T00:48:59+00:00,0,6,successful
merchant_daily_grind_cafe,1043.26,USD,refund,bank_transfer,customer_3392,electronics,2026-08-23T18:23:08+00:00,18,6,successful
merchant_bluewave,1312.77,INR,payment,wallet,customer_2652,office_supplies,2026-08-06T00:16:28+00:00,0,3,pending
merchant_daily_grind_cafe,96.84,INR,chargeback,card,customer_7494,software_subscription,2026-08-02T13:17:38+00:00,13,6,pending
merchant_techhive,991.97,EUR,payment,card,customer_1618,electronics,2026-08-06T08:39:32+00:00,8,3,successful
merchant_pixel_studio,1648.49,USD,payment,bank_transfer,customer_4102,office_supplies,2026-08-05T01:37:46+00:00,1,2,pending
merchant_daily_grind_cafe,2301.99,USD,payment,bank_transfer,customer_1766,software_subscription,2026-07-28T07:39:10+00:00,7,1,failed
merchant_techhive,1119.37,INR,payment,bank_transfer,customer_1713,software_subscription,2026-08-10T03:59:00+00:00,3,0,failed
merchant_techhive,730.23,INR,refund,netbanking,customer_7355,travel,2026-08-03T12:07:45+00:00,12,0,pending
merchant_freshbite,1181.31,USD,payment,card,customer_7444,office_supplies,2026-08-11T13:47:44+00:00,13,1,successful
merchant_pixel_studio,2069.41,INR,refund,bank_transfer,customer_6128,food_delivery,2026-08-07T11:18:10+00:00,11,4,successful
merchant_daily_grind_cafe,452.63,EUR,payment,bank_transfer,customer_3958,travel,2026-08-20T12:38:33+00:00,12,3,successful
merchant_greenleaf,1581.63,EUR,payment,bank_transfer,customer_7412,travel,2026-08-16T18:47:09+00:00,18,6,successful
merchant_urbancart,24.3,INR,refund,wallet,customer_2031,marketing,2026-08-11T17:03:40+00:00,17,1,successful
merchant_techhive,2084.25,INR,payment,card,customer_5457,food_delivery,2026-08-04T07:06:20+00:00,7,1,successful
merchant_greenleaf,697.22,USD,expense,card,customer_1781,marketing,2026-08-23T21:55:40+00:00,21,6,successful
merchant_bluewave,278.43,INR,payment,upi,customer_4922,software_subscription,2026-08-08T07:29:31+00:00,7,5,successful
merchant_freshbite,581.01,EUR,payment,bank_transfer,customer_6827,office_supplies,2026-08-24T13:52:05+00:00,13,0,successful
merchant_daily_grind_cafe,412.6,USD,expense,netbanking,customer_1300,utilities,2026-08-02T08:07:20+00:00,8,6,successful
merchant_pixel_studio,2248.12,USD,payment,card,customer_7354,software_subscription,2026-08-09T14:25:25+00:00,14,6,successful
merchant_greenleaf,2262.89,USD,payment,card,customer_1884,office_supplies,2026-07-31T04:05:49+00:00,4,4,successful
merchant_daily_grind_cafe,1009.73,EUR,payment,upi,customer_2917,software_subscription,2026-07-30T23:29:12+00:00,23,3,successful
merchant_greenleaf,2358.08,USD,payment,wallet,customer_8410,food_delivery,2026-08-18T04:53:40+00:00,4,1,successful
merchant_techhive,1286.0,USD,payment,bank_transfer,customer_7743,groceries,2026-08-06T01:03:16+00:00,1,3,pending
merchant_freshbite,2101.48,INR,payment,netbanking,customer_3029,travel,2026-08-08T15:44:41+00:00,15,5,successful
merchant_urbancart,816.47,INR,payment,wallet,customer_7895,electronics,2026-08-18T07:03:25+00:00,7,1,successful
merchant_greenleaf,2273.56,EUR,payment,wallet,customer_3161,utilities,2026-08-15T14:45:28+00:00,14,5,successful
merchant_freshbite,1156.73,USD,refund,upi,customer_8883,groceries,2026-08-16T02:54:14+00:00,2,6,successful
merchant_greenleaf,1282.36,INR,payment,wallet,customer_5815,travel,2026-08-15T18:06:29+00:00,18,5,successful
merchant_swiftgear,355.64,INR,refund,wallet,customer_9354,food_delivery,2026-08-26T06:04:02+00:00,6,2,successful
merchant_bluewave,1323.49,USD,payment,wallet,customer_5480,software_subscription,2026-08-03T20:53:47+00:00,20,0,successful
merchant_greenleaf,100.7,EUR,payment,bank_transfer,customer_2426,food_delivery,2026-08-23T07:41:44+00:00,7,6,successful
merchant_pixel_studio,1784.15,USD,refund,netbanking,customer_1966,office_supplies,2026-07-31T17:27:57+00:00,17,4,successful
merchant_swiftgear,2234.06,EUR,payment,wallet,customer_5919,electronics,2026-08-14T03:11:27+00:00,3,4,successful
merchant_greenleaf,2235.89,USD,payment,bank_transfer,customer_8219,software_subscription,2026-08-18T16:47:45+00:00,16,1,successful
merchant_bluewave,1525.22,USD,payment,netbanking,customer_1250,utilities,2026-08-12T12:01:30+00:00,12,2,pending
merchant_daily_grind_cafe,2113.95,EUR,refund,bank_transfer,customer_5075,software_subscription,2026-08-05T16:47:30+00:00,16,2,successful
merchant_daily_grind_cafe,518.24,INR,payment,netbanking,customer_9933,electronics,2026-07-28T04:39:27+00:00,4,1,successful
merchant_techhive,589.6,EUR,payment,netbanking,customer_3108,travel,2026-08-03T07:43:39+00:00,7,0,successful
merchant_daily_grind_cafe,1702.28,INR,payment,card,customer_7054,office_supplies,2026-08-16T10:34:34+00:00,10,6,successful
merchant_techhive,1996.82,EUR,payment,upi,customer_3296,electronics,2026-08-04T04:12:56+00:00,4,1,successful
merchant_freshbite,1629.31,INR,payment,card,customer_1770,office_supplies,2026-08-17T03:39:11+00:00,3,0,successful
merchant_daily_grind_cafe,14.85,USD,payment,netbanking,customer_5500,electronics,2026-08-10T04:40:16+00:00,4,0,successful
merchant_pixel_studio,1177.78,INR,refund,upi,customer_3935,electronics,2026-08-12T07:38:44+00:00,7,2,successful
merchant_bluewave,2231.23,INR,chargeback,netbanking,customer_1281,electronics,2026-08-07T05:08:21+00:00,5,4,successful
merchant_freshbite,1482.67,INR,refund,upi,customer_4166,groceries,2026-07-29T01:28:30+00:00,1,2,successful
merchant_greenleaf,2060.44,EUR,refund,card,customer_3000,groceries,2026-08-14T21:26:09+00:00,21,4,successful
merchant_greenleaf,537.55,EUR,payment,netbanking,customer_3714,office_supplies,2026-08-14T03:10:57+00:00,3,4,successful
merchant_bluewave,406.56,EUR,payment,bank_transfer,customer_4127,software_subscription,2026-08-10T22:42:32+00:00,22,0,successful
merchant_greenleaf,579.91,EUR,payment,netbanking,customer_2826,electronics,2026-08-12T03:40:07+00:00,3,2,successful
merchant_techhive,1775.27,USD,refund,bank_transfer,customer_7739,office_supplies,2026-07-29T21:05:39+00:00,21,2,failed
merchant_urbancart,502.36,INR,payment,netbanking,customer_3527,food_delivery,2026-07-28T10:07:27+00:00,10,1,pending
merchant_greenleaf,418.07,EUR,payment,bank_transfer,customer_4164,marketing,2026-08-10T04:51:17+00:00,4,0,pending
merchant_urbancart,486.94,EUR,refund,netbanking,customer_2087,software_subscription,2026-08-04T18:21:25+00:00,18,1,failed
merchant_urbancart,2280.73,USD,payment,wallet,customer_6145,software_subscription,2026-08-23T23:05:12+00:00,23,6,failed
merchant_pixel_studio,219.82,USD,refund,netbanking,customer_7398,marketing,2026-08-21T18:31:53+00:00,18,4,successful
merchant_urbancart,1794.93,USD,refund,card,customer_4692,utilities,2026-08-20T11:47:04+00:00,11,3,successful
merchant_daily_grind_cafe,1981.91,EUR,payment,card,customer_8322,travel,2026-07-31T10:16:20+00:00,10,4,successful
merchant_greenleaf,181.14,EUR,payment,card,customer_6436,groceries,2026-08-08T10:38:21+00:00,10,5,successful
merchant_swiftgear,61.88,USD,payment,card,customer_5680,food_delivery,2026-07-28T07:43:06+00:00,7,1,successful
merchant_greenleaf,785.38,EUR,payment,upi,customer_7647,travel,2026-08-03T06:05:08+00:00,6,0,successful
merchant_urbancart,38.24,INR,payment,upi,customer_4420,utilities,2026-08-19T19:17:48+00:00,19,2,successful
merchant_techhive,1053.36,INR,payment,netbanking,customer_2413,travel,2026-08-10T13:09:35+00:00,13,0,successful
merchant_greenleaf,643.77,EUR,payment,wallet,customer_1216,office_supplies,2026-07-28T18:55:34+00:00,18,1,successful
merchant_urbancart,1794.82,USD,refund,wallet,customer_2824,groceries,2026-08-20T16:12:41+00:00,16,3,successful
merchant_pixel_studio,1403.02,INR,payment,upi,customer_7095,electronics,2026-08-07T07:25:55+00:00,7,4,pending
merchant_techhive,1452.55,USD,expense,upi,customer_3383,travel,2026-08-02T04:21:06+00:00,4,6,failed
merchant_freshbite,573.13,EUR,refund,upi,customer_4937,groceries,2026-08-15T07:14:46+00:00,7,5,successful
merchant_pixel_studio,1838.78,EUR,payment,upi,customer_3037,office_supplies,2026-08-08T08:15:03+00:00,8,5,pending
merchant_bluewave,1799.23,EUR,payment,bank_transfer,customer_6225,utilities,2026-08-10T16:18:47+00:00,16,0,successful
merchant_daily_grind_cafe,1115.66,INR,payment,netbanking,customer_8600,electronics,2026-08-05T00:36:41+00:00,0,2,successful
merchant_freshbite,1005.85,INR,payment,upi,customer_2342,marketing,2026-08-03T17:20:08+00:00,17,0,pending
merchant_greenleaf,1214.27,INR,payment,card,customer_5128,travel,2026-07-30T15:01:02+00:00,15,3,successful
merchant_daily_grind_cafe,607.9,EUR,payment,bank_transfer,customer_6872,marketing,2026-08-22T01:06:58+00:00,1,5,successful
merchant_pixel_studio,1651.76,EUR,payment,netbanking,customer_7672,software_subscription,2026-08-01T23:22:52+00:00,23,5,successful
merchant_freshbite,1089.06,EUR,payment,netbanking,customer_5090,utilities,2026-07-28T22:56:12+00:00,22,1,pending
merchant_daily_grind_cafe,1644.06,EUR,chargeback,wallet,customer_8275,groceries,2026-08-18T22:52:58+00:00,22,1,successful
merchant_urbancart,1142.08,INR,payment,netbanking,customer_7184,marketing,2026-07-28T12:50:32+00:00,12,1,successful
merchant_urbancart,2238.21,USD,payment,upi,customer_8080,utilities,2026-08-24T10:37:54+00:00,10,0,successful
merchant_techhive,1783.87,INR,payment,netbanking,customer_7297,electronics,2026-08-18T17:02:53+00:00,17,1,failed
merchant_freshbite,1816.06,INR,payment,upi,customer_4019,software_subscription,2026-08-17T19:48:20+00:00,19,0,successful
merchant_daily_grind_cafe,2395.46,INR,refund,upi,customer_6387,electronics,2026-07-31T16:08:00+00:00,16,4,successful
merchant_techhive,1985.76,INR,payment,wallet,customer_5420,utilities,2026-08-09T21:38:47+00:00,21,6,failed
merchant_greenleaf,2057.21,INR,payment,card,customer_2082,food_delivery,2026-08-13T02:02:43+00:00,2,3,successful
merchant_greenleaf,378.65,USD,payment,wallet,customer_5612,electronics,2026-08-13T11:07:57+00:00,11,3,successful
merchant_techhive,1887.17,INR,expense,wallet,customer_3122,electronics,2026-08-02T11:14:24+00:00,11,6,successful
merchant_swiftgear,486.23,INR,payment,bank_transfer,customer_2270,travel,2026-08-11T22:40:13+00:00,22,1,pending
merchant_urbancart,1964.36,EUR,payment,card,customer_2716,electronics,2026-08-13T13:01:04+00:00,13,3,successful
merchant_swiftgear,516.81,USD,payment,upi,customer_4351,travel,2026-08-07T19:00:43+00:00,19,4,successful
merchant_techhive,56.8,INR,payment,wallet,customer_6688,groceries,2026-08-22T02:40:18+00:00,2,5,successful
merchant_urbancart,463.28,EUR,payment,netbanking,customer_6601,travel,2026-08-08T02:12:39+00:00,2,5,failed
merchant_techhive,1265.15,INR,expense,card,customer_7154,utilities,2026-07-30T15:47:49+00:00,15,3,successful
merchant_greenleaf,114.2,INR,payment,bank_transfer,customer_7312,travel,2026-08-14T00:08:06+00:00,0,4,successful
merchant_techhive,2342.89,EUR,payment,upi,customer_5989,electronics,2026-08-14T10:40:07+00:00,10,4,pending
merchant_pixel_studio,432.6,INR,payment,bank_transfer,customer_6899,office_supplies,2026-08-09T23:59:34+00:00,23,6,successful
merchant_swiftgear,142.28,USD,refund,card,customer_2689,utilities,2026-08-23T19:39:35+00:00,19,6,successful
merchant_bluewave,1675.41,EUR,payment,upi,customer_1708,travel,2026-08-15T07:58:36+00:00,7,5,pending
merchant_swiftgear,1021.01,USD,payment,card,customer_4720,utilities,2026-08-18T20:42:58+00:00,20,1,successful
merchant_freshbite,1931.07,EUR,expense,netbanking,customer_9825,software_subscription,2026-08-25T01:11:21+00:00,1,1,successful
merchant_techhive,1286.58,USD,payment,bank_transfer,customer_6530,travel,2026-08-16T15:50:51+00:00,15,6,successful
merchant_techhive,247.05,INR,payment,netbanking,customer_1876,utilities,2026-08-24T14:14:35+00:00,14,0,successful
merchant_pixel_studio,494.45,USD,payment,card,customer_2874,groceries,2026-08-01T17:21:38+00:00,17,5,successful
merchant_greenleaf,1020.68,USD,payment,netbanking,customer_3005,marketing,2026-08-04T20:35:18+00:00,20,1,successful
merchant_daily_grind_cafe,760.17,USD,payment,netbanking,customer_5724,utilities,2026-08-18T12:22:01+00:00,12,1,successful
merchant_swiftgear,1310.77,EUR,payment,upi,customer_2709,software_subscription,2026-07-30T02:51:41+00:00,2,3,successful
merchant_bluewave,608.2,EUR,payment,upi,customer_6408,electronics,2026-08-10T17:42:29+00:00,17,0,successful
merchant_techhive,43.22,EUR,refund,card,customer_3166,software_subscription,2026-08-11T13:10:17+00:00,13,1,successful
merchant_pixel_studio,1357.35,EUR,refund,bank_transfer,customer_9712,travel,2026-08-09T17:20:08+00:00,17,6,successful
merchant_bluewave,1906.62,EUR,payment,bank_transfer,customer_6088,utilities,2026-07-28T16:37:46+00:00,16,1,successful
merchant_techhive,1704.37,EUR,refund,upi,customer_3353,electronics,2026-08-16T00:19:37+00:00,0,6,successful
merchant_greenleaf,475.29,EUR,payment,upi,customer_5276,office_supplies,2026-07-29T05:29:38+00:00,5,2,successful
merchant_bluewave,587.22,INR,payment,netbanking,customer_3741,groceries,2026-08-06T04:03:22+00:00,4,3,successful
merchant_techhive,638.69,EUR,payment,bank_transfer,customer_1290,groceries,2026-07-30T21:45:26+00:00,21,3,successful
merchant_pixel_studio,2289.25,EUR,payment,card,customer_1786,electronics,2026-08-25T02:43:18+00:00,2,1,failed
merchant_freshbite,1985.91,USD,payment,card,customer_2855,food_delivery,2026-07-31T13:54:52+00:00,13,4,failed
merchant_pixel_studio,610.65,USD,expense,netbanking,customer_5058,software_subscription,2026-08-10T03:50:59+00:00,3,0,pending
merchant_freshbite,2095.71,EUR,payment,netbanking,customer_5623,electronics,2026-07-31T11:27:27+00:00,11,4,failed
merchant_freshbite,164.08,INR,expense,wallet,customer_5181,marketing,2026-07-29T08:40:00+00:00,8,2,successful
merchant_swiftgear,1588.66,INR,payment,bank_transfer,customer_1340,marketing,2026-07-30T21:10:05+00:00,21,3,successful
merchant_freshbite,74.56,USD,payment,wallet,customer_7256,travel,2026-08-01T06:40:11+00:00,6,5,successful
merchant_bluewave,454.64,EUR,payment,netbanking,customer_8812,software_subscription,2026-08-25T09:02:36+00:00,9,1,successful
merchant_freshbite,1228.35,INR,payment,netbanking,customer_5308,food_delivery,2026-08-09T07:23:07+00:00,7,6,successful
merchant_freshbite,468.99,INR,payment,wallet,customer_9351,software_subscription,2026-08-13T07:49:45+00:00,7,3,successful
merchant_urbancart,2214.42,USD,payment,upi,customer_7695,food_delivery,2026-08-12T00:12:04+00:00,0,2,successful
merchant_freshbite,1158.34,INR,payment,bank_transfer,customer_7755,marketing,2026-08-21T02:29:30+00:00,2,4,successful
merchant_freshbite,1265.01,USD,payment,netbanking,customer_7669,food_delivery,2026-08-05T10:41:05+00:00,10,2,successful
merchant_swiftgear,519.8,INR,expense,card,customer_4568,utilities,2026-08-15T01:56:37+00:00,1,5,successful
merchant_bluewave,1114.51,USD,payment,card,customer_3865,travel,2026-08-14T21:57:25+00:00,21,4,successful
merchant_bluewave,463.63,INR,expense,card,customer_7390,utilities,2026-08-11T04:53:42+00:00,4,1,successful
merchant_techhive,1010.16,INR,payment,netbanking,customer_7131,marketing,2026-08-04T09:46:41+00:00,9,1,successful
merchant_techhive,501.26,USD,expense,upi,customer_5665,food_delivery,2026-07-28T23:14:27+00:00,23,1,successful
merchant_bluewave,1196.13,EUR,payment,netbanking,customer_3115,travel,2026-08-16T22:33:49+00:00,22,6,failed
merchant_urbancart,1816.36,INR,expense,bank_transfer,customer_1120,travel,2026-08-20T06:59:31+00:00,6,3,successful
merchant_daily_grind_cafe,187.31,USD,payment,upi,customer_2160,groceries,2026-08-16T07:22:51+00:00,7,6,successful
merchant_bluewave,2493.85,USD,payment,bank_transfer,customer_6179,utilities,2026-08-09T21:31:54+00:00,21,6,failed
merchant_techhive,1456.94,USD,expense,netbanking,customer_7689,utilities,2026-08-15T02:03:08+00:00,2,5,failed
merchant_urbancart,368.29,USD,payment,bank_transfer,customer_7401,software_subscription,2026-08-06T02:59:18+00:00,2,3,successful
merchant_techhive,1840.76,INR,chargeback,bank_transfer,customer_3940,office_supplies,2026-08-13T10:10:28+00:00,10,3,successful
merchant_freshbite,1997.96,INR,expense,card,customer_7627,groceries,2026-08-05T15:30:21+00:00,15,2,successful
merchant_urbancart,1576.58,USD,payment,bank_transfer,customer_1938,groceries,2026-07-30T20:57:20+00:00,20,3,successful
merchant_techhive,736.43,INR,payment,netbanking,customer_1436,utilities,2026-08-12T17:35:00+00:00,17,2,successful
merchant_swiftgear,849.21,INR,refund,card,customer_2702,groceries,2026-08-12T17:05:55+00:00,17,2,pending
merchant_urbancart,747.42,USD,payment,upi,customer_8725,utilities,2026-08-16T07:07:17+00:00,7,6,successful
merchant_pixel_studio,2483.87,INR,payment,upi,customer_4433,office_supplies,2026-08-24T17:42:00+00:00,17,0,failed
merchant_freshbite,459.3,INR,payment,upi,customer_6485,groceries,2026-08-24T14:45:33+00:00,14,0,successful
merchant_freshbite,427.19,USD,payment,card,customer_2490,electronics,2026-08-04T01:38:38+00:00,1,1,successful
merchant_freshbite,1322.4,USD,payment,bank_transfer,customer_7433,electronics,2026-07-31T19:33:22+00:00,19,4,successful
merchant_daily_grind_cafe,2246.15,USD,payment,card,customer_2280,marketing,2026-08-19T04:44:33+00:00,4,2,successful
merchant_techhive,1139.72,EUR,payment,netbanking,customer_8541,groceries,2026-08-22T21:17:22+00:00,21,5,successful
merchant_bluewave,2467.97,INR,refund,bank_transfer,customer_7799,travel,2026-08-05T10:56:57+00:00,10,2,successful
merchant_greenleaf,580.95,USD,expense,upi,customer_9265,food_delivery,2026-08-12T20:48:05+00:00,20,2,successful
merchant_greenleaf,2313.67,USD,payment,wallet,customer_1040,utilities,2026-08-24T07:08:55+00:00,7,0,pending
merchant_greenleaf,708.89,INR,payment,netbanking,customer_1964,office_supplies,2026-08-02T17:42:31+00:00,17,6,successful
merchant_daily_grind_cafe,343.84,USD,refund,netbanking,customer_3236,groceries,2026-08-03T16:18:32+00:00,16,0,successful
merchant_bluewave,2001.28,EUR,payment,wallet,customer_7673,travel,2026-08-10T19:34:06+00:00,19,0,successful
merchant_techhive,868.32,INR,payment,card,customer_3386,marketing,2026-07-30T13:56:24+00:00,13,3,successful
merchant_pixel_studio,1749.13,USD,payment,upi,customer_2248,electronics,2026-08-05T04:37:39+00:00,4,2,successful
merchant_urbancart,1162.12,EUR,payment,netbanking,customer_7424,electronics,2026-08-15T13:13:48+00:00,13,5,failed
merchant_daily_grind_cafe,329.93,INR,payment,bank_transfer,customer_7904,groceries,2026-08-02T13:20:15+00:00,13,6,pending
merchant_bluewave,1146.27,EUR,payment,wallet,customer_5727,utilities,2026-08-03T21:35:19+00:00,21,0,successful
merchant_bluewave,1296.57,USD,payment,wallet,customer_2356,electronics,2026-08-04T03:13:03+00:00,3,1,successful
merchant_pixel_studio,1038.66,INR,payment,card,customer_9157,groceries,2026-07-29T02:57:17+00:00,2,2,failed
merchant_bluewave,2435.94,USD,payment,netbanking,customer_5138,software_subscription,2026-08-21T01:14:25+00:00,1,4,successful
merchant_bluewave,671.54,USD,expense,wallet,customer_5621,marketing,2026-08-04T12:04:08+00:00,12,1,successful
merchant_daily_grind_cafe,1722.21,INR,payment,upi,customer_8615,electronics,2026-08-14T07:50:40+00:00,7,4,successful
merchant_pixel_studio,1548.43,USD,payment,wallet,customer_2448,groceries,2026-08-16T00:10:15+00:00,0,6,successful
merchant_freshbite,1414.19,INR,payment,bank_transfer,customer_5913,groceries,2026-08-06T19:34:12+00:00,19,3,successful
merchant_swiftgear,655.96,INR,payment,upi,customer_8669,electronics,2026-08-14T23:04:10+00:00,23,4,successful
merchant_pixel_studio,813.6,INR,payment,netbanking,customer_8767,utilities,2026-08-25T12:12:15+00:00,12,1,successful
merchant_freshbite,69.73,EUR,payment,upi,customer_9916,travel,2026-08-10T17:43:33+00:00,17,0,successful
merchant_bluewave,2252.54,USD,refund,netbanking,customer_2165,marketing,2026-08-15T12:58:27+00:00,12,5,successful
merchant_greenleaf,831.6,EUR,refund,netbanking,customer_8319,marketing,2026-08-13T02:11:22+00:00,2,3,successful
merchant_greenleaf,1410.18,EUR,expense,card,customer_1577,office_supplies,2026-08-03T09:36:36+00:00,9,0,successful
merchant_techhive,1351.95,EUR,payment,upi,customer_9647,office_supplies,2026-08-19T21:12:42+00:00,21,2,successful
merchant_techhive,1329.37,USD,payment,upi,customer_5416,electronics,2026-08-24T19:23:02+00:00,19,0,successful
merchant_techhive,472.59,USD,chargeback,card,customer_8122,electronics,2026-08-20T10:04:01+00:00,10,3,successful
merchant_urbancart,1879.54,EUR,payment,netbanking,customer_3538,groceries,2026-08-21T08:32:55+00:00,8,4,successful
merchant_greenleaf,2378.2,EUR,payment,wallet,customer_8002,travel,2026-08-07T22:41:56+00:00,22,4,successful
merchant_swiftgear,60.88,USD,payment,wallet,customer_2018,marketing,2026-08-25T11:39:44+00:00,11,1,successful
merchant_bluewave,2419.82,INR,payment,upi,customer_4941,groceries,2026-08-21T18:04:40+00:00,18,4,successful
merchant_swiftgear,1065.99,EUR,payment,bank_transfer,customer_4088,utilities,2026-08-20T00:18:25+00:00,0,3,successful
merchant_swiftgear,252.37,USD,payment,bank_transfer,customer_9358,travel,2026-08-25T15:44:28+00:00,15,1,successful
merchant_greenleaf,2142.55,INR,payment,upi,customer_7933,office_supplies,2026-07-31T07:09:12+00:00,7,4,successful
merchant_techhive,1511.84,EUR,payment,netbanking,customer_8490,software_subscription,2026-08-16T09:45:01+00:00,9,6,successful
merchant_techhive,1737.84,INR,payment,bank_transfer,customer_2754,groceries,2026-08-05T08:21:13+00:00,8,2,successful
merchant_swiftgear,306.74,INR,payment,card,customer_7437,utilities,2026-08-05T19:05:42+00:00,19,2,successful
merchant_daily_grind_cafe,2191.08,USD,refund,bank_transfer,customer_6551,office_supplies,2026-08-09T15:58:49+00:00,15,6,successful
merchant_swiftgear,1345.86,EUR,expense,netbanking,customer_7513,marketing,2026-07-30T22:44:17+00:00,22,3,failed
merchant_techhive,1191.3,USD,expense,wallet,customer_7261,travel,2026-08-24T12:51:54+00:00,12,0,successful
merchant_techhive,116.07,INR,payment,netbanking,customer_8292,software_subscription,2026-08-01T15:52:02+00:00,15,5,pending
merchant_urbancart,726.41,USD,payment,wallet,customer_7824,travel,2026-08-14T23:39:27+00:00,23,4,successful
merchant_greenleaf,2256.0,USD,payment,netbanking,customer_3129,electronics,2026-08-22T19:25:49+00:00,19,5,failed
merchant_urbancart,1612.93,EUR,refund,netbanking,customer_8937,marketing,2026-08-24T18:15:08+00:00,18,0,successful
merchant_freshbite,236.07,EUR,expense,upi,customer_3166,groceries,2026-08-10T23:42:16+00:00,23,0,successful
merchant_bluewave,792.12,INR,payment,netbanking,customer_2080,marketing,2026-08-08T11:32:10+00:00,11,5,successful
merchant_bluewave,1120.89,USD,chargeback,upi,customer_9612,groceries,2026-08-26T06:45:21+00:00,6,2,pending
merchant_techhive,905.55,INR,chargeback,wallet,customer_9689,food_delivery,2026-07-29T15:13:22+00:00,15,2,successful
merchant_urbancart,2216.97,INR,expense,upi,customer_2797,food_delivery,2026-08-26T15:43:25+00:00,15,2,pending
merchant_swiftgear,1749.09,EUR,payment,wallet,customer_8676,food_delivery,2026-08-01T21:32:31+00:00,21,5,successful
merchant_bluewave,646.78,EUR,payment,wallet,customer_4264,food_delivery,2026-08-24T03:19:14+00:00,3,0,failed
merchant_techhive,1966.6,EUR,payment,card,customer_1144,food_delivery,2026-08-18T21:40:21+00:00,21,1,successful
merchant_daily_grind_cafe,1743.94,EUR,chargeback,bank_transfer,customer_4713,travel,2026-08-08T07:08:19+00:00,7,5,successful
merchant_urbancart,878.12,INR,payment,upi,customer_4718,marketing,2026-08-13T13:14:30+00:00,13,3,successful
merchant_greenleaf,244.87,USD,payment,wallet,customer_5245,utilities,2026-08-21T07:13:11+00:00,7,4,successful
merchant_swiftgear,1800.09,EUR,refund,wallet,customer_4052,electronics,2026-08-12T22:19:28+00:00,22,2,successful
merchant_urbancart,1527.27,USD,payment,wallet,customer_7021,food_delivery,2026-08-02T13:07:07+00:00,13,6,failed
merchant_urbancart,842.43,INR,payment,card,customer_9278,utilities,2026-08-03T15:58:16+00:00,15,0,successful
merchant_swiftgear,1050.07,EUR,payment,netbanking,customer_5599,groceries,2026-07-28T13:54:19+00:00,13,1,successful
merchant_swiftgear,889.75,INR,payment,upi,customer_2237,food_delivery,2026-08-15T01:39:50+00:00,1,5,successful
merchant_freshbite,1506.79,INR,payment,card,customer_8793,electronics,2026-08-23T04:39:31+00:00,4,6,successful
merchant_bluewave,1045.82,USD,expense,netbanking,customer_7473,groceries,2026-08-14T19:23:08+00:00,19,4,successful
merchant_greenleaf,1787.06,USD,chargeback,bank_transfer,customer_3184,electronics,2026-08-13T23:15:10+00:00,23,3,successful
merchant_urbancart,430.3,USD,payment,upi,customer_8374,travel,2026-08-18T17:45:18+00:00,17,1,pending
merchant_pixel_studio,374.55,INR,payment,netbanking,customer_8415,utilities,2026-08-05T13:17:13+00:00,13,2,successful
merchant_daily_grind_cafe,670.87,EUR,refund,card,customer_3751,software_subscription,2026-08-25T07:03:57+00:00,7,1,pending
merchant_urbancart,1925.55,USD,payment,wallet,customer_4338,electronics,2026-08-16T16:05:25+00:00,16,6,successful
merchant_techhive,1284.12,INR,refund,wallet,customer_5055,software_subscription,2026-08-25T09:05:05+00:00,9,1,successful
merchant_pixel_studio,2212.79,INR,payment,wallet,customer_7334,electronics,2026-08-09T10:28:46+00:00,10,6,successful
merchant_swiftgear,769.5,USD,payment,wallet,customer_7793,marketing,2026-08-01T09:54:27+00:00,9,5,successful
merchant_techhive,763.54,USD,refund,wallet,customer_2337,marketing,2026-08-13T13:41:21+00:00,13,3,successful
merchant_daily_grind_cafe,72.25,INR,refund,bank_transfer,customer_3319,electronics,2026-08-22T18:15:47+00:00,18,5,successful
merchant_urbancart,1656.21,USD,refund,netbanking,customer_6336,software_subscription,2026-08-04T15:28:11+00:00,15,1,successful
merchant_bluewave,561.38,EUR,payment,netbanking,customer_2346,travel,2026-08-09T05:22:21+00:00,5,6,successful
merchant_greenleaf,1987.4,USD,payment,card,customer_4761,office_supplies,2026-08-02T00:05:11+00:00,0,6,successful
merchant_pixel_studio,1179.0,INR,payment,bank_transfer,customer_4287,groceries,2026-08-03T11:13:40+00:00,11,0,successful
merchant_techhive,277.55,INR,chargeback,netbanking,customer_6883,groceries,2026-08-15T05:45:27+00:00,5,5,successful
merchant_pixel_studio,1375.53,EUR,payment,wallet,customer_8514,marketing,2026-07-29T05:38:50+00:00,5,2,successful
merchant_swiftgear,1058.71,EUR,payment,upi,customer_4586,groceries,2026-07-28T18:20:22+00:00,18,1,successful
merchant_pixel_studio,2304.98,USD,refund,upi,customer_6465,electronics,2026-07-29T17:44:31+00:00,17,2,successful
merchant_greenleaf,689.92,EUR,payment,netbanking,customer_2989,travel,2026-07-30T07:21:09+00:00,7,3,successful
merchant_greenleaf,1442.97,INR,payment,card,customer_3273,travel,2026-08-06T03:54:09+00:00,3,3,successful
merchant_bluewave,434.32,INR,chargeback,bank_transfer,customer_2103,software_subscription,2026-08-07T17:09:36+00:00,17,4,successful
merchant_urbancart,2290.14,USD,refund,wallet,customer_8023,software_subscription,2026-08-23T05:35:01+00:00,5,6,successful
merchant_daily_grind_cafe,2465.06,INR,payment,wallet,customer_3500,travel,2026-08-14T21:55:54+00:00,21,4,successful
merchant_freshbite,2383.88,USD,payment,upi,customer_5874,utilities,2026-08-08T13:54:19+00:00,13,5,successful
merchant_swiftgear,1721.55,EUR,payment,netbanking,customer_3798,food_delivery,2026-08-18T15:39:03+00:00,15,1,successful
merchant_urbancart,1511.55,USD,payment,wallet,customer_7888,utilities,2026-08-05T13:08:29+00:00,13,2,successful
merchant_urbancart,668.76,EUR,payment,upi,customer_6813,office_supplies,2026-07-31T18:06:59+00:00,18,4,successful
merchant_techhive,523.28,USD,payment,wallet,customer_6578,groceries,2026-08-12T17:17:21+00:00,17,2,successful
merchant_swiftgear,753.43,EUR,chargeback,bank_transfer,customer_3597,marketing,2026-08-24T00:03:25+00:00,0,0,successful
merchant_freshbite,2386.28,USD,payment,upi,customer_2093,groceries,2026-08-10T05:46:47+00:00,5,0,pending
merchant_swiftgear,713.15,INR,expense,netbanking,customer_8331,travel,2026-08-03T07:32:00+00:00,7,0,successful
merchant_techhive,1076.05,USD,payment,card,customer_9266,electronics,2026-07-30T17:15:15+00:00,17,3,successful
merchant_daily_grind_cafe,840.96,EUR,payment,card,customer_7398,marketing,2026-08-02T06:17:12+00:00,6,6,successful
merchant_greenleaf,66.91,INR,payment,upi,customer_1547,office_supplies,2026-08-22T21:45:31+00:00,21,5,successful
merchant_urbancart,1678.13,INR,payment,card,customer_3527,electronics,2026-08-08T00:49:05+00:00,0,5,successful
merchant_greenleaf,2107.43,EUR,payment,upi,customer_7344,electronics,2026-08-12T21:57:11+00:00,21,2,successful
merchant_freshbite,433.27,INR,payment,netbanking,customer_1277,utilities,2026-08-02T21:04:47+00:00,21,6,pending
merchant_techhive,2393.2,USD,payment,upi,customer_4712,office_supplies,2026-08-26T19:39:52+00:00,19,2,pending
merchant_pixel_studio,59.27,INR,payment,bank_transfer,customer_7328,electronics,2026-08-19T14:14:09+00:00,14,2,successful
merchant_freshbite,158.02,INR,payment,bank_transfer,customer_6057,electronics,2026-08-17T06:59:03+00:00,6,0,successful
merchant_swiftgear,1264.37,USD,chargeback,bank_transfer,customer_5338,software_subscription,2026-07-31T02:50:06+00:00,2,4,successful
merchant_greenleaf,1898.03,USD,payment,netbanking,customer_9491,utilities,2026-08-20T18:05:41+00:00,18,3,failed
merchant_freshbite,1962.5,USD,payment,wallet,customer_9483,electronics,2026-07-30T00:10:05+00:00,0,3,successful
merchant_pixel_studio,216.43,INR,payment,upi,customer_2952,travel,2026-07-31T11:06:08+00:00,11,4,successful
merchant_urbancart,95.54,INR,expense,wallet,customer_3011,marketing,2026-08-22T04:36:27+00:00,4,5,successful
merchant_swiftgear,898.18,USD,refund,wallet,customer_9991,food_delivery,2026-08-17T20:56:37+00:00,20,0,successful
merchant_techhive,266.02,INR,payment,wallet,customer_8896,marketing,2026-08-24T19:59:34+00:00,19,0,successful
merchant_bluewave,1342.29,EUR,refund,netbanking,customer_8759,travel,2026-08-15T11:09:14+00:00,11,5,successful
merchant_daily_grind_cafe,1540.21,USD,payment,netbanking,customer_8753,marketing,2026-08-20T00:08:33+00:00,0,3,successful
merchant_urbancart,1165.68,INR,payment,upi,customer_4310,travel,2026-08-20T16:11:55+00:00,16,3,successful
merchant_urbancart,143.45,INR,payment,netbanking,customer_2876,utilities,2026-08-18T07:42:02+00:00,7,1,successful
merchant_freshbite,1952.69,INR,payment,wallet,customer_5595,marketing,2026-08-12T06:11:14+00:00,6,2,successful
merchant_bluewave,901.77,USD,expense,wallet,customer_3320,travel,2026-08-24T10:55:40+00:00,10,0,successful
merchant_swiftgear,159.88,EUR,payment,upi,customer_9538,office_supplies,2026-08-18T01:53:00+00:00,1,1,successful
merchant_urbancart,2337.29,USD,payment,card,customer_4674,office_supplies,2026-07-31T20:44:50+00:00,20,4,successful
merchant_freshbite,2253.12,INR,payment,bank_transfer,customer_5298,software_subscription,2026-07-28T03:41:01+00:00,3,1,successful
merchant_greenleaf,263.27,INR,payment,card,customer_9905,office_supplies,2026-07-28T07:07:00+00:00,7,1,successful
merchant_freshbite,1526.99,USD,payment,netbanking,customer_9425,marketing,2026-08-15T05:35:07+00:00,5,5,successful
merchant_greenleaf,425.72,USD,payment,wallet,customer_6284,marketing,2026-07-30T01:42:47+00:00,1,3,successful
merchant_greenleaf,238.04,USD,refund,wallet,customer_8598,office_supplies,2026-08-22T13:41:44+00:00,13,5,successful
merchant_techhive,22.78,INR,payment,netbanking,customer_9127,office_supplies,2026-07-29T05:16:16+00:00,5,2,successful
merchant_urbancart,870.69,EUR,refund,upi,customer_4968,electronics,2026-08-01T05:06:48+00:00,5,5,successful
merchant_urbancart,825.24,USD,refund,netbanking,customer_6567,electronics,2026-08-08T09:51:31+00:00,9,5,successful
merchant_urbancart,2001.3,EUR,payment,netbanking,customer_3070,utilities,2026-08-22T06:05:36+00:00,6,5,failed
merchant_freshbite,2285.95,EUR,payment,bank_transfer,customer_9950,food_delivery,2026-08-15T04:48:42+00:00,4,5,failed
merchant_greenleaf,804.96,EUR,payment,upi,customer_5946,utilities,2026-08-19T20:17:36+00:00,20,2,successful
merchant_bluewave,1333.13,INR,expense,card,customer_9744,marketing,2026-08-19T01:59:21+00:00,1,2,successful
merchant_techhive,1252.68,INR,payment,netbanking,customer_1432,travel,2026-08-05T14:21:56+00:00,14,2,successful
merchant_daily_grind_cafe,91.79,EUR,payment,upi,customer_4709,food_delivery,2026-08-19T01:19:00+00:00,1,2,successful
merchant_pixel_studio,1541.39,USD,payment,bank_transfer,customer_9941,office_supplies,2026-08-23T17:26:47+00:00,17,6,successful
merchant_urbancart,1683.33,EUR,payment,upi,customer_7768,office_supplies,2026-08-22T20:14:49+00:00,20,5,successful
merchant_bluewave,473.63,EUR,payment,wallet,customer_2211,software_subscription,2026-08-16T16:37:25+00:00,16,6,pending
merchant_greenleaf,2489.38,EUR,refund,card,customer_9105,electronics,2026-08-13T02:58:32+00:00,2,3,successful
merchant_daily_grind_cafe,1580.2,INR,expense,upi,customer_6803,travel,2026-08-25T23:06:19+00:00,23,1,failed
merchant_urbancart,84.3,INR,payment,netbanking,customer_9779,utilities,2026-07-31T20:21:03+00:00,20,4,successful
merchant_daily_grind_cafe,2003.34,EUR,expense,card,customer_3712,software_subscription,2026-08-26T01:51:58+00:00,1,2,successful
merchant_greenleaf,2298.98,INR,chargeback,netbanking,customer_4681,marketing,2026-08-16T23:40:23+00:00,23,6,pending
merchant_bluewave,1293.2,INR,chargeback,bank_transfer,customer_2589,electronics,2026-07-30T01:00:12+00:00,1,3,failed
merchant_freshbite,479.79,INR,payment,netbanking,customer_1868,travel,2026-08-17T02:25:53+00:00,2,0,successful
merchant_daily_grind_cafe,584.84,USD,payment,card,customer_4071,travel,2026-08-20T18:18:58+00:00,18,3,successful
merchant_bluewave,2119.83,EUR,payment,netbanking,customer_8718,travel,2026-08-23T01:08:50+00:00,1,6,successful
merchant_bluewave,1092.45,INR,refund,card,customer_9692,marketing,2026-08-01T05:37:37+00:00,5,5,successful
merchant_techhive,1148.64,INR,payment,card,customer_7688,travel,2026-08-25T17:30:34+00:00,17,1,successful
merchant_urbancart,2206.46,INR,chargeback,upi,customer_8052,marketing,2026-08-08T06:31:08+00:00,6,5,successful
merchant_bluewave,965.56,EUR,payment,upi,customer_3491,marketing,2026-08-14T23:35:39+00:00,23,4,successful
merchant_techhive,378.37,USD,payment,card,customer_6949,office_supplies,2026-07-30T01:40:39+00:00,1,3,successful
merchant_freshbite,369.07,USD,payment,wallet,customer_5769,marketing,2026-08-10T07:29:27+00:00,7,0,successful
merchant_freshbite,1552.66,USD,refund,card,customer_5853,electronics,2026-08-18T05:44:47+00:00,5,1,successful
merchant_daily_grind_cafe,446.34,USD,payment,card,customer_8765,office_supplies,2026-08-14T15:24:10+00:00,15,4,pending
merchant_greenleaf,2428.31,USD,refund,bank_transfer,customer_3566,marketing,2026-07-27T11:52:47+00:00,11,0,successful
merchant_swiftgear,1858.81,USD,refund,wallet,customer_7989,travel,2026-08-10T11:30:57+00:00,11,0,successful
merchant_swiftgear,1124.53,INR,payment,card,customer_5598,food_delivery,2026-08-03T00:35:08+00:00,0,0,successful
merchant_urbancart,2253.63,INR,payment,card,customer_6727,electronics,2026-07-29T02:12:04+00:00,2,2,successful
merchant_freshbite,1690.54,EUR,payment,wallet,customer_9046,electronics,2026-08-12T14:15:57+00:00,14,2,successful
merchant_techhive,2466.19,USD,payment,upi,customer_6378,travel,2026-08-15T22:01:53+00:00,22,5,successful
merchant_swiftgear,1594.77,INR,payment,netbanking,customer_3268,electronics,2026-08-21T14:19:33+00:00,14,4,successful
merchant_daily_grind_cafe,1159.43,USD,expense,netbanking,customer_1998,marketing,2026-08-01T13:57:43+00:00,13,5,successful
merchant_swiftgear,1390.94,USD,payment,netbanking,customer_4669,utilities,2026-08-09T20:57:34+00:00,20,6,successful
merchant_techhive,847.37,INR,payment,bank_transfer,customer_9089,utilities,2026-08-05T22:36:21+00:00,22,2,successful
merchant_greenleaf,190.8,EUR,payment,wallet,customer_1105,utilities,2026-08-07T14:53:31+00:00,14,4,successful
merchant_bluewave,690.85,INR,payment,upi,customer_6219,software_subscription,2026-08-11T03:13:11+00:00,3,1,successful
merchant_swiftgear,451.6,EUR,payment,bank_transfer,customer_7736,travel,2026-08-26T05:27:21+00:00,5,2,successful
merchant_bluewave,2201.65,USD,expense,bank_transfer,customer_7396,software_subscription,2026-07-28T06:45:35+00:00,6,1,successful
merchant_pixel_studio,1592.14,EUR,payment,netbanking,customer_2446,groceries,2026-08-09T14:37:25+00:00,14,6,successful
merchant_pixel_studio,1301.83,USD,refund,card,customer_3699,software_subscription,2026-08-22T04:29:15+00:00,4,5,successful
merchant_bluewave,812.24,USD,payment,upi,customer_4451,groceries,2026-08-20T01:17:58+00:00,1,3,successful
merchant_daily_grind_cafe,1517.96,USD,payment,bank_transfer,customer_5980,software_subscription,2026-08-06T22:06:41+00:00,22,3,failed
merchant_techhive,769.86,USD,payment,wallet,customer_2877,marketing,2026-08-17T02:04:16+00:00,2,0,successful
merchant_greenleaf,2493.7,EUR,expense,bank_transfer,customer_5080,food_delivery,2026-08-18T05:14:41+00:00,5,1,pending
merchant_techhive,1716.21,USD,expense,upi,customer_1935,electronics,2026-07-30T19:55:34+00:00,19,3,pending
merchant_pixel_studio,670.46,INR,expense,bank_transfer,customer_8325,groceries,2026-08-03T09:35:35+00:00,9,0,successful
merchant_pixel_studio,968.43,USD,payment,wallet,customer_8506,food_delivery,2026-08-13T09:42:37+00:00,9,3,failed
merchant_greenleaf,50.63,INR,expense,netbanking,customer_4635,groceries,2026-08-14T18:12:27+00:00,18,4,failed
merchant_daily_grind_cafe,2323.6,USD,chargeback,card,customer_3292,software_subscription,2026-08-21T00:14:08+00:00,0,4,failed
merchant_daily_grind_cafe,1193.49,EUR,payment,upi,customer_1817,travel,2026-08-08T13:26:45+00:00,13,5,successful
merchant_daily_grind_cafe,1435.13,USD,payment,wallet,customer_3574,utilities,2026-08-02T21:43:08+00:00,21,6,successful
merchant_greenleaf,802.46,EUR,payment,upi,customer_5090,food_delivery,2026-08-17T23:38:24+00:00,23,0,successful
merchant_freshbite,1135.02,INR,payment,wallet,customer_9468,software_subscription,2026-08-09T03:43:17+00:00,3,6,successful
merchant_urbancart,1492.54,USD,payment,card,customer_3752,utilities,2026-08-11T21:54:39+00:00,21,1,successful
merchant_greenleaf,1417.99,EUR,chargeback,wallet,customer_7329,software_subscription,2026-08-22T07:15:12+00:00,7,5,pending
merchant_techhive,2162.33,EUR,payment,upi,customer_5315,software_subscription,2026-08-15T03:16:09+00:00,3,5,successful
merchant_bluewave,203.64,EUR,payment,bank_transfer,customer_6287,travel,2026-08-03T16:21:40+00:00,16,0,successful
merchant_urbancart,1548.99,INR,payment,netbanking,customer_6402,electronics,2026-08-23T00:21:51+00:00,0,6,successful
merchant_greenleaf,2001.72,INR,expense,upi,customer_5019,software_subscription,2026-08-06T23:07:11+00:00,23,3,pending
merchant_greenleaf,1716.5,EUR,payment,card,customer_7498,groceries,2026-08-08T06:40:46+00:00,6,5,successful
merchant_bluewave,2194.64,USD,payment,netbanking,customer_2968,travel,2026-07-29T07:21:56+00:00,7,2,successful
merchant_bluewave,12.31,USD,payment,card,customer_1961,travel,2026-08-22T00:44:49+00:00,0,5,successful
merchant_freshbite,1046.63,EUR,refund,upi,customer_4082,electronics,2026-07-31T21:18:43+00:00,21,4,successful
merchant_swiftgear,1949.08,EUR,chargeback,bank_transfer,customer_9248,utilities,2026-07-27T08:09:12+00:00,8,0,successful
merchant_freshbite,187.95,USD,payment,upi,customer_1164,utilities,2026-08-08T03:58:32+00:00,3,5,successful
merchant_daily_grind_cafe,45.45,USD,payment,netbanking,customer_1634,groceries,2026-08-14T22:28:30+00:00,22,4,successful
merchant_techhive,763.9,EUR,payment,bank_transfer,customer_5156,marketing,2026-08-19T08:51:51+00:00,8,2,successful
merchant_swiftgear,2420.23,INR,refund,card,customer_3187,software_subscription,2026-07-28T12:14:23+00:00,12,1,failed
merchant_urbancart,1523.55,INR,payment,wallet,customer_9320,marketing,2026-08-05T06:44:01+00:00,6,2,successful
merchant_greenleaf,396.28,EUR,payment,upi,customer_1519,software_subscription,2026-08-03T23:22:28+00:00,23,0,pending
merchant_freshbite,132.32,USD,payment,card,customer_5400,electronics,2026-08-26T18:22:40+00:00,18,2,successful
merchant_freshbite,1725.26,INR,refund,wallet,customer_4484,electronics,2026-08-19T19:11:37+00:00,19,2,successful
merchant_greenleaf,1045.25,INR,expense,card,customer_6478,travel,2026-08-21T14:00:06+00:00,14,4,successful
merchant_greenleaf,398.27,EUR,payment,upi,customer_4549,marketing,2026-08-02T01:33:35+00:00,1,6,successful
merchant_freshbite,617.95,USD,expense,upi,customer_2644,office_supplies,2026-08-26T15:08:37+00:00,15,2,successful
merchant_swiftgear,988.55,USD,payment,bank_transfer,customer_2412,office_supplies,2026-08-12T22:38:20+00:00,22,2,pending
merchant_daily_grind_cafe,1636.43,USD,payment,upi,customer_2447,groceries,2026-08-12T14:24:25+00:00,14,2,successful
merchant_greenleaf,1401.96,EUR,payment,netbanking,customer_9036,travel,2026-08-14T10:53:55+00:00,10,4,successful
merchant_swiftgear,1225.22,USD,chargeback,bank_transfer,customer_7624,utilities,2026-08-15T15:10:43+00:00,15,5,pending
merchant_techhive,491.48,USD,chargeback,upi,customer_8720,office_supplies,2026-08-06T05:48:43+00:00,5,3,successful
merchant_techhive,2132.85,USD,expense,bank_transfer,customer_8585,office_supplies,2026-08-16T23:51:20+00:00,23,6,successful
merchant_pixel_studio,1854.75,INR,expense,netbanking,customer_9730,groceries,2026-08-15T08:53:24+00:00,8,5,successful
merchant_techhive,1414.67,USD,payment,upi,customer_2963,electronics,2026-08-15T11:45:26+00:00,11,5,pending
merchant_bluewave,2359.5,EUR,chargeback,netbanking,customer_1259,office_supplies,2026-07-28T06:31:35+00:00,6,1,failed
merchant_pixel_studio,123.01,EUR,payment,card,customer_9483,groceries,2026-08-14T20:30:42+00:00,20,4,successful
merchant_bluewave,1337.25,INR,chargeback,upi,customer_6978,marketing,2026-08-09T15:28:58+00:00,15,6,successful
merchant_urbancart,24.95,EUR,payment,card,customer_2481,software_subscription,2026-08-08T01:09:19+00:00,1,5,successful
merchant_daily_grind_cafe,2079.37,USD,payment,bank_transfer,customer_7181,utilities,2026-08-05T10:17:31+00:00,10,2,successful
merchant_bluewave,1241.5,USD,payment,bank_transfer,customer_5445,software_subscription,2026-08-06T17:15:58+00:00,17,3,successful
merchant_techhive,954.99,EUR,expense,upi,customer_6785,food_delivery,2026-08-21T06:38:00+00:00,6,4,successful
merchant_daily_grind_cafe,953.41,EUR,expense,netbanking,customer_4739,electronics,2026-08-04T02:59:14+00:00,2,1,successful
merchant_techhive,2154.3,USD,payment,netbanking,customer_7274,food_delivery,2026-08-13T19:55:59+00:00,19,3,successful
merchant_techhive,1756.62,INR,payment,wallet,customer_7257,travel,2026-08-16T19:54:32+00:00,19,6,successful
merchant_urbancart,2344.02,USD,expense,wallet,customer_2988,software_subscription,2026-08-02T23:08:02+00:00,23,6,successful
merchant_daily_grind_cafe,1579.51,EUR,refund,netbanking,customer_7348,food_delivery,2026-08-17T07:53:53+00:00,7,0,successful
merchant_pixel_studio,144.25,EUR,payment,upi,customer_2306,software_subscription,2026-08-01T23:53:47+00:00,23,5,successful
merchant_swiftgear,441.86,EUR,payment,card,customer_2564,software_subscription,2026-08-04T11:39:21+00:00,11,1,successful
merchant_daily_grind_cafe,2440.78,INR,payment,bank_transfer,customer_4366,marketing,2026-08-22T12:24:40+00:00,12,5,failed
merchant_swiftgear,1308.36,INR,payment,wallet,customer_8639,electronics,2026-08-12T22:38:51+00:00,22,2,successful
merchant_techhive,2263.4,INR,payment,wallet,customer_7688,marketing,2026-08-08T09:50:04+00:00,9,5,successful
merchant_freshbite,2244.95,EUR,payment,upi,customer_4011,marketing,2026-08-20T18:41:01+00:00,18,3,successful
merchant_greenleaf,1302.95,USD,refund,card,customer_7107,utilities,2026-08-24T07:40:02+00:00,7,0,failed
merchant_bluewave,1199.18,INR,payment,upi,customer_3010,software_subscription,2026-08-10T03:51:11+00:00,3,0,successful
merchant_freshbite,2302.98,EUR,payment,upi,customer_5403,software_subscription,2026-08-25T22:20:26+00:00,22,1,successful
merchant_freshbite,1107.03,USD,payment,bank_transfer,customer_8668,travel,2026-07-29T16:25:54+00:00,16,2,successful
merchant_urbancart,2497.38,EUR,payment,card,customer_2368,groceries,2026-07-30T14:36:52+00:00,14,3,successful
merchant_techhive,2328.63,USD,payment,upi,customer_9362,marketing,2026-07-29T06:48:46+00:00,6,2,successful
merchant_greenleaf,1012.78,INR,payment,wallet,customer_9378,groceries,2026-08-24T01:46:57+00:00,1,0,successful
merchant_pixel_studio,1892.38,EUR,chargeback,upi,customer_2251,software_subscription,2026-08-14T20:00:48+00:00,20,4,successful
merchant_techhive,308.78,USD,payment,netbanking,customer_3222,utilities,2026-08-09T20:09:57+00:00,20,6,successful
merchant_pixel_studio,1912.39,EUR,payment,bank_transfer,customer_3405,travel,2026-08-22T10:12:01+00:00,10,5,successful
merchant_bluewave,1245.43,EUR,payment,bank_transfer,customer_1298,software_subscription,2026-08-25T10:53:47+00:00,10,1,successful
merchant_bluewave,1649.26,INR,payment,netbanking,customer_1925,office_supplies,2026-08-13T16:08:25+00:00,16,3,failed
merchant_greenleaf,1743.09,EUR,payment,card,customer_3345,utilities,2026-08-13T17:36:56+00:00,17,3,successful
merchant_bluewave,710.5,INR,payment,bank_transfer,customer_7684,electronics,2026-07-29T04:50:51+00:00,4,2,successful
merchant_daily_grind_cafe,2491.1,INR,payment,upi,customer_5197,food_delivery,2026-08-21T02:23:35+00:00,2,4,successful
merchant_greenleaf,336.96,INR,refund,bank_transfer,customer_2015,marketing,2026-08-13T09:49:33+00:00,9,3,successful
merchant_greenleaf,2306.59,INR,payment,bank_transfer,customer_2918,groceries,2026-08-14T06:03:52+00:00,6,4,successful
merchant_swiftgear,250.78,INR,payment,wallet,customer_9147,travel,2026-08-22T05:10:24+00:00,5,5,successful
merchant_daily_grind_cafe,2259.23,EUR,payment,netbanking,customer_8154,software_subscription,2026-08-10T11:01:06+00:00,11,0,successful
merchant_pixel_studio,1889.19,EUR,payment,bank_transfer,customer_7742,food_delivery,2026-07-31T14:23:18+00:00,14,4,successful
merchant_techhive,1626.43,USD,payment,upi,customer_7846,office_supplies,2026-08-20T00:28:47+00:00,0,3,pending
merchant_bluewave,254.36,EUR,payment,upi,customer_3459,electronics,2026-08-01T14:26:01+00:00,14,5,successful
merchant_greenleaf,1908.89,USD,payment,netbanking,customer_4232,electronics,2026-08-25T18:11:36+00:00,18,1,successful
merchant_swiftgear,2077.79,USD,payment,wallet,customer_6439,electronics,2026-08-04T09:56:53+00:00,9,1,failed
merchant_greenleaf,197.71,EUR,payment,upi,customer_3995,travel,2026-08-16T19:44:08+00:00,19,6,successful
merchant_swiftgear,160.71,EUR,payment,card,customer_8637,software_subscription,2026-08-12T06:44:34+00:00,6,2,pending
merchant_urbancart,545.82,USD,payment,card,customer_8589,travel,2026-08-10T11:21:25+00:00,11,0,successful
merchant_swiftgear,599.44,EUR,expense,netbanking,customer_8390,utilities,2026-08-16T05:08:12+00:00,5,6,pending
merchant_daily_grind_cafe,113.13,INR,payment,netbanking,customer_5649,software_subscription,2026-08-02T14:51:41+00:00,14,6,successful
merchant_bluewave,2263.04,EUR,expense,bank_transfer,customer_9851,food_delivery,2026-08-04T11:25:07+00:00,11,1,successful
merchant_greenleaf,399.51,INR,payment,wallet,customer_4060,food_delivery,2026-08-20T22:58:23+00:00,22,3,successful
merchant_bluewave,1204.3,INR,payment,bank_transfer,customer_8012,groceries,2026-08-06T21:34:05+00:00,21,3,failed
merchant_freshbite,1890.32,USD,refund,bank_transfer,customer_6058,groceries,2026-07-30T08:58:32+00:00,8,3,successful
merchant_techhive,2286.74,EUR,payment,wallet,customer_8421,office_supplies,2026-08-07T06:48:14+00:00,6,4,successful
merchant_daily_grind_cafe,2013.47,INR,refund,wallet,customer_8493,software_subscription,2026-07-30T03:59:19+00:00,3,3,successful
merchant_greenleaf,952.18,USD,payment,bank_transfer,customer_9493,food_delivery,2026-08-26T02:07:15+00:00,2,2,successful
merchant_bluewave,281.58,INR,payment,card,customer_8034,groceries,2026-08-13T07:00:42+00:00,7,3,failed
merchant_greenleaf,2016.88,EUR,payment,wallet,customer_4425,software_subscription,2026-08-11T03:17:46+00:00,3,1,failed
merchant_freshbite,2255.27,USD,payment,wallet,customer_4161,software_subscription,2026-08-04T16:07:12+00:00,16,1,successful
merchant_daily_grind_cafe,331.98,INR,payment,card,customer_6501,office_supplies,2026-08-18T12:22:31+00:00,12,1,successful
merchant_freshbite,152.01,USD,payment,wallet,customer_2894,groceries,2026-08-06T10:38:03+00:00,10,3,successful
merchant_urbancart,1355.7,EUR,payment,card,customer_8127,utilities,2026-08-01T03:25:05+00:00,3,5,successful
merchant_techhive,1122.71,USD,payment,card,customer_2303,travel,2026-08-14T09:47:40+00:00,9,4,successful
merchant_urbancart,1633.09,EUR,payment,upi,customer_7517,utilities,2026-07-28T09:27:09+00:00,9,1,successful
merchant_urbancart,430.06,USD,refund,upi,customer_9464,groceries,2026-08-16T14:38:10+00:00,14,6,successful
merchant_bluewave,79.88,USD,payment,wallet,customer_6865,marketing,2026-08-11T21:14:38+00:00,21,1,successful
merchant_pixel_studio,1285.33,USD,chargeback,card,customer_8160,food_delivery,2026-08-06T09:35:04+00:00,9,3,successful
merchant_pixel_studio,1242.16,INR,payment,upi,customer_7597,software_subscription,2026-08-09T12:11:34+00:00,12,6,successful
merchant_swiftgear,238.85,USD,payment,card,customer_7690,food_delivery,2026-07-30T15:43:21+00:00,15,3,successful
merchant_freshbite,1638.51,INR,refund,bank_transfer,customer_6066,groceries,2026-08-23T00:31:19+00:00,0,6,successful
merchant_daily_grind_cafe,1375.78,EUR,payment,bank_transfer,customer_7737,food_delivery,2026-08-04T00:18:01+00:00,0,1,successful
merchant_daily_grind_cafe,1573.2,USD,refund,wallet,customer_7503,office_supplies,2026-08-23T03:32:35+00:00,3,6,successful
merchant_greenleaf,1369.51,EUR,payment,netbanking,customer_4762,office_supplies,2026-08-20T20:41:47+00:00,20,3,successful
merchant_urbancart,190.15,EUR,chargeback,upi,customer_5026,office_supplies,2026-08-19T00:43:43+00:00,0,2,successful
merchant_techhive,1388.58,INR,payment,card,customer_6590,utilities,2026-07-29T04:23:46+00:00,4,2,successful
merchant_daily_grind_cafe,424.93,USD,payment,bank_transfer,customer_2183,travel,2026-08-01T20:56:56+00:00,20,5,successful
merchant_urbancart,2433.76,EUR,refund,upi,customer_7814,groceries,2026-08-14T15:26:42+00:00,15,4,successful
merchant_urbancart,2068.55,EUR,payment,bank_transfer,customer_7108,food_delivery,2026-08-09T07:28:57+00:00,7,6,successful
merchant_bluewave,1703.29,EUR,payment,upi,customer_2512,office_supplies,2026-08-12T02:57:22+00:00,2,2,successful
merchant_pixel_studio,2449.3,USD,payment,card,customer_4621,software_subscription,2026-08-02T22:05:02+00:00,22,6,successful
merchant_bluewave,2406.97,INR,refund,netbanking,customer_9253,electronics,2026-08-22T16:13:59+00:00,16,5,successful
merchant_techhive,1686.61,EUR,payment,bank_transfer,customer_2094,groceries,2026-08-04T20:53:33+00:00,20,1,successful
merchant_bluewave,206.22,INR,chargeback,bank_transfer,customer_8105,marketing,2026-07-28T06:12:30+00:00,6,1,successful
merchant_pixel_studio,2150.75,USD,payment,card,customer_6614,electronics,2026-08-10T15:38:27+00:00,15,0,failed
merchant_swiftgear,451.23,INR,payment,card,customer_5670,electronics,2026-08-05T12:03:22+00:00,12,2,successful
merchant_greenleaf,764.0,EUR,payment,netbanking,customer_4272,food_delivery,2026-08-14T14:05:46+00:00,14,4,pending
merchant_daily_grind_cafe,124.37,USD,payment,netbanking,customer_4154,groceries,2026-08-06T06:36:20+00:00,6,3,successful
merchant_greenleaf,1517.12,INR,refund,netbanking,customer_3400,travel,2026-07-28T07:18:08+00:00,7,1,successful
merchant_urbancart,55.68,INR,payment,wallet,customer_3846,software_subscription,2026-08-09T01:19:21+00:00,1,6,successful
merchant_daily_grind_cafe,782.51,INR,payment,bank_transfer,customer_9291,software_subscription,2026-08-05T22:12:11+00:00,22,2,successful
merchant_swiftgear,263.37,INR,payment,wallet,customer_5692,utilities,2026-08-11T13:16:36+00:00,13,1,successful
merchant_daily_grind_cafe,1049.24,EUR,payment,upi,customer_6863,travel,2026-08-19T20:13:50+00:00,20,2,successful
merchant_daily_grind_cafe,273.81,USD,expense,upi,customer_9481,office_supplies,2026-08-11T04:48:51+00:00,4,1,successful
merchant_daily_grind_cafe,449.65,USD,refund,bank_transfer,customer_8609,groceries,2026-08-13T12:02:57+00:00,12,3,successful
merchant_urbancart,2259.6,INR,payment,bank_transfer,customer_1855,food_delivery,2026-08-03T22:48:33+00:00,22,0,pending
merchant_greenleaf,1350.73,INR,refund,bank_transfer,customer_9119,marketing,2026-07-29T19:31:34+00:00,19,2,successful
merchant_daily_grind_cafe,943.17,INR,payment,wallet,customer_4273,software_subscription,2026-08-06T18:38:01+00:00,18,3,pending
merchant_urbancart,1561.07,USD,payment,upi,customer_6815,software_subscription,2026-08-08T10:32:00+00:00,10,5,successful
merchant_pixel_studio,1521.96,INR,expense,netbanking,customer_8362,software_subscription,2026-08-11T01:41:29+00:00,1,1,successful
merchant_swiftgear,1519.01,USD,chargeback,card,customer_4468,office_supplies,2026-08-09T16:32:44+00:00,16,6,pending
merchant_urbancart,585.86,USD,payment,bank_transfer,customer_8122,office_supplies,2026-08-25T07:33:32+00:00,7,1,failed
merchant_greenleaf,494.41,USD,payment,upi,customer_4201,travel,2026-08-18T04:59:59+00:00,4,1,successful
merchant_pixel_studio,1039.3,USD,refund,netbanking,customer_6619,software_subscription,2026-08-07T10:17:02+00:00,10,4,failed
merchant_techhive,1849.8,USD,expense,wallet,customer_6202,utilities,2026-08-21T21:44:54+00:00,21,4,successful
merchant_pixel_studio,241.48,USD,payment,wallet,customer_2522,utilities,2026-08-12T19:51:04+00:00,19,2,successful
merchant_techhive,1416.85,INR,chargeback,card,customer_4259,groceries,2026-08-14T15:01:48+00:00,15,4,successful
merchant_urbancart,424.89,INR,payment,card,customer_7045,groceries,2026-08-17T10:41:15+00:00,10,0,successful
merchant_urbancart,2160.64,USD,payment,wallet,customer_4919,electronics,2026-08-01T18:42:12+00:00,18,5,successful
merchant_freshbite,1930.63,USD,payment,wallet,customer_7440,office_supplies,2026-08-10T15:15:33+00:00,15,0,successful
merchant_urbancart,2318.22,EUR,payment,bank_transfer,customer_3105,groceries,2026-08-10T00:17:06+00:00,0,0,failed
merchant_swiftgear,490.7,USD,payment,wallet,customer_4830,travel,2026-08-21T04:40:29+00:00,4,4,successful
merchant_bluewave,742.75,USD,payment,card,customer_3172,electronics,2026-08-15T23:23:51+00:00,23,5,pending
merchant_greenleaf,1623.7,INR,payment,netbanking,customer_2900,marketing,2026-08-23T12:43:22+00:00,12,6,successful
merchant_swiftgear,357.52,INR,chargeback,upi,customer_4408,office_supplies,2026-08-14T22:59:21+00:00,22,4,failed
merchant_freshbite,1229.76,USD,payment,card,customer_1650,utilities,2026-07-30T02:22:52+00:00,2,3,pending
merchant_daily_grind_cafe,2327.41,USD,chargeback,netbanking,customer_2812,software_subscription,2026-07-31T22:15:29+00:00,22,4,successful
merchant_daily_grind_cafe,1100.78,EUR,payment,bank_transfer,customer_5012,marketing,2026-07-28T12:09:38+00:00,12,1,successful
merchant_greenleaf,58.28,EUR,payment,bank_transfer,customer_6710,electronics,2026-08-05T13:55:42+00:00,13,2,successful
merchant_daily_grind_cafe,966.32,EUR,payment,netbanking,customer_6668,travel,2026-08-07T19:31:12+00:00,19,4,successful
merchant_freshbite,2022.28,INR,payment,upi,customer_8185,food_delivery,2026-08-01T02:26:02+00:00,2,5,failed
merchant_greenleaf,917.35,EUR,payment,bank_transfer,customer_1979,office_supplies,2026-08-11T11:02:34+00:00,11,1,successful
merchant_greenleaf,524.06,EUR,refund,wallet,customer_1736,electronics,2026-08-12T09:03:18+00:00,9,2,successful
merchant_swiftgear,24.03,USD,payment,bank_transfer,customer_2560,electronics,2026-08-11T20:33:18+00:00,20,1,successful
merchant_urbancart,597.55,INR,payment,wallet,customer_8819,food_delivery,2026-08-09T02:46:52+00:00,2,6,successful
merchant_freshbite,779.47,INR,payment,upi,customer_9959,electronics,2026-08-09T04:49:58+00:00,4,6,pending
merchant_pixel_studio,93.84,INR,payment,upi,customer_8613,electronics,2026-08-14T19:37:04+00:00,19,4,successful
merchant_bluewave,2029.26,INR,refund,bank_transfer,customer_9489,food_delivery,2026-08-15T22:48:17+00:00,22,5,successful
merchant_freshbite,2212.92,INR,refund,bank_transfer,customer_2585,marketing,2026-08-07T01:06:11+00:00,1,4,failed
merchant_daily_grind_cafe,1666.97,INR,payment,upi,customer_6037,office_supplies,2026-08-24T17:34:52+00:00,17,0,successful
merchant_bluewave,250.06,USD,payment,card,customer_7417,marketing,2026-08-11T18:30:47+00:00,18,1,successful
merchant_greenleaf,2424.59,EUR,payment,bank_transfer,customer_2261,software_subscription,2026-08-20T18:09:13+00:00,18,3,successful
merchant_pixel_studio,712.56,EUR,payment,netbanking,customer_6582,travel,2026-08-20T11:52:26+00:00,11,3,successful
merchant_bluewave,1423.45,EUR,payment,upi,customer_7000,electronics,2026-08-05T23:35:21+00:00,23,2,successful
merchant_freshbite,697.6,USD,payment,upi,customer_1176,marketing,2026-08-08T15:18:21+00:00,15,5,successful
merchant_urbancart,830.09,EUR,payment,upi,customer_2726,food_delivery,2026-08-15T12:24:41+00:00,12,5,successful
merchant_pixel_studio,1401.04,EUR,payment,wallet,customer_2506,office_supplies,2026-08-03T23:51:14+00:00,23,0,successful
merchant_swiftgear,714.06,INR,payment,bank_transfer,customer_3537,groceries,2026-08-20T07:20:26+00:00,7,3,failed
merchant_freshbite,95.37,INR,payment,netbanking,customer_5237,electronics,2026-08-05T21:22:17+00:00,21,2,successful
merchant_greenleaf,1217.62,EUR,payment,netbanking,customer_3000,groceries,2026-08-04T12:52:42+00:00,12,1,successful
merchant_bluewave,1245.67,INR,payment,wallet,customer_8105,groceries,2026-08-25T22:22:01+00:00,22,1,pending
merchant_freshbite,314.14,USD,payment,bank_transfer,customer_1772,software_subscription,2026-07-28T01:16:06+00:00,1,1,successful
merchant_bluewave,1438.01,USD,payment,card,customer_1589,marketing,2026-08-12T15:05:40+00:00,15,2,successful
merchant_techhive,35.3,EUR,payment,card,customer_7603,travel,2026-08-23T02:34:08+00:00,2,6,successful
merchant_swiftgear,1420.23,USD,payment,netbanking,customer_8679,groceries,2026-08-20T04:30:20+00:00,4,3,successful
merchant_pixel_studio,2306.88,INR,refund,netbanking,customer_7531,groceries,2026-08-14T02:27:29+00:00,2,4,successful
merchant_swiftgear,1608.98,EUR,refund,card,customer_3905,office_supplies,2026-08-14T08:38:22+00:00,8,4,successful
merchant_swiftgear,73.59,USD,payment,bank_transfer,customer_8770,travel,2026-08-13T16:38:16+00:00,16,3,successful
merchant_bluewave,1144.81,USD,expense,bank_transfer,customer_9000,office_supplies,2026-08-04T03:19:36+00:00,3,1,failed
merchant_bluewave,132.88,INR,payment,upi,customer_3946,food_delivery,2026-08-12T16:12:00+00:00,16,2,successful
merchant_freshbite,2191.18,INR,payment,card,customer_4921,groceries,2026-08-22T14:14:57+00:00,14,5,successful
merchant_daily_grind_cafe,2324.22,USD,refund,wallet,customer_7367,electronics,2026-08-10T20:32:18+00:00,20,0,successful
merchant_freshbite,2417.34,USD,refund,card,customer_9126,groceries,2026-07-28T23:14:22+00:00,23,1,successful
merchant_techhive,2133.75,INR,refund,bank_transfer,customer_4794,electronics,2026-08-15T20:17:48+00:00,20,5,failed
merchant_swiftgear,1984.22,EUR,payment,upi,customer_5637,groceries,2026-08-23T15:13:42+00:00,15,6,successful
merchant_bluewave,2310.54,USD,chargeback,netbanking,customer_7372,utilities,2026-08-09T22:12:03+00:00,22,6,successful
merchant_bluewave,354.36,INR,payment,upi,customer_6952,marketing,2026-08-22T09:59:34+00:00,9,5,successful
merchant_techhive,926.64,INR,refund,netbanking,customer_4988,electronics,2026-08-18T11:47:49+00:00,11,1,successful
merchant_daily_grind_cafe,2470.61,EUR,payment,card,customer_3761,electronics,2026-08-18T20:29:03+00:00,20,1,successful
merchant_techhive,1420.55,EUR,payment,bank_transfer,customer_3213,food_delivery,2026-08-04T03:49:42+00:00,3,1,pending
merchant_bluewave,166.06,EUR,refund,card,customer_9015,travel,2026-07-28T16:56:18+00:00,16,1,successful
merchant_swiftgear,2448.56,INR,payment,card,customer_1106,groceries,2026-08-03T21:05:49+00:00,21,0,successful
merchant_techhive,303.22,USD,payment,bank_transfer,customer_4976,marketing,2026-08-05T10:33:11+00:00,10,2,successful
merchant_urbancart,2053.84,USD,refund,bank_transfer,customer_7629,marketing,2026-08-26T00:35:04+00:00,0,2,failed
merchant_urbancart,2111.59,EUR,payment,bank_transfer,customer_6636,food_delivery,2026-08-21T07:41:31+00:00,7,4,successful
merchant_pixel_studio,1275.63,USD,refund,wallet,customer_1160,utilities,2026-08-15T03:15:18+00:00,3,5,failed
merchant_swiftgear,963.47,EUR,payment,upi,customer_3044,electronics,2026-08-05T12:30:25+00:00,12,2,successful
merchant_freshbite,1540.07,EUR,refund,netbanking,customer_3776,utilities,2026-08-13T04:57:20+00:00,4,3,successful
merchant_freshbite,2181.04,USD,expense,netbanking,customer_1388,marketing,2026-08-19T14:16:53+00:00,14,2,successful
merchant_daily_grind_cafe,2159.67,USD,expense,upi,customer_9607,software_subscription,2026-08-11T15:23:32+00:00,15,1,successful
merchant_freshbite,500.57,EUR,payment,upi,customer_2826,utilities,2026-08-21T12:34:48+00:00,12,4,successful
merchant_swiftgear,556.74,EUR,payment,upi,customer_9355,food_delivery,2026-08-06T00:43:52+00:00,0,3,failed
merchant_daily_grind_cafe,1269.94,USD,payment,wallet,customer_5875,software_subscription,2026-08-13T10:00:18+00:00,10,3,successful
merchant_bluewave,1566.76,EUR,expense,upi,customer_7338,marketing,2026-08-21T02:56:02+00:00,2,4,pending
merchant_urbancart,1831.85,INR,payment,bank_transfer,customer_9287,utilities,2026-08-22T21:57:25+00:00,21,5,successful
merchant_pixel_studio,832.67,INR,payment,netbanking,customer_4520,office_supplies,2026-08-25T11:41:31+00:00,11,1,failed
merchant_freshbite,1592.51,USD,refund,card,customer_2151,utilities,2026-08-17T17:58:37+00:00,17,0,successful
merchant_greenleaf,1607.99,EUR,expense,netbanking,customer_8612,office_supplies,2026-08-03T14:31:23+00:00,14,0,successful
merchant_swiftgear,1001.26,EUR,chargeback,wallet,customer_8023,marketing,2026-08-16T05:55:38+00:00,5,6,successful
merchant_greenleaf,1948.97,USD,refund,wallet,customer_5393,food_delivery,2026-08-20T19:13:40+00:00,19,3,failed
merchant_bluewave,1136.17,INR,payment,bank_transfer,customer_9655,electronics,2026-08-24T13:37:37+00:00,13,0,failed
merchant_urbancart,94.02,EUR,payment,upi,customer_5617,electronics,2026-08-20T06:49:30+00:00,6,3,successful
merchant_bluewave,806.3,EUR,payment,bank_transfer,customer_6666,utilities,2026-08-14T14:11:56+00:00,14,4,pending
merchant_bluewave,925.11,INR,payment,upi,customer_1438,software_subscription,2026-08-17T04:30:10+00:00,4,0,successful
merchant_greenleaf,161.75,USD,payment,bank_transfer,customer_4273,office_supplies,2026-08-07T10:38:18+00:00,10,4,failed
merchant_urbancart,624.86,EUR,refund,card,customer_4400,office_supplies,2026-08-18T16:30:42+00:00,16,1,successful
merchant_freshbite,62.54,INR,payment,card,customer_3891,office_supplies,2026-08-05T04:04:37+00:00,4,2,successful
merchant_daily_grind_cafe,2266.22,EUR,payment,card,customer_1073,travel,2026-08-07T04:53:28+00:00,4,4,successful
merchant_urbancart,2190.7,EUR,expense,card,customer_5727,office_supplies,2026-08-24T05:38:57+00:00,5,0,successful
merchant_pixel_studio,1273.13,EUR,payment,netbanking,customer_4070,travel,2026-08-22T06:12:22+00:00,6,5,successful
merchant_pixel_studio,1498.89,EUR,chargeback,wallet,customer_9875,utilities,2026-08-14T01:00:45+00:00,1,4,failed
merchant_greenleaf,1522.31,EUR,payment,upi,customer_6972,software_subscription,2026-08-12T21:17:57+00:00,21,2,failed
merchant_greenleaf,474.27,EUR,payment,netbanking,customer_5537,electronics,2026-08-03T12:09:15+00:00,12,0,successful
merchant_techhive,726.3,USD,payment,card,customer_9301,software_subscription,2026-08-18T10:36:09+00:00,10,1,pending
merchant_pixel_studio,597.77,EUR,payment,card,customer_4519,office_supplies,2026-08-02T13:52:14+00:00,13,6,failed
merchant_greenleaf,850.48,INR,refund,wallet,customer_2590,groceries,2026-08-19T00:52:07+00:00,0,2,failed
merchant_techhive,221.08,INR,payment,card,customer_8480,groceries,2026-08-18T09:51:22+00:00,9,1,successful
merchant_greenleaf,574.07,EUR,payment,card,customer_2939,office_supplies,2026-08-18T15:30:58+00:00,15,1,pending
merchant_urbancart,1666.02,EUR,payment,wallet,customer_3850,marketing,2026-08-03T11:31:37+00:00,11,0,successful
merchant_daily_grind_cafe,1621.59,INR,payment,wallet,customer_3698,utilities,2026-08-06T10:34:06+00:00,10,3,successful
merchant_greenleaf,127.24,EUR,payment,bank_transfer,customer_4366,office_supplies,2026-08-25T13:18:06+00:00,13,1,successful
merchant_techhive,230.49,EUR,payment,card,customer_3750,groceries,2026-07-29T03:13:12+00:00,3,2,successful
merchant_techhive,822.01,EUR,refund,bank_transfer,customer_3760,utilities,2026-08-25T02:17:41+00:00,2,1,successful
merchant_greenleaf,1456.13,USD,payment,upi,customer_4169,software_subscription,2026-07-29T18:23:44+00:00,18,2,successful
merchant_bluewave,1877.13,INR,payment,wallet,customer_6603,marketing,2026-07-29T20:12:50+00:00,20,2,failed
merchant_greenleaf,1254.7,EUR,payment,upi,customer_2418,food_delivery,2026-08-23T04:09:49+00:00,4,6,successful
merchant_swiftgear,1853.24,EUR,payment,upi,customer_9777,travel,2026-08-19T00:55:58+00:00,0,2,successful
merchant_bluewave,221.09,EUR,payment,bank_transfer,customer_4854,marketing,2026-08-18T12:24:52+00:00,12,1,successful
merchant_daily_grind_cafe,184.24,INR,payment,upi,customer_3313,electronics,2026-08-12T08:50:23+00:00,8,2,successful
merchant_freshbite,686.28,EUR,payment,wallet,customer_4403,travel,2026-07-30T12:23:29+00:00,12,3,successful
merchant_urbancart,1453.38,INR,refund,netbanking,customer_6288,utilities,2026-08-03T03:23:36+00:00,3,0,failed
merchant_pixel_studio,773.54,USD,payment,bank_transfer,customer_6950,office_supplies,2026-07-30T11:02:21+00:00,11,3,successful
merchant_daily_grind_cafe,1779.88,USD,payment,bank_transfer,customer_8399,software_subscription,2026-08-16T07:41:23+00:00,7,6,successful
merchant_swiftgear,1389.25,USD,payment,netbanking,customer_1583,office_supplies,2026-08-02T02:10:50+00:00,2,6,failed
merchant_greenleaf,2385.21,INR,refund,wallet,customer_7288,office_supplies,2026-08-05T09:28:21+00:00,9,2,successful
merchant_greenleaf,663.27,INR,payment,card,customer_4849,food_delivery,2026-08-21T03:47:27+00:00,3,4,successful
merchant_techhive,2036.48,EUR,payment,bank_transfer,customer_6489,electronics,2026-08-05T23:29:55+00:00,23,2,failed
merchant_greenleaf,1634.85,EUR,expense,wallet,customer_2160,marketing,2026-08-08T13:17:45+00:00,13,5,successful
merchant_pixel_studio,469.47,EUR,payment,upi,customer_5936,software_subscription,2026-08-10T02:53:14+00:00,2,0,successful
merchant_techhive,473.51,USD,refund,netbanking,customer_5862,groceries,2026-08-24T19:58:03+00:00,19,0,successful
merchant_pixel_studio,407.39,USD,payment,wallet,customer_6112,electronics,2026-08-14T06:46:01+00:00,6,4,successful
merchant_freshbite,2313.93,INR,payment,card,customer_4780,marketing,2026-08-19T02:30:53+00:00,2,2,failed
merchant_bluewave,682.5,EUR,payment,wallet,customer_9965,food_delivery,2026-07-29T08:19:24+00:00,8,2,successful
merchant_daily_grind_cafe,2340.07,INR,payment,bank_transfer,customer_9714,software_subscription,2026-08-21T00:01:26+00:00,0,4,successful
merchant_urbancart,230.4,EUR,payment,bank_transfer,customer_3499,groceries,2026-08-19T18:20:50+00:00,18,2,successful
merchant_techhive,1937.85,INR,refund,bank_transfer,customer_1797,food_delivery,2026-08-18T14:54:04+00:00,14,1,successful
merchant_greenleaf,821.64,INR,expense,card,customer_9418,utilities,2026-08-16T03:22:43+00:00,3,6,pending
merchant_daily_grind_cafe,1811.17,EUR,payment,wallet,customer_3643,utilities,2026-07-28T07:49:21+00:00,7,1,successful
merchant_urbancart,2055.05,USD,payment,upi,customer_1600,office_supplies,2026-08-11T00:40:26+00:00,0,1,successful
merchant_freshbite,1688.2,INR,payment,card,customer_3590,groceries,2026-08-07T22:59:31+00:00,22,4,successful
merchant_swiftgear,1695.97,INR,payment,bank_transfer,customer_3755,marketing,2026-08-11T22:50:23+00:00,22,1,successful
merchant_daily_grind_cafe,1855.35,EUR,payment,upi,customer_3154,food_delivery,2026-08-20T05:27:51+00:00,5,3,successful
merchant_pixel_studio,1863.47,USD,payment,card,customer_2561,groceries,2026-08-05T20:42:26+00:00,20,2,successful
merchant_daily_grind_cafe,2453.58,USD,expense,netbanking,customer_6692,food_delivery,2026-08-04T01:49:52+00:00,1,1,failed
merchant_pixel_studio,63.24,USD,chargeback,wallet,customer_3554,utilities,2026-08-06T09:10:09+00:00,9,3,successful
merchant_greenleaf,811.75,EUR,payment,card,customer_6817,electronics,2026-08-06T01:17:27+00:00,1,3,successful
merchant_techhive,1512.02,INR,refund,upi,customer_2757,marketing,2026-08-18T03:37:24+00:00,3,1,successful
merchant_greenleaf,409.52,EUR,payment,card,customer_5209,software_subscription,2026-08-17T00:32:51+00:00,0,0,successful
merchant_pixel_studio,807.07,EUR,payment,bank_transfer,customer_4361,software_subscription,2026-08-21T09:36:19+00:00,9,4,successful
merchant_bluewave,1307.61,USD,payment,bank_transfer,customer_5898,marketing,2026-08-20T00:52:07+00:00,0,3,failed
merchant_daily_grind_cafe,1682.51,EUR,payment,upi,customer_4144,marketing,2026-08-14T03:11:49+00:00,3,4,successful
merchant_daily_grind_cafe,28.51,EUR,chargeback,upi,customer_1877,food_delivery,2026-08-19T03:12:50+00:00,3,2,successful
merchant_urbancart,222.15,INR,payment,card,customer_2050,marketing,2026-07-28T23:02:31+00:00,23,1,pending
merchant_bluewave,1084.15,EUR,payment,card,customer_4021,electronics,2026-08-20T13:14:28+00:00,13,3,successful
merchant_daily_grind_cafe,1524.47,INR,refund,wallet,customer_9098,office_supplies,2026-08-17T09:27:14+00:00,9,0,successful
merchant_freshbite,1677.72,USD,refund,upi,customer_6266,electronics,2026-08-07T18:30:37+00:00,18,4,successful
merchant_greenleaf,1090.65,USD,payment,netbanking,customer_4314,food_delivery,2026-08-12T12:26:27+00:00,12,2,successful
merchant_urbancart,1844.88,EUR,payment,card,customer_1340,utilities,2026-08-18T15:36:09+00:00,15,1,pending
merchant_pixel_studio,1430.81,USD,refund,netbanking,customer_3322,office_supplies,2026-08-20T10:43:47+00:00,10,3,successful
merchant_techhive,2490.89,INR,payment,netbanking,customer_2438,electronics,2026-08-25T07:20:38+00:00,7,1,failed
merchant_swiftgear,698.76,INR,payment,wallet,customer_2056,food_delivery,2026-08-14T09:26:40+00:00,9,4,successful
merchant_bluewave,1571.17,USD,payment,netbanking,customer_2932,marketing,2026-07-30T08:22:16+00:00,8,3,successful
merchant_greenleaf,1218.17,EUR,payment,bank_transfer,customer_3912,food_delivery,2026-08-11T14:53:19+00:00,14,1,successful
merchant_freshbite,2392.78,USD,payment,wallet,customer_7492,marketing,2026-08-16T21:07:47+00:00,21,6,successful
merchant_daily_grind_cafe,2318.38,INR,payment,upi,customer_9544,travel,2026-07-31T10:46:38+00:00,10,4,pending
merchant_daily_grind_cafe,1949.43,EUR,payment,card,customer_1373,office_supplies,2026-08-11T16:00:16+00:00,16,1,successful
merchant_pixel_studio,1593.6,EUR,payment,upi,customer_3320,marketing,2026-08-10T07:49:35+00:00,7,0,successful
merchant_greenleaf,458.51,EUR,payment,bank_transfer,customer_3299,electronics,2026-08-06T23:34:47+00:00,23,3,pending
merchant_urbancart,954.99,USD,expense,wallet,customer_3988,office_supplies,2026-08-16T21:10:09+00:00,21,6,successful
merchant_swiftgear,134.08,EUR,payment,wallet,customer_7277,travel,2026-07-31T09:52:45+00:00,9,4,successful
merchant_freshbite,464.52,USD,payment,netbanking,customer_6752,utilities,2026-08-14T18:36:04+00:00,18,4,successful
merchant_daily_grind_cafe,1162.01,INR,payment,wallet,customer_3981,groceries,2026-07-29T02:34:21+00:00,2,2,successful
merchant_techhive,2322.48,INR,payment,upi,customer_2088,electronics,2026-08-11T08:14:14+00:00,8,1,successful
merchant_greenleaf,1515.38,EUR,payment,netbanking,customer_1137,software_subscription,2026-07-27T20:26:49+00:00,20,0,successful
merchant_freshbite,1692.37,USD,expense,bank_transfer,customer_7567,utilities,2026-08-19T04:27:56+00:00,4,2,successful
merchant_greenleaf,706.71,EUR,payment,wallet,customer_3146,groceries,2026-08-24T09:10:41+00:00,9,0,successful
merchant_urbancart,2184.57,EUR,payment,wallet,customer_9598,groceries,2026-07-29T10:39:40+00:00,10,2,successful
merchant_swiftgear,1732.18,EUR,payment,wallet,customer_8125,travel,2026-08-08T20:41:26+00:00,20,5,successful
merchant_daily_grind_cafe,2184.61,USD,payment,card,customer_1449,electronics,2026-08-16T12:29:51+00:00,12,6,successful
merchant_techhive,2487.45,INR,expense,wallet,customer_8945,travel,2026-08-09T03:04:52+00:00,3,6,successful
merchant_techhive,1532.0,USD,refund,bank_transfer,customer_1709,software_subscription,2026-08-01T14:42:17+00:00,14,5,failed
merchant_techhive,1896.85,INR,refund,netbanking,customer_4096,marketing,2026-07-27T09:38:43+00:00,9,0,successful
merchant_daily_grind_cafe,2079.66,EUR,payment,bank_transfer,customer_4756,office_supplies,2026-08-16T08:24:47+00:00,8,6,failed
merchant_freshbite,729.42,USD,refund,upi,customer_9674,marketing,2026-08-12T12:46:35+00:00,12,2,successful
merchant_urbancart,461.1,EUR,expense,wallet,customer_3678,travel,2026-08-05T05:22:07+00:00,5,2,successful
merchant_urbancart,1095.4,USD,payment,wallet,customer_8866,utilities,2026-08-10T01:15:01+00:00,1,0,successful
merchant_daily_grind_cafe,761.3,USD,payment,upi,customer_9524,travel,2026-08-01T07:12:35+00:00,7,5,successful
merchant_swiftgear,883.26,USD,payment,bank_transfer,customer_6860,office_supplies,2026-07-31T20:52:07+00:00,20,4,failed
merchant_greenleaf,913.78,USD,payment,netbanking,customer_5946,office_supplies,2026-08-17T09:53:00+00:00,9,0,successful
merchant_pixel_studio,1770.2,USD,payment,wallet,customer_3337,food_delivery,2026-08-16T07:46:24+00:00,7,6,successful
merchant_daily_grind_cafe,2180.15,EUR,payment,bank_transfer,customer_4249,groceries,2026-08-23T15:15:59+00:00,15,6,successful
merchant_pixel_studio,886.02,INR,expense,upi,customer_4052,electronics,2026-08-26T19:21:47+00:00,19,2,successful
merchant_freshbite,939.21,INR,payment,wallet,customer_2533,travel,2026-08-12T07:50:03+00:00,7,2,successful
merchant_techhive,480.41,USD,payment,upi,customer_7408,travel,2026-08-08T14:50:35+00:00,14,5,successful
merchant_pixel_studio,2443.97,INR,payment,upi,customer_4747,office_supplies,2026-08-09T15:22:34+00:00,15,6,successful
merchant_bluewave,190.41,USD,payment,card,customer_6863,office_supplies,2026-08-23T01:18:00+00:00,1,6,successful
merchant_urbancart,148.19,EUR,payment,bank_transfer,customer_1335,marketing,2026-07-28T16:15:59+00:00,16,1,failed
merchant_greenleaf,1494.37,USD,refund,card,customer_7327,travel,2026-08-17T00:05:54+00:00,0,0,successful
merchant_urbancart,1486.75,EUR,payment,upi,customer_2902,utilities,2026-08-06T18:12:03+00:00,18,3,successful
merchant_techhive,1492.33,INR,expense,wallet,customer_2492,software_subscription,2026-08-02T11:03:50+00:00,11,6,successful
merchant_bluewave,1906.05,USD,payment,card,customer_9836,groceries,2026-08-21T13:42:10+00:00,13,4,successful
merchant_freshbite,1629.03,INR,payment,card,customer_5663,software_subscription,2026-08-22T23:41:59+00:00,23,5,pending
merchant_techhive,841.5,EUR,payment,wallet,customer_6867,electronics,2026-08-16T10:40:35+00:00,10,6,successful
merchant_greenleaf,721.17,EUR,payment,wallet,customer_6354,marketing,2026-08-14T21:38:48+00:00,21,4,pending
merchant_urbancart,1852.16,EUR,payment,upi,customer_2859,travel,2026-08-20T20:04:12+00:00,20,3,pending
merchant_urbancart,567.04,INR,payment,upi,customer_1872,food_delivery,2026-08-13T12:34:28+00:00,12,3,successful
merchant_urbancart,1241.61,USD,payment,upi,customer_1452,food_delivery,2026-08-23T20:40:21+00:00,20,6,successful
merchant_daily_grind_cafe,1557.67,USD,payment,netbanking,customer_5709,groceries,2026-08-18T08:07:07+00:00,8,1,successful
merchant_bluewave,2423.89,USD,payment,upi,customer_6280,marketing,2026-08-01T06:22:04+00:00,6,5,successful
merchant_daily_grind_cafe,2210.62,EUR,payment,netbanking,customer_4990,software_subscription,2026-08-14T01:43:29+00:00,1,4,pending
merchant_urbancart,1143.47,INR,refund,card,customer_2643,utilities,2026-08-20T19:39:43+00:00,19,3,pending
merchant_pixel_studio,1376.02,EUR,payment,netbanking,customer_6992,travel,2026-08-19T07:58:57+00:00,7,2,successful
merchant_urbancart,1373.29,INR,payment,upi,customer_2035,office_supplies,2026-07-29T15:50:56+00:00,15,2,failed
merchant_techhive,2048.74,USD,refund,card,customer_8292,marketing,2026-08-03T08:03:42+00:00,8,0,successful
merchant_daily_grind_cafe,928.31,EUR,payment,netbanking,customer_6817,groceries,2026-08-24T12:42:05+00:00,12,0,successful
merchant_techhive,2042.14,INR,payment,card,customer_5112,food_delivery,2026-08-04T00:26:53+00:00,0,1,successful
merchant_greenleaf,2449.68,USD,payment,card,customer_4615,food_delivery,2026-08-24T13:53:03+00:00,13,0,successful
merchant_daily_grind_cafe,2263.13,USD,payment,card,customer_8558,marketing,2026-08-04T15:44:31+00:00,15,1,successful
merchant_pixel_studio,160.3,USD,refund,bank_transfer,customer_6124,software_subscription,2026-08-10T12:08:11+00:00,12,0,successful
merchant_daily_grind_cafe,985.73,USD,payment,card,customer_9465,utilities,2026-08-26T23:43:27+00:00,23,2,successful
merchant_techhive,1279.32,INR,payment,wallet,customer_9132,travel,2026-08-22T13:02:04+00:00,13,5,successful
merchant_bluewave,640.65,EUR,payment,upi,customer_5609,software_subscription,2026-08-06T14:45:01+00:00,14,3,successful
merchant_techhive,367.01,EUR,payment,netbanking,customer_7907,groceries,2026-07-29T18:00:14+00:00,18,2,successful
merchant_bluewave,1635.22,USD,payment,card,customer_9175,groceries,2026-08-06T17:21:39+00:00,17,3,successful
merchant_daily_grind_cafe,327.62,USD,expense,wallet,customer_5521,groceries,2026-07-30T10:11:16+00:00,10,3,successful
merchant_bluewave,27.59,EUR,payment,wallet,customer_2066,software_subscription,2026-08-08T00:36:06+00:00,0,5,successful
merchant_swiftgear,1438.89,EUR,payment,card,customer_9715,electronics,2026-08-24T04:50:59+00:00,4,0,failed
merchant_pixel_studio,1962.89,USD,payment,wallet,customer_8736,travel,2026-08-26T00:35:02+00:00,0,2,successful
merchant_urbancart,2342.55,INR,chargeback,card,customer_2553,food_delivery,2026-08-22T09:31:14+00:00,9,5,pending
merchant_techhive,1374.51,EUR,payment,card,customer_5275,software_subscription,2026-08-13T11:32:55+00:00,11,3,failed
merchant_techhive,226.95,EUR,payment,bank_transfer,customer_4214,groceries,2026-08-16T17:13:06+00:00,17,6,successful
merchant_pixel_studio,222.31,INR,payment,bank_transfer,customer_2160,groceries,2026-07-29T17:37:35+00:00,17,2,successful
merchant_swiftgear,86.5,EUR,payment,bank_transfer,customer_8414,office_supplies,2026-07-30T22:11:37+00:00,22,3,successful
merchant_greenleaf,1147.82,EUR,payment,card,customer_7216,travel,2026-07-29T04:56:10+00:00,4,2,successful
merchant_techhive,2441.73,EUR,chargeback,bank_transfer,customer_7894,marketing,2026-08-10T20:22:48+00:00,20,0,successful
merchant_urbancart,2438.16,EUR,payment,upi,customer_1761,travel,2026-07-31T15:27:30+00:00,15,4,successful
merchant_urbancart,1993.25,INR,payment,bank_transfer,customer_3523,travel,2026-08-20T06:40:33+00:00,6,3,successful
merchant_daily_grind_cafe,1311.77,INR,payment,upi,customer_5037,marketing,2026-08-14T04:06:43+00:00,4,4,successful
merchant_pixel_studio,1080.17,EUR,refund,card,customer_3834,utilities,2026-08-09T17:19:57+00:00,17,6,successful
merchant_freshbite,1229.03,USD,payment,bank_transfer,customer_8606,travel,2026-08-07T18:43:59+00:00,18,4,failed
merchant_swiftgear,618.46,EUR,payment,wallet,customer_4312,software_subscription,2026-08-20T23:43:44+00:00,23,3,pending
merchant_urbancart,287.4,INR,expense,wallet,customer_3527,utilities,2026-08-22T22:32:25+00:00,22,5,successful
merchant_techhive,2035.54,USD,payment,wallet,customer_9241,groceries,2026-08-26T08:34:43+00:00,8,2,pending
merchant_techhive,1653.62,INR,payment,netbanking,customer_3848,groceries,2026-08-06T09:30:31+00:00,9,3,successful
merchant_urbancart,685.51,USD,payment,bank_transfer,customer_7120,marketing,2026-08-19T01:47:05+00:00,1,2,successful
merchant_bluewave,1403.38,USD,chargeback,card,customer_8617,groceries,2026-08-07T18:14:48+00:00,18,4,successful
merchant_techhive,157.23,INR,payment,card,customer_7971,marketing,2026-08-07T23:33:51+00:00,23,4,successful
merchant_greenleaf,358.04,EUR,payment,wallet,customer_8109,marketing,2026-08-16T19:31:17+00:00,19,6,successful
merchant_freshbite,1607.53,INR,refund,upi,customer_4226,office_supplies,2026-08-20T09:37:33+00:00,9,3,successful
merchant_bluewave,2341.21,USD,payment,netbanking,customer_8629,food_delivery,2026-08-04T01:50:10+00:00,1,1,failed
merchant_freshbite,188.9,EUR,payment,netbanking,customer_2944,utilities,2026-08-08T10:12:59+00:00,10,5,successful
merchant_swiftgear,2200.67,USD,payment,card,customer_6631,software_subscription,2026-08-17T12:12:21+00:00,12,0,successful
merchant_pixel_studio,821.38,EUR,payment,bank_transfer,customer_2661,electronics,2026-08-04T04:40:46+00:00,4,1,failed
merchant_bluewave,29.04,EUR,payment,wallet,customer_2817,office_supplies,2026-08-13T01:40:48+00:00,1,3,successful
merchant_daily_grind_cafe,1903.75,INR,payment,netbanking,customer_5832,utilities,2026-08-19T12:20:27+00:00,12,2,successful
merchant_urbancart,800.38,EUR,refund,card,customer_8576,software_subscription,2026-08-04T05:57:22+00:00,5,1,successful
merchant_techhive,1023.6,INR,payment,bank_transfer,customer_7157,software_subscription,2026-08-16T13:37:52+00:00,13,6,successful
merchant_swiftgear,2075.69,USD,expense,wallet,customer_9378,electronics,2026-08-10T16:45:37+00:00,16,0,successful
merchant_daily_grind_cafe,653.64,INR,chargeback,netbanking,customer_3059,travel,2026-08-23T09:16:24+00:00,9,6,successful
merchant_techhive,1791.93,INR,payment,bank_transfer,customer_8679,food_delivery,2026-08-07T13:49:42+00:00,13,4,successful
merchant_bluewave,2394.94,USD,payment,upi,customer_5033,utilities,2026-07-29T12:31:53+00:00,12,2,successful
merchant_freshbite,78.83,USD,payment,bank_transfer,customer_7802,marketing,2026-07-30T00:54:51+00:00,0,3,successful
merchant_bluewave,380.04,USD,payment,netbanking,customer_7553,software_subscription,2026-08-25T05:17:45+00:00,5,1,successful
merchant_techhive,1199.5,INR,payment,upi,customer_9924,office_supplies,2026-08-17T11:58:45+00:00,11,0,successful
merchant_pixel_studio,59.74,USD,payment,wallet,customer_3516,travel,2026-08-13T16:51:53+00:00,16,3,successful
merchant_urbancart,224.88,USD,refund,upi,customer_9558,travel,2026-08-17T02:55:13+00:00,2,0,pending
merchant_techhive,1975.3,EUR,payment,upi,customer_4829,marketing,2026-08-23T07:28:45+00:00,7,6,failed
merchant_daily_grind_cafe,1974.83,EUR,payment,bank_transfer,customer_1083,marketing,2026-08-10T21:44:09+00:00,21,0,successful
merchant_pixel_studio,1399.16,INR,payment,upi,customer_2821,marketing,2026-08-11T20:57:07+00:00,20,1,successful
merchant_freshbite,552.71,EUR,payment,netbanking,customer_8803,food_delivery,2026-07-30T12:44:59+00:00,12,3,successful
merchant_urbancart,1050.92,INR,payment,wallet,customer_5410,food_delivery,2026-08-22T19:51:26+00:00,19,5,successful
merchant_greenleaf,1006.69,INR,payment,bank_transfer,customer_6658,food_delivery,2026-08-10T11:18:35+00:00,11,0,successful
merchant_freshbite,1236.25,USD,payment,wallet,customer_3194,groceries,2026-08-01T16:05:42+00:00,16,5,successful
merchant_daily_grind_cafe,764.77,USD,expense,bank_transfer,customer_3562,groceries,2026-08-17T00:58:26+00:00,0,0,successful
merchant_swiftgear,1908.24,USD,refund,upi,customer_7175,travel,2026-08-04T17:55:04+00:00,17,1,pending
merchant_techhive,2443.14,USD,payment,upi,customer_4985,software_subscription,2026-08-05T12:38:25+00:00,12,2,failed
merchant_daily_grind_cafe,761.19,INR,payment,wallet,customer_4344,office_supplies,2026-08-19T23:01:57+00:00,23,2,successful
merchant_swiftgear,1720.87,USD,payment,netbanking,customer_7057,groceries,2026-08-06T11:02:40+00:00,11,3,successful
merchant_urbancart,1334.29,INR,payment,upi,customer_3363,electronics,2026-08-18T18:20:41+00:00,18,1,successful
merchant_urbancart,1061.29,EUR,payment,bank_transfer,customer_3135,software_subscription,2026-08-20T08:55:27+00:00,8,3,successful
merchant_urbancart,2136.95,EUR,payment,card,customer_7415,marketing,2026-08-18T06:29:47+00:00,6,1,successful
merchant_greenleaf,1803.63,INR,payment,netbanking,customer_1227,food_delivery,2026-08-07T02:26:38+00:00,2,4,failed
merchant_swiftgear,1662.98,EUR,refund,netbanking,customer_7484,groceries,2026-08-20T07:48:25+00:00,7,3,successful
merchant_bluewave,1959.07,INR,payment,upi,customer_3506,utilities,2026-08-06T11:51:38+00:00,11,3,successful
merchant_daily_grind_cafe,1663.88,INR,expense,card,customer_4065,travel,2026-08-16T06:53:18+00:00,6,6,successful
merchant_daily_grind_cafe,205.22,INR,payment,wallet,customer_1743,utilities,2026-08-21T21:45:46+00:00,21,4,successful
merchant_greenleaf,1756.27,USD,payment,netbanking,customer_1723,food_delivery,2026-08-19T03:27:09+00:00,3,2,successful
merchant_swiftgear,2447.36,USD,payment,bank_transfer,customer_6284,software_subscription,2026-08-10T07:14:14+00:00,7,0,successful
merchant_urbancart,520.36,USD,payment,bank_transfer,customer_4634,marketing,2026-08-11T07:57:44+00:00,7,1,successful
merchant_freshbite,994.87,INR,payment,bank_transfer,customer_2299,software_subscription,2026-08-24T07:19:40+00:00,7,0,pending
merchant_daily_grind_cafe,2190.48,EUR,payment,upi,customer_8845,travel,2026-08-12T15:50:03+00:00,15,2,successful
merchant_daily_grind_cafe,2412.53,INR,payment,upi,customer_4779,food_delivery,2026-08-09T21:48:20+00:00,21,6,failed
merchant_freshbite,587.43,USD,refund,upi,customer_5375,electronics,2026-08-17T10:30:15+00:00,10,0,pending
merchant_bluewave,69.96,INR,payment,wallet,customer_5177,travel,2026-08-13T19:57:36+00:00,19,3,successful
merchant_bluewave,1703.93,EUR,payment,wallet,customer_5866,travel,2026-08-06T14:58:24+00:00,14,3,successful
merchant_daily_grind_cafe,1526.52,EUR,payment,wallet,customer_7030,electronics,2026-08-15T13:44:03+00:00,13,5,successful
merchant_freshbite,432.82,USD,expense,upi,customer_8549,marketing,2026-07-29T12:26:46+00:00,12,2,successful
merchant_urbancart,1874.43,INR,payment,card,customer_2756,utilities,2026-08-14T06:35:04+00:00,6,4,successful
merchant_pixel_studio,1644.14,INR,refund,bank_transfer,customer_5550,electronics,2026-07-30T12:51:57+00:00,12,3,failed
merchant_freshbite,202.43,USD,refund,card,customer_9511,groceries,2026-08-25T21:45:04+00:00,21,1,successful
merchant_urbancart,2382.74,EUR,payment,wallet,customer_9241,electronics,2026-08-09T18:27:23+00:00,18,6,successful
merchant_techhive,1837.69,EUR,payment,wallet,customer_8373,office_supplies,2026-07-29T02:46:13+00:00,2,2,failed
merchant_urbancart,258.55,EUR,payment,bank_transfer,customer_1538,utilities,2026-08-01T17:29:07+00:00,17,5,successful
merchant_swiftgear,2162.99,EUR,payment,bank_transfer,customer_1364,electronics,2026-07-29T01:41:03+00:00,1,2,successful
merchant_urbancart,313.63,USD,payment,upi,customer_2503,groceries,2026-08-03T23:03:11+00:00,23,0,successful
merchant_bluewave,2069.73,EUR,payment,upi,customer_4108,utilities,2026-08-05T00:11:37+00:00,0,2,successful
merchant_pixel_studio,28.98,INR,expense,card,customer_8711,marketing,2026-08-09T19:26:14+00:00,19,6,successful
merchant_freshbite,677.09,INR,refund,wallet,customer_7960,food_delivery,2026-08-03T18:55:42+00:00,18,0,successful
merchant_bluewave,1431.54,USD,payment,bank_transfer,customer_2150,software_subscription,2026-08-16T20:16:19+00:00,20,6,successful
merchant_pixel_studio,1624.51,EUR,payment,wallet,customer_4161,food_delivery,2026-08-02T14:24:57+00:00,14,6,failed
merchant_pixel_studio,2187.35,USD,payment,netbanking,customer_5981,travel,2026-08-14T08:00:08+00:00,8,4,successful
merchant_bluewave,584.29,INR,payment,bank_transfer,customer_1260,marketing,2026-07-27T04:16:14+00:00,4,0,successful
merchant_daily_grind_cafe,2410.3,USD,payment,wallet,customer_7276,electronics,2026-08-17T13:52:25+00:00,13,0,successful
merchant_greenleaf,2481.97,USD,payment,upi,customer_4807,software_subscription,2026-08-13T14:36:10+00:00,14,3,successful
merchant_urbancart,1847.66,INR,payment,netbanking,customer_4152,marketing,2026-08-06T01:28:06+00:00,1,3,successful
merchant_swiftgear,1731.21,USD,expense,wallet,customer_2382,travel,2026-08-07T19:22:54+00:00,19,4,successful
merchant_urbancart,846.36,INR,payment,upi,customer_3868,electronics,2026-07-31T05:00:35+00:00,5,4,successful
merchant_daily_grind_cafe,813.85,USD,payment,card,customer_6214,marketing,2026-08-07T03:46:23+00:00,3,4,pending
merchant_freshbite,219.48,INR,payment,upi,customer_8300,utilities,2026-08-17T08:12:33+00:00,8,0,successful
merchant_daily_grind_cafe,669.98,USD,payment,netbanking,customer_1073,travel,2026-08-09T20:45:08+00:00,20,6,successful
merchant_techhive,748.56,USD,payment,bank_transfer,customer_2000,office_supplies,2026-08-23T05:32:59+00:00,5,6,successful
merchant_urbancart,678.36,USD,payment,wallet,customer_1237,electronics,2026-07-28T00:05:19+00:00,0,1,successful
merchant_techhive,1042.52,EUR,expense,upi,customer_1744,travel,2026-07-27T13:40:50+00:00,13,0,successful
merchant_urbancart,2110.04,EUR,refund,card,customer_9343,travel,2026-08-13T13:26:55+00:00,13,3,failed
merchant_swiftgear,1211.87,INR,payment,bank_transfer,customer_4276,utilities,2026-08-13T08:08:34+00:00,8,3,successful
merchant_swiftgear,790.74,EUR,payment,card,customer_4202,travel,2026-08-07T20:30:07+00:00,20,4,successful
merchant_pixel_studio,2287.31,USD,payment,bank_transfer,customer_4991,office_supplies,2026-08-06T19:57:35+00:00,19,3,successful
merchant_bluewave,69.22,USD,expense,upi,customer_9494,utilities,2026-08-12T04:14:16+00:00,4,2,successful
merchant_freshbite,817.11,EUR,payment,bank_transfer,customer_1907,electronics,2026-08-13T01:33:53+00:00,1,3,successful
merchant_pixel_studio,2309.2,EUR,chargeback,netbanking,customer_9996,marketing,2026-08-08T10:33:59+00:00,10,5,successful
merchant_urbancart,1590.73,INR,payment,netbanking,customer_5384,groceries,2026-08-17T21:15:30+00:00,21,0,successful
merchant_daily_grind_cafe,739.61,USD,payment,card,customer_6724,travel,2026-08-25T06:42:07+00:00,6,1,successful
merchant_daily_grind_cafe,1927.11,EUR,payment,card,customer_6036,electronics,2026-08-21T03:09:30+00:00,3,4,failed
merchant_freshbite,599.18,INR,refund,card,customer_8267,travel,2026-08-04T22:47:37+00:00,22,1,successful
merchant_techhive,330.58,EUR,payment,wallet,customer_1760,utilities,2026-08-23T03:08:34+00:00,3,6,successful
merchant_daily_grind_cafe,1595.1,INR,payment,bank_transfer,customer_6208,utilities,2026-08-21T11:13:17+00:00,11,4,successful
merchant_daily_grind_cafe,2155.21,USD,payment,netbanking,customer_2678,software_subscription,2026-08-20T16:33:44+00:00,16,3,successful
merchant_bluewave,852.72,EUR,payment,card,customer_1444,office_supplies,2026-08-15T21:14:17+00:00,21,5,successful
merchant_daily_grind_cafe,1245.51,INR,payment,upi,customer_3611,office_supplies,2026-08-13T04:04:19+00:00,4,3,successful
merchant_freshbite,1118.73,USD,payment,wallet,customer_3268,utilities,2026-08-24T12:52:58+00:00,12,0,failed
merchant_bluewave,533.19,INR,payment,card,customer_4815,marketing,2026-08-15T16:14:14+00:00,16,5,pending
merchant_freshbite,80.0,USD,payment,wallet,customer_9675,food_delivery,2026-08-01T03:21:34+00:00,3,5,failed
merchant_pixel_studio,290.59,USD,payment,bank_transfer,customer_6446,office_supplies,2026-08-17T21:50:54+00:00,21,0,successful
merchant_bluewave,1730.08,EUR,payment,netbanking,customer_9108,travel,2026-07-30T11:35:22+00:00,11,3,pending
merchant_techhive,177.09,USD,payment,card,customer_3620,utilities,2026-08-15T19:59:28+00:00,19,5,successful
merchant_urbancart,1199.67,INR,refund,bank_transfer,customer_4294,groceries,2026-08-17T19:20:48+00:00,19,0,failed
merchant_freshbite,257.8,EUR,payment,netbanking,customer_8627,office_supplies,2026-08-09T17:26:05+00:00,17,6,successful
merchant_pixel_studio,1594.47,EUR,payment,bank_transfer,customer_2510,food_delivery,2026-08-02T12:16:47+00:00,12,6,successful
merchant_urbancart,890.45,EUR,payment,netbanking,customer_6675,software_subscription,2026-08-18T00:52:25+00:00,0,1,successful
merchant_greenleaf,886.08,USD,expense,netbanking,customer_7597,utilities,2026-08-09T04:20:12+00:00,4,6,successful
merchant_daily_grind_cafe,498.46,EUR,refund,card,customer_6293,office_supplies,2026-08-03T11:33:33+00:00,11,0,failed
merchant_swiftgear,1205.85,EUR,payment,upi,customer_3494,utilities,2026-08-08T07:21:57+00:00,7,5,successful
merchant_urbancart,1761.16,INR,expense,card,customer_9398,food_delivery,2026-08-20T12:17:25+00:00,12,3,successful
merchant_greenleaf,603.55,EUR,payment,card,customer_7708,marketing,2026-08-07T13:52:20+00:00,13,4,successful
merchant_daily_grind_cafe,833.65,EUR,payment,wallet,customer_6776,electronics,2026-08-20T10:49:05+00:00,10,3,successful
merchant_pixel_studio,7.08,EUR,payment,card,customer_5481,utilities,2026-08-21T09:56:55+00:00,9,4,pending
merchant_pixel_studio,351.32,INR,payment,netbanking,customer_1608,utilities,2026-07-30T02:04:01+00:00,2,3,successful
merchant_daily_grind_cafe,1230.58,USD,refund,card,customer_8020,utilities,2026-08-22T00:53:26+00:00,0,5,successful
merchant_daily_grind_cafe,354.22,USD,payment,wallet,customer_7780,marketing,2026-08-26T09:06:16+00:00,9,2,successful
merchant_daily_grind_cafe,1275.03,INR,payment,netbanking,customer_2009,food_delivery,2026-08-04T10:32:08+00:00,10,1,successful
merchant_freshbite,1600.81,INR,expense,netbanking,customer_9987,travel,2026-07-29T13:01:34+00:00,13,2,successful
merchant_freshbite,1450.11,EUR,payment,netbanking,customer_1982,software_subscription,2026-08-26T02:30:01+00:00,2,2,successful
merchant_daily_grind_cafe,882.29,INR,refund,netbanking,customer_7221,marketing,2026-08-25T12:39:52+00:00,12,1,successful
merchant_daily_grind_cafe,2256.04,USD,payment,wallet,customer_3545,groceries,2026-08-24T06:30:05+00:00,6,0,successful
merchant_bluewave,897.59,USD,payment,wallet,customer_7185,electronics,2026-08-17T15:06:20+00:00,15,0,successful
merchant_daily_grind_cafe,118.93,USD,payment,bank_transfer,customer_7496,office_supplies,2026-07-30T05:06:34+00:00,5,3,successful
merchant_freshbite,55.62,INR,payment,bank_transfer,customer_9749,software_subscription,2026-08-22T19:57:29+00:00,19,5,successful
merchant_greenleaf,1447.48,INR,payment,bank_transfer,customer_4476,office_supplies,2026-08-18T19:48:03+00:00,19,1,successful
merchant_techhive,582.86,USD,payment,netbanking,customer_3828,groceries,2026-08-04T14:33:29+00:00,14,1,successful
merchant_greenleaf,1060.51,EUR,payment,upi,customer_9201,travel,2026-08-21T15:13:17+00:00,15,4,successful
merchant_freshbite,2320.48,EUR,payment,wallet,customer_2359,utilities,2026-08-10T02:38:46+00:00,2,0,successful
merchant_bluewave,429.21,USD,payment,bank_transfer,customer_6421,utilities,2026-08-04T11:03:07+00:00,11,1,successful
merchant_bluewave,974.2,INR,payment,netbanking,customer_8572,office_supplies,2026-08-22T19:49:42+00:00,19,5,successful
merchant_swiftgear,636.88,INR,refund,wallet,customer_9633,software_subscription,2026-08-13T19:31:10+00:00,19,3,successful
merchant_pixel_studio,1319.1,EUR,payment,wallet,customer_9966,utilities,2026-08-03T01:36:39+00:00,1,0,successful
merchant_swiftgear,9.79,USD,payment,bank_transfer,customer_2006,electronics,2026-08-16T03:31:25+00:00,3,6,failed
merchant_pixel_studio,389.06,EUR,payment,wallet,customer_5283,utilities,2026-08-19T12:57:17+00:00,12,2,successful
merchant_daily_grind_cafe,467.01,INR,payment,card,customer_4372,electronics,2026-08-19T16:15:06+00:00,16,2,successful
merchant_daily_grind_cafe,1619.95,EUR,payment,card,customer_4316,office_supplies,2026-08-11T22:12:57+00:00,22,1,failed
merchant_swiftgear,823.48,USD,payment,netbanking,customer_4989,electronics,2026-07-30T20:24:29+00:00,20,3,successful
merchant_urbancart,708.53,INR,refund,card,customer_3515,software_subscription,2026-08-09T02:14:47+00:00,2,6,pending
merchant_greenleaf,1067.03,INR,payment,card,customer_6726,groceries,2026-08-18T08:36:25+00:00,8,1,successful
merchant_swiftgear,111.72,USD,payment,upi,customer_9622,groceries,2026-08-18T23:37:18+00:00,23,1,successful
merchant_urbancart,573.93,USD,payment,bank_transfer,customer_4140,marketing,2026-08-17T17:41:36+00:00,17,0,pending
merchant_urbancart,1290.17,INR,payment,wallet,customer_8117,office_supplies,2026-08-15T14:33:11+00:00,14,5,successful
merchant_greenleaf,310.48,EUR,payment,upi,customer_3779,marketing,2026-08-16T01:15:49+00:00,1,6,successful
merchant_bluewave,2269.42,INR,payment,wallet,customer_4769,groceries,2026-08-15T12:28:26+00:00,12,5,successful
merchant_freshbite,1872.09,USD,payment,upi,customer_1640,utilities,2026-08-24T06:09:01+00:00,6,0,successful
merchant_freshbite,1749.56,EUR,payment,bank_transfer,customer_3556,electronics,2026-07-29T04:56:12+00:00,4,2,successful
merchant_bluewave,481.46,USD,payment,wallet,customer_7505,office_supplies,2026-08-07T03:08:11+00:00,3,4,successful
merchant_bluewave,1554.7,USD,payment,netbanking,customer_3681,software_subscription,2026-08-19T03:32:10+00:00,3,2,successful
merchant_bluewave,231.44,INR,payment,netbanking,customer_2190,food_delivery,2026-08-04T04:53:26+00:00,4,1,pending
merchant_bluewave,672.8,INR,payment,netbanking,customer_7126,marketing,2026-08-13T04:51:57+00:00,4,3,successful
merchant_bluewave,1972.47,EUR,refund,bank_transfer,customer_9036,food_delivery,2026-08-15T20:43:59+00:00,20,5,successful
merchant_urbancart,944.52,INR,payment,card,customer_2042,utilities,2026-08-10T04:41:55+00:00,4,0,successful
merchant_daily_grind_cafe,708.41,USD,payment,upi,customer_9043,electronics,2026-08-24T08:59:35+00:00,8,0,successful
merchant_bluewave,802.66,USD,payment,card,customer_9035,office_supplies,2026-08-21T15:43:57+00:00,15,4,successful
merchant_freshbite,367.4,EUR,chargeback,upi,customer_7229,food_delivery,2026-08-08T16:34:13+00:00,16,5,pending
merchant_techhive,119.89,EUR,refund,upi,customer_7335,groceries,2026-08-19T00:14:13+00:00,0,2,successful
merchant_freshbite,1139.97,EUR,refund,netbanking,customer_1317,marketing,2026-08-19T18:36:31+00:00,18,2,failed
merchant_urbancart,586.51,INR,payment,wallet,customer_5797,travel,2026-07-30T07:21:21+00:00,7,3,successful
merchant_pixel_studio,27.4,USD,refund,netbanking,customer_6685,software_subscription,2026-08-14T19:43:44+00:00,19,4,successful
merchant_techhive,2311.89,INR,payment,upi,customer_6303,office_supplies,2026-08-24T16:34:11+00:00,16,0,successful
merchant_swiftgear,972.21,INR,payment,upi,customer_3165,office_supplies,2026-07-28T07:45:13+00:00,7,1,successful
merchant_swiftgear,2485.79,EUR,payment,upi,customer_1931,utilities,2026-08-05T04:30:47+00:00,4,2,successful
merchant_daily_grind_cafe,2236.23,INR,payment,card,customer_7759,food_delivery,2026-07-30T08:14:03+00:00,8,3,successful
merchant_bluewave,49.05,USD,expense,upi,customer_3935,electronics,2026-07-30T12:20:06+00:00,12,3,successful
merchant_freshbite,640.59,INR,expense,card,customer_4989,travel,2026-07-29T00:31:32+00:00,0,2,failed
merchant_daily_grind_cafe,997.27,USD,payment,card,customer_9050,software_subscription,2026-08-03T15:09:15+00:00,15,0,successful
merchant_bluewave,2085.15,USD,payment,wallet,customer_1480,electronics,2026-08-18T11:22:13+00:00,11,1,successful
merchant_greenleaf,557.18,INR,payment,wallet,customer_7523,marketing,2026-08-14T12:10:07+00:00,12,4,pending
merchant_swiftgear,2009.3,EUR,payment,upi,customer_6303,software_subscription,2026-08-19T08:52:25+00:00,8,2,successful
merchant_swiftgear,716.49,EUR,payment,netbanking,customer_2754,travel,2026-08-21T08:19:45+00:00,8,4,successful
merchant_freshbite,504.17,INR,payment,wallet,customer_8671,groceries,2026-07-30T01:01:20+00:00,1,3,successful
merchant_urbancart,344.15,EUR,refund,netbanking,customer_9109,groceries,2026-08-12T00:09:51+00:00,0,2,successful
merchant_techhive,932.33,EUR,payment,upi,customer_1818,electronics,2026-07-28T21:23:15+00:00,21,1,successful
merchant_daily_grind_cafe,1946.18,EUR,expense,upi,customer_9597,software_subscription,2026-07-28T09:52:54+00:00,9,1,successful
merchant_bluewave,146.54,USD,payment,netbanking,customer_8659,travel,2026-08-21T05:53:09+00:00,5,4,successful
merchant_techhive,1413.65,EUR,refund,bank_transfer,customer_2183,office_supplies,2026-07-30T04:14:15+00:00,4,3,successful
merchant_urbancart,1089.49,USD,payment,bank_transfer,customer_6570,travel,2026-07-29T10:05:12+00:00,10,2,successful
merchant_greenleaf,1739.19,INR,payment,upi,customer_7618,groceries,2026-07-31T20:41:38+00:00,20,4,failed
merchant_bluewave,1106.14,USD,expense,wallet,customer_2212,marketing,2026-08-18T20:36:22+00:00,20,1,failed
merchant_urbancart,32.0,INR,expense,netbanking,customer_3074,marketing,2026-08-18T11:56:13+00:00,11,1,successful
merchant_bluewave,1754.33,EUR,payment,wallet,customer_8294,utilities,2026-08-11T21:36:47+00:00,21,1,pending
merchant_bluewave,448.53,EUR,chargeback,netbanking,customer_4824,software_subscription,2026-08-13T05:42:23+00:00,5,3,failed
merchant_greenleaf,1764.33,EUR,payment,netbanking,customer_8052,software_subscription,2026-08-26T01:56:12+00:00,1,2,successful
merchant_greenleaf,570.49,USD,chargeback,upi,customer_5322,travel,2026-08-08T21:24:51+00:00,21,5,successful
merchant_freshbite,1929.18,INR,refund,netbanking,customer_5471,utilities,2026-08-09T20:41:26+00:00,20,6,successful
merchant_swiftgear,2101.36,EUR,payment,netbanking,customer_8796,marketing,2026-08-18T19:47:56+00:00,19,1,failed
merchant_techhive,25.85,INR,payment,card,customer_6368,software_subscription,2026-08-19T18:34:43+00:00,18,2,successful
merchant_techhive,853.34,INR,payment,bank_transfer,customer_1680,electronics,2026-08-10T11:03:37+00:00,11,0,pending
merchant_swiftgear,1415.06,EUR,refund,card,customer_5148,groceries,2026-08-15T09:28:33+00:00,9,5,successful
merchant_freshbite,567.9,EUR,payment,bank_transfer,customer_1895,software_subscription,2026-08-20T19:58:02+00:00,19,3,successful
merchant_swiftgear,397.24,EUR,expense,card,customer_6740,software_subscription,2026-08-15T13:01:43+00:00,13,5,successful
merchant_freshbite,2193.45,USD,payment,upi,customer_2559,travel,2026-08-14T23:29:15+00:00,23,4,successful
merchant_bluewave,2080.59,EUR,payment,bank_transfer,customer_4671,marketing,2026-07-29T06:29:51+00:00,6,2,failed
merchant_bluewave,404.62,EUR,payment,wallet,customer_2795,electronics,2026-08-13T09:35:57+00:00,9,3,successful
merchant_pixel_studio,661.08,INR,payment,bank_transfer,customer_2007,utilities,2026-08-13T02:38:59+00:00,2,3,pending
merchant_greenleaf,1107.84,INR,chargeback,wallet,customer_8195,electronics,2026-08-10T07:11:49+00:00,7,0,successful
merchant_urbancart,1538.15,INR,payment,upi,customer_4708,marketing,2026-08-20T00:48:36+00:00,0,3,successful
merchant_techhive,1818.97,USD,payment,card,customer_8484,software_subscription,2026-08-01T07:40:17+00:00,7,5,pending
merchant_pixel_studio,770.59,EUR,payment,card,customer_8051,software_subscription,2026-08-10T02:56:20+00:00,2,0,successful
merchant_techhive,2293.11,EUR,payment,card,customer_6195,software_subscription,2026-08-24T16:42:15+00:00,16,0,successful
merchant_freshbite,615.84,INR,expense,netbanking,customer_1032,marketing,2026-08-04T16:00:00+00:00,16,1,successful
merchant_urbancart,1819.01,USD,payment,wallet,customer_2197,office_supplies,2026-08-26T21:48:43+00:00,21,2,successful
merchant_swiftgear,536.73,INR,payment,netbanking,customer_9079,office_supplies,2026-08-06T02:38:04+00:00,2,3,successful
merchant_techhive,1457.7,EUR,payment,upi,customer_6509,food_delivery,2026-08-12T04:41:46+00:00,4,2,successful
merchant_techhive,1301.24,INR,payment,upi,customer_4291,food_delivery,2026-08-10T14:09:38+00:00,14,0,successful
merchant_daily_grind_cafe,111.22,USD,payment,upi,customer_3213,utilities,2026-08-05T09:25:51+00:00,9,2,successful
merchant_swiftgear,115.76,INR,refund,card,customer_6460,marketing,2026-08-17T21:55:31+00:00,21,0,successful
merchant_urbancart,5.27,USD,payment,wallet,customer_8000,electronics,2026-08-11T11:03:04+00:00,11,1,successful
merchant_pixel_studio,2128.24,INR,payment,card,customer_2871,marketing,2026-08-19T05:30:46+00:00,5,2,pending
merchant_freshbite,2010.19,INR,payment,upi,customer_7327,utilities,2026-08-04T18:45:40+00:00,18,1,pending
merchant_daily_grind_cafe,1244.62,INR,expense,netbanking,customer_6139,groceries,2026-07-29T18:50:51+00:00,18,2,successful
merchant_swiftgear,2147.76,INR,refund,upi,customer_1950,electronics,2026-07-31T12:54:51+00:00,12,4,pending
merchant_techhive,786.62,EUR,payment,bank_transfer,customer_8316,office_supplies,2026-08-24T14:09:55+00:00,14,0,successful
merchant_bluewave,1364.0,EUR,payment,bank_transfer,customer_3644,travel,2026-08-26T09:33:28+00:00,9,2,successful
merchant_bluewave,425.44,INR,expense,netbanking,customer_9434,utilities,2026-07-30T11:15:23+00:00,11,3,successful
merchant_swiftgear,481.28,EUR,refund,wallet,customer_4077,food_delivery,2026-07-28T20:05:09+00:00,20,1,successful
merchant_freshbite,1742.88,INR,payment,card,customer_9452,marketing,2026-08-18T04:26:13+00:00,4,1,successful
merchant_bluewave,943.19,INR,refund,card,customer_6101,marketing,2026-08-20T14:29:49+00:00,14,3,successful
merchant_techhive,1674.88,INR,payment,wallet,customer_8938,software_subscription,2026-08-24T11:09:08+00:00,11,0,successful
merchant_urbancart,2234.36,INR,payment,netbanking,customer_3447,marketing,2026-08-04T06:03:53+00:00,6,1,successful
merchant_daily_grind_cafe,1759.27,EUR,refund,bank_transfer,customer_5896,food_delivery,2026-08-08T23:59:25+00:00,23,5,pending
merchant_freshbite,1236.6,USD,expense,upi,customer_7719,electronics,2026-08-03T11:58:39+00:00,11,0,successful
merchant_bluewave,1719.48,EUR,payment,card,customer_9243,electronics,2026-08-05T22:51:23+00:00,22,2,successful
merchant_pixel_studio,338.89,EUR,expense,netbanking,customer_3415,electronics,2026-08-12T11:33:53+00:00,11,2,successful
merchant_pixel_studio,1957.45,USD,payment,card,customer_4179,utilities,2026-08-02T09:58:50+00:00,9,6,failed
merchant_pixel_studio,2248.17,INR,payment,netbanking,customer_9757,electronics,2026-08-06T03:05:58+00:00,3,3,successful
merchant_daily_grind_cafe,1686.65,EUR,expense,upi,customer_6394,groceries,2026-08-02T21:14:04+00:00,21,6,successful
merchant_greenleaf,1911.02,INR,payment,bank_transfer,customer_4915,groceries,2026-08-17T17:38:24+00:00,17,0,pending
merchant_urbancart,1114.0,INR,payment,netbanking,customer_1549,food_delivery,2026-08-24T09:29:34+00:00,9,0,successful
merchant_greenleaf,2100.85,USD,payment,netbanking,customer_3757,marketing,2026-08-11T20:17:09+00:00,20,1,successful
merchant_freshbite,1147.41,USD,refund,bank_transfer,customer_5291,food_delivery,2026-08-16T15:49:15+00:00,15,6,successful
merchant_urbancart,796.82,INR,payment,card,customer_4827,marketing,2026-08-26T02:41:55+00:00,2,2,successful
merchant_bluewave,319.49,USD,payment,card,customer_7000,food_delivery,2026-08-02T15:58:01+00:00,15,6,successful
merchant_techhive,696.58,INR,payment,card,customer_5092,marketing,2026-08-01T15:38:45+00:00,15,5,successful
merchant_daily_grind_cafe,363.51,EUR,payment,card,customer_6637,marketing,2026-08-24T23:20:59+00:00,23,0,successful
merchant_freshbite,465.83,EUR,payment,card,customer_4084,food_delivery,2026-08-12T19:54:02+00:00,19,2,successful
merchant_urbancart,1630.37,USD,payment,wallet,customer_8783,software_subscription,2026-08-20T16:47:28+00:00,16,3,successful
merchant_techhive,840.27,INR,payment,upi,customer_8756,travel,2026-08-14T11:40:28+00:00,11,4,successful
merchant_urbancart,124.64,USD,chargeback,netbanking,customer_3867,electronics,2026-08-19T23:05:27+00:00,23,2,successful
merchant_greenleaf,571.89,USD,payment,wallet,customer_6352,utilities,2026-08-11T23:00:33+00:00,23,1,successful
merchant_techhive,899.15,INR,payment,wallet,customer_1946,marketing,2026-08-25T18:56:39+00:00,18,1,successful
merchant_swiftgear,1816.43,USD,payment,upi,customer_8267,electronics,2026-07-30T06:19:23+00:00,6,3,successful
merchant_freshbite,757.38,EUR,payment,card,customer_6747,travel,2026-08-14T21:13:34+00:00,21,4,successful
merchant_techhive,1028.21,INR,payment,wallet,customer_5839,office_supplies,2026-07-31T02:08:56+00:00,2,4,successful
merchant_greenleaf,1857.78,INR,refund,netbanking,customer_8942,electronics,2026-08-06T11:03:04+00:00,11,3,successful
merchant_swiftgear,1005.6,USD,refund,card,customer_4680,groceries,2026-08-16T14:41:47+00:00,14,6,successful
merchant_urbancart,1924.81,EUR,refund,wallet,customer_8668,groceries,2026-07-28T13:18:53+00:00,13,1,successful
merchant_greenleaf,1615.47,INR,refund,netbanking,customer_1046,food_delivery,2026-08-08T19:09:41+00:00,19,5,successful
merchant_swiftgear,1549.61,USD,refund,upi,customer_9215,marketing,2026-08-11T02:29:42+00:00,2,1,failed
merchant_greenleaf,1286.75,USD,payment,bank_transfer,customer_2535,food_delivery,2026-08-20T18:38:10+00:00,18,3,successful
merchant_daily_grind_cafe,2023.17,USD,payment,bank_transfer,customer_3785,software_subscription,2026-08-14T01:23:04+00:00,1,4,successful
merchant_pixel_studio,798.76,EUR,chargeback,netbanking,customer_5230,marketing,2026-08-11T23:21:55+00:00,23,1,successful
merchant_pixel_studio,853.44,EUR,payment,bank_transfer,customer_2543,food_delivery,2026-08-16T09:09:13+00:00,9,6,successful
merchant_pixel_studio,1296.73,EUR,expense,netbanking,customer_3761,office_supplies,2026-08-22T04:51:56+00:00,4,5,successful
merchant_freshbite,778.81,INR,expense,card,customer_8974,office_supplies,2026-08-09T02:23:15+00:00,2,6,successful
merchant_pixel_studio,1384.23,INR,chargeback,netbanking,customer_4091,software_subscription,2026-08-25T13:41:20+00:00,13,1,successful
merchant_techhive,751.41,USD,payment,upi,customer_6988,food_delivery,2026-08-17T20:03:13+00:00,20,0,successful
merchant_bluewave,67.24,USD,payment,upi,customer_5575,food_delivery,2026-08-04T18:25:51+00:00,18,1,pending
merchant_daily_grind_cafe,2143.93,INR,payment,upi,customer_3688,food_delivery,2026-08-08T10:50:25+00:00,10,5,successful
merchant_techhive,1263.51,INR,payment,netbanking,customer_4494,travel,2026-08-05T04:07:27+00:00,4,2,successful
merchant_daily_grind_cafe,2235.35,EUR,payment,card,customer_8615,marketing,2026-08-11T12:51:51+00:00,12,1,successful
merchant_swiftgear,2438.69,EUR,payment,wallet,customer_8950,electronics,2026-08-24T01:55:41+00:00,1,0,failed
merchant_bluewave,2233.57,EUR,payment,upi,customer_7408,office_supplies,2026-07-31T16:25:27+00:00,16,4,successful
merchant_freshbite,1268.26,INR,chargeback,card,customer_4165,food_delivery,2026-07-30T02:53:53+00:00,2,3,pending
merchant_techhive,2440.67,USD,payment,card,customer_8838,software_subscription,2026-08-12T12:34:22+00:00,12,2,successful
merchant_greenleaf,2462.46,USD,payment,netbanking,customer_3283,marketing,2026-08-24T19:41:10+00:00,19,0,pending
merchant_greenleaf,235.61,INR,payment,wallet,customer_5145,groceries,2026-08-24T20:29:00+00:00,20,0,successful
merchant_greenleaf,922.43,EUR,payment,card,customer_2448,groceries,2026-08-19T06:38:32+00:00,6,2,pending
merchant_urbancart,1329.78,INR,expense,bank_transfer,customer_3138,travel,2026-08-24T20:22:46+00:00,20,0,successful
merchant_greenleaf,442.63,USD,payment,upi,customer_5407,software_subscription,2026-08-21T17:57:53+00:00,17,4,successful
merchant_bluewave,1712.53,INR,expense,netbanking,customer_9494,food_delivery,2026-08-26T05:09:14+00:00,5,2,successful
merchant_daily_grind_cafe,1166.94,INR,payment,upi,customer_6161,utilities,2026-08-09T21:01:00+00:00,21,6,successful
merchant_greenleaf,1568.14,USD,payment,bank_transfer,customer_8439,utilities,2026-08-07T23:48:22+00:00,23,4,successful
merchant_pixel_studio,924.73,USD,payment,bank_transfer,customer_7823,groceries,2026-08-24T17:19:45+00:00,17,0,successful
merchant_greenleaf,430.49,USD,payment,netbanking,customer_4927,food_delivery,2026-08-02T18:36:28+00:00,18,6,successful
merchant_swiftgear,1063.62,EUR,payment,bank_transfer,customer_6880,utilities,2026-08-11T17:23:19+00:00,17,1,failed
merchant_urbancart,658.93,USD,payment,bank_transfer,customer_1089,marketing,2026-08-19T05:23:57+00:00,5,2,successful
merchant_urbancart,1251.94,INR,payment,upi,customer_9702,marketing,2026-08-12T08:41:28+00:00,8,2,failed
merchant_swiftgear,788.1,INR,payment,netbanking,customer_8837,travel,2026-07-31T14:54:08+00:00,14,4,successful
merchant_pixel_studio,596.3,USD,payment,netbanking,customer_9520,office_supplies,2026-08-17T13:19:18+00:00,13,0,successful
merchant_bluewave,57.47,INR,refund,netbanking,customer_9409,software_subscription,2026-08-18T12:15:29+00:00,12,1,successful
merchant_urbancart,1852.16,USD,payment,netbanking,customer_7307,utilities,2026-08-05T03:16:32+00:00,3,2,pending
merchant_urbancart,984.83,USD,chargeback,bank_transfer,customer_5962,electronics,2026-08-21T23:20:34+00:00,23,4,successful
merchant_pixel_studio,1984.71,INR,expense,upi,customer_2030,travel,2026-07-30T01:31:10+00:00,1,3,successful
merchant_freshbite,281.41,EUR,payment,card,customer_1929,travel,2026-08-24T21:19:45+00:00,21,0,successful
merchant_techhive,842.45,INR,payment,card,customer_7520,utilities,2026-08-04T18:20:40+00:00,18,1,successful
merchant_techhive,600.06,USD,payment,upi,customer_2380,marketing,2026-08-14T00:27:48+00:00,0,4,successful
merchant_pixel_studio,539.94,USD,payment,netbanking,customer_9166,marketing,2026-08-15T09:46:47+00:00,9,5,successful
merchant_freshbite,367.72,USD,payment,upi,customer_1306,office_supplies,2026-07-29T03:25:12+00:00,3,2,successful
merchant_bluewave,568.0,INR,payment,wallet,customer_8502,electronics,2026-08-04T13:35:22+00:00,13,1,failed
merchant_urbancart,2154.53,INR,refund,netbanking,customer_8181,office_supplies,2026-08-19T14:40:15+00:00,14,2,successful
merchant_techhive,1262.63,EUR,payment,card,customer_6074,office_supplies,2026-08-07T01:33:38+00:00,1,4,successful
merchant_techhive,2242.09,INR,payment,netbanking,customer_1117,marketing,2026-07-30T09:01:42+00:00,9,3,failed
merchant_bluewave,190.72,USD,payment,netbanking,customer_5643,electronics,2026-08-23T22:00:40+00:00,22,6,successful
merchant_freshbite,1250.1,USD,payment,netbanking,customer_8051,utilities,2026-08-11T11:13:46+00:00,11,1,successful
merchant_freshbite,182.83,INR,chargeback,netbanking,customer_4517,groceries,2026-08-19T00:25:45+00:00,0,2,successful
merchant_techhive,1583.71,EUR,payment,upi,customer_7953,food_delivery,2026-07-31T11:04:20+00:00,11,4,successful
merchant_pixel_studio,597.06,EUR,payment,bank_transfer,customer_9822,food_delivery,2026-08-18T02:19:49+00:00,2,1,failed
merchant_techhive,1228.35,EUR,payment,card,customer_1366,food_delivery,2026-08-16T05:53:35+00:00,5,6,successful
merchant_pixel_studio,69.61,INR,payment,netbanking,customer_1015,food_delivery,2026-08-06T15:44:55+00:00,15,3,successful
merchant_freshbite,2118.01,USD,payment,bank_transfer,customer_9362,electronics,2026-08-02T07:42:44+00:00,7,6,successful
merchant_pixel_studio,1781.75,EUR,chargeback,netbanking,customer_4867,food_delivery,2026-07-28T20:13:04+00:00,20,1,pending
merchant_bluewave,2362.6,EUR,payment,wallet,customer_9541,electronics,2026-07-31T10:30:02+00:00,10,4,successful
merchant_techhive,592.38,INR,payment,card,customer_3749,utilities,2026-08-18T11:10:56+00:00,11,1,successful
merchant_pixel_studio,1045.62,EUR,payment,card,customer_7116,utilities,2026-08-16T12:17:44+00:00,12,6,successful
merchant_techhive,1924.12,INR,expense,netbanking,customer_8430,software_subscription,2026-08-17T02:06:39+00:00,2,0,successful
merchant_urbancart,2149.83,EUR,refund,bank_transfer,customer_5005,electronics,2026-08-06T02:18:03+00:00,2,3,successful
merchant_freshbite,1673.3,USD,payment,upi,customer_3843,utilities,2026-08-22T07:15:33+00:00,7,5,successful
merchant_urbancart,509.53,USD,payment,bank_transfer,customer_7634,marketing,2026-08-25T22:09:40+00:00,22,1,failed
merchant_swiftgear,1486.39,EUR,payment,wallet,customer_2356,electronics,2026-08-09T19:01:22+00:00,19,6,successful
merchant_techhive,629.66,USD,chargeback,wallet,customer_4257,utilities,2026-08-02T09:03:37+00:00,9,6,successful
merchant_pixel_studio,936.63,INR,payment,wallet,customer_6693,software_subscription,2026-07-29T05:55:09+00:00,5,2,pending
merchant_greenleaf,626.66,USD,payment,netbanking,customer_8373,travel,2026-08-15T12:42:02+00:00,12,5,successful
merchant_techhive,496.76,INR,payment,upi,customer_6153,marketing,2026-07-28T00:10:01+00:00,0,1,successful
merchant_pixel_studio,2058.36,INR,payment,card,customer_5846,office_supplies,2026-08-11T23:25:37+00:00,23,1,pending
merchant_freshbite,310.1,USD,refund,netbanking,customer_5426,food_delivery,2026-08-12T06:09:21+00:00,6,2,successful
merchant_techhive,1094.06,INR,payment,netbanking,customer_1855,marketing,2026-08-25T20:01:26+00:00,20,1,successful
merchant_swiftgear,1967.57,EUR,payment,upi,customer_7433,marketing,2026-08-24T03:29:57+00:00,3,0,successful
merchant_daily_grind_cafe,2356.1,USD,payment,bank_transfer,customer_7912,electronics,2026-08-21T13:18:30+00:00,13,4,successful
merchant_pixel_studio,453.59,INR,refund,wallet,customer_5636,software_subscription,2026-07-29T18:13:29+00:00,18,2,successful
merchant_techhive,1088.58,EUR,payment,wallet,customer_9024,office_supplies,2026-08-03T17:24:49+00:00,17,0,successful
merchant_urbancart,1079.36,INR,chargeback,card,customer_2732,travel,2026-07-31T22:44:22+00:00,22,4,successful
merchant_pixel_studio,1056.84,USD,payment,upi,customer_9867,travel,2026-08-04T09:18:15+00:00,9,1,successful
merchant_daily_grind_cafe,931.42,INR,refund,bank_transfer,customer_3156,office_supplies,2026-08-13T11:16:53+00:00,11,3,successful
merchant_daily_grind_cafe,282.04,INR,payment,card,customer_8920,utilities,2026-08-23T07:12:19+00:00,7,6,successful
merchant_bluewave,720.45,EUR,refund,wallet,customer_3164,marketing,2026-08-17T07:36:00+00:00,7,0,successful
merchant_swiftgear,2363.58,EUR,refund,bank_transfer,customer_6086,travel,2026-08-24T19:55:28+00:00,19,0,successful
merchant_techhive,884.69,USD,refund,upi,customer_3456,software_subscription,2026-08-01T00:17:39+00:00,0,5,successful
merchant_daily_grind_cafe,1493.36,INR,expense,card,customer_9830,electronics,2026-07-29T11:33:53+00:00,11,2,pending
merchant_techhive,137.54,INR,chargeback,card,customer_8874,travel,2026-08-25T21:22:30+00:00,21,1,successful
merchant_greenleaf,1172.28,INR,refund,netbanking,customer_7806,electronics,2026-08-20T01:56:24+00:00,1,3,successful
merchant_daily_grind_cafe,1854.18,USD,payment,netbanking,customer_9535,travel,2026-08-02T22:39:25+00:00,22,6,successful
merchant_urbancart,1917.78,EUR,payment,bank_transfer,customer_4732,food_delivery,2026-08-17T02:33:53+00:00,2,0,successful
merchant_techhive,1192.98,EUR,payment,card,customer_8479,travel,2026-08-04T21:51:19+00:00,21,1,successful
merchant_urbancart,1053.83,EUR,refund,upi,customer_9976,marketing,2026-08-08T21:16:25+00:00,21,5,successful
merchant_urbancart,1124.26,INR,payment,upi,customer_1844,food_delivery,2026-08-21T02:51:58+00:00,2,4,pending
merchant_greenleaf,1274.73,USD,payment,card,customer_1360,software_subscription,2026-08-01T11:41:18+00:00,11,5,successful
merchant_urbancart,36.65,USD,payment,upi,customer_3019,utilities,2026-08-15T07:38:31+00:00,7,5,successful
merchant_freshbite,1517.23,EUR,payment,netbanking,customer_8307,software_subscription,2026-08-14T16:23:58+00:00,16,4,successful
merchant_urbancart,76.01,EUR,payment,upi,customer_3034,groceries,2026-08-16T01:18:07+00:00,1,6,successful
merchant_bluewave,967.87,USD,refund,wallet,customer_1438,marketing,2026-08-10T19:39:52+00:00,19,0,successful
merchant_greenleaf,1101.26,INR,payment,bank_transfer,customer_5731,groceries,2026-08-24T18:36:23+00:00,18,0,successful
merchant_pixel_studio,232.13,EUR,expense,bank_transfer,customer_3627,software_subscription,2026-08-26T22:37:28+00:00,22,2,successful
merchant_pixel_studio,2061.52,INR,payment,netbanking,customer_1488,food_delivery,2026-07-31T16:57:19+00:00,16,4,successful
merchant_freshbite,1978.62,EUR,refund,card,customer_2711,electronics,2026-08-22T20:33:11+00:00,20,5,successful
merchant_bluewave,1202.98,INR,payment,bank_transfer,customer_2565,travel,2026-08-13T23:20:48+00:00,23,3,pending
merchant_bluewave,1000.2,EUR,payment,bank_transfer,customer_4510,electronics,2026-08-14T02:01:45+00:00,2,4,successful
merchant_swiftgear,226.97,USD,payment,card,customer_6440,groceries,2026-08-01T12:15:10+00:00,12,5,successful
merchant_urbancart,2236.5,USD,payment,wallet,customer_4065,food_delivery,2026-07-31T04:38:28+00:00,4,4,successful
merchant_greenleaf,2314.86,USD,expense,card,customer_6691,electronics,2026-08-11T23:55:25+00:00,23,1,failed
merchant_techhive,427.89,INR,payment,bank_transfer,customer_1329,marketing,2026-07-28T11:52:24+00:00,11,1,failed
merchant_freshbite,1323.87,INR,refund,wallet,customer_8828,utilities,2026-08-01T05:41:05+00:00,5,5,successful
merchant_bluewave,1535.38,USD,chargeback,upi,customer_3047,food_delivery,2026-08-21T03:36:04+00:00,3,4,successful
merchant_urbancart,1363.9,USD,payment,card,customer_3777,utilities,2026-07-31T01:47:45+00:00,1,4,pending
merchant_pixel_studio,2114.28,EUR,payment,wallet,customer_8699,utilities,2026-07-31T21:10:48+00:00,21,4,pending
merchant_swiftgear,1400.79,USD,refund,bank_transfer,customer_3613,food_delivery,2026-08-06T12:30:21+00:00,12,3,successful
merchant_pixel_studio,828.36,EUR,chargeback,upi,customer_1864,utilities,2026-08-15T11:58:49+00:00,11,5,successful
merchant_pixel_studio,187.04,USD,payment,bank_transfer,customer_5880,groceries,2026-08-22T13:45:03+00:00,13,5,successful
merchant_daily_grind_cafe,2451.69,USD,refund,wallet,customer_5336,groceries,2026-08-03T14:25:03+00:00,14,0,successful
merchant_techhive,2200.15,USD,payment,netbanking,customer_1097,travel,2026-08-09T07:42:39+00:00,7,6,successful
merchant_urbancart,873.1,EUR,payment,netbanking,customer_4659,utilities,2026-08-22T04:16:23+00:00,4,5,successful
merchant_pixel_studio,25.27,USD,payment,bank_transfer,customer_3154,software_subscription,2026-08-01T18:40:32+00:00,18,5,successful
merchant_pixel_studio,1624.44,INR,expense,netbanking,customer_2348,electronics,2026-08-07T17:14:57+00:00,17,4,successful
merchant_swiftgear,667.2,EUR,payment,wallet,customer_5504,software_subscription,2026-08-16T20:59:41+00:00,20,6,successful
merchant_swiftgear,1000.56,EUR,payment,card,customer_4037,food_delivery,2026-08-23T15:45:18+00:00,15,6,successful
merchant_daily_grind_cafe,408.65,EUR,payment,card,customer_1891,groceries,2026-08-13T14:49:39+00:00,14,3,failed
merchant_bluewave,1526.67,INR,payment,bank_transfer,customer_4257,groceries,2026-07-28T19:46:46+00:00,19,1,failed
merchant_urbancart,2014.36,EUR,expense,wallet,customer_1847,marketing,2026-08-07T21:28:49+00:00,21,4,successful
merchant_swiftgear,1401.65,INR,payment,netbanking,customer_4801,marketing,2026-08-26T06:18:52+00:00,6,2,successful
merchant_techhive,1183.31,USD,payment,card,customer_9149,marketing,2026-08-12T09:22:24+00:00,9,2,successful
merchant_swiftgear,2039.51,USD,payment,upi,customer_8848,software_subscription,2026-08-11T20:49:34+00:00,20,1,successful
merchant_bluewave,1358.17,USD,payment,bank_transfer,customer_2911,marketing,2026-07-29T16:26:00+00:00,16,2,successful
merchant_bluewave,603.31,EUR,payment,netbanking,customer_6943,groceries,2026-07-29T21:43:40+00:00,21,2,successful
merchant_pixel_studio,2165.45,EUR,payment,upi,customer_3578,software_subscription,2026-08-15T15:21:10+00:00,15,5,successful
merchant_techhive,2474.16,USD,expense,card,customer_5493,software_subscription,2026-08-11T15:17:59+00:00,15,1,successful
merchant_pixel_studio,1125.44,INR,payment,upi,customer_3016,marketing,2026-08-10T00:00:19+00:00,0,0,successful
merchant_freshbite,1870.17,INR,payment,wallet,customer_9283,food_delivery,2026-08-23T09:35:04+00:00,9,6,successful
merchant_pixel_studio,13.61,USD,payment,card,customer_7172,electronics,2026-08-19T16:27:07+00:00,16,2,pending
merchant_daily_grind_cafe,1422.7,USD,refund,wallet,customer_9784,marketing,2026-07-27T16:52:46+00:00,16,0,successful
merchant_freshbite,553.49,EUR,payment,upi,customer_7605,utilities,2026-08-19T06:45:31+00:00,6,2,successful
merchant_pixel_studio,2476.4,EUR,expense,wallet,customer_3497,marketing,2026-08-21T20:44:33+00:00,20,4,successful
merchant_urbancart,1310.43,INR,payment,upi,customer_1978,office_supplies,2026-08-13T11:57:18+00:00,11,3,successful
merchant_greenleaf,1430.38,USD,payment,bank_transfer,customer_7459,groceries,2026-08-03T10:29:42+00:00,10,0,successful
merchant_greenleaf,1493.36,INR,payment,upi,customer_8104,marketing,2026-08-22T07:48:28+00:00,7,5,successful
merchant_greenleaf,330.8,USD,payment,bank_transfer,customer_4134,marketing,2026-08-05T13:30:55+00:00,13,2,successful
merchant_pixel_studio,1126.28,USD,payment,upi,customer_3365,office_supplies,2026-07-31T13:40:20+00:00,13,4,successful
merchant_daily_grind_cafe,1725.18,USD,payment,card,customer_1329,electronics,2026-08-22T09:50:01+00:00,9,5,successful
merchant_pixel_studio,640.74,INR,chargeback,upi,customer_3274,food_delivery,2026-08-21T14:01:42+00:00,14,4,successful
merchant_bluewave,569.4,EUR,payment,bank_transfer,customer_3243,software_subscription,2026-08-16T11:37:25+00:00,11,6,successful
merchant_bluewave,1050.25,INR,payment,upi,customer_9858,software_subscription,2026-07-27T21:28:11+00:00,21,0,successful
merchant_urbancart,250.48,EUR,refund,bank_transfer,customer_1809,food_delivery,2026-08-16T00:40:02+00:00,0,6,successful
merchant_greenleaf,2105.21,EUR,refund,netbanking,customer_4164,software_subscription,2026-08-14T13:47:53+00:00,13,4,successful
merchant_techhive,32.26,USD,payment,netbanking,customer_3703,food_delivery,2026-08-02T19:16:27+00:00,19,6,successful
merchant_daily_grind_cafe,758.18,INR,payment,wallet,customer_5871,food_delivery,2026-08-13T17:13:21+00:00,17,3,successful
merchant_swiftgear,2394.56,INR,payment,netbanking,customer_4959,marketing,2026-08-19T12:43:10+00:00,12,2,failed
merchant_daily_grind_cafe,1107.81,USD,expense,wallet,customer_9064,electronics,2026-08-22T22:33:38+00:00,22,5,successful
merchant_bluewave,1443.63,USD,payment,wallet,customer_8657,food_delivery,2026-08-13T15:08:32+00:00,15,3,successful
merchant_pixel_studio,451.21,INR,expense,netbanking,customer_2947,groceries,2026-08-01T11:28:25+00:00,11,5,successful
merchant_urbancart,1268.9,INR,payment,wallet,customer_1661,electronics,2026-08-08T16:39:00+00:00,16,5,successful
merchant_bluewave,809.81,EUR,payment,netbanking,customer_2330,food_delivery,2026-08-08T09:13:45+00:00,9,5,successful
merchant_freshbite,1657.94,INR,payment,bank_transfer,customer_6216,utilities,2026-08-13T12:21:08+00:00,12,3,successful
merchant_greenleaf,1391.11,EUR,expense,bank_transfer,customer_6907,electronics,2026-08-21T01:55:15+00:00,1,4,successful
merchant_greenleaf,1928.38,EUR,chargeback,card,customer_4048,electronics,2026-08-05T20:51:00+00:00,20,2,successful
merchant_swiftgear,2250.19,EUR,payment,card,customer_9707,groceries,2026-08-11T16:47:13+00:00,16,1,successful
merchant_bluewave,2028.76,INR,payment,card,customer_5639,office_supplies,2026-08-15T14:14:32+00:00,14,5,successful
merchant_freshbite,701.02,INR,refund,bank_transfer,customer_7862,marketing,2026-08-21T20:22:31+00:00,20,4,successful
merchant_techhive,2135.79,USD,payment,upi,customer_9340,electronics,2026-08-25T01:34:37+00:00,1,1,successful
merchant_pixel_studio,2377.15,USD,refund,card,customer_9693,travel,2026-08-04T22:37:03+00:00,22,1,failed
merchant_greenleaf,2484.61,INR,payment,bank_transfer,customer_4141,utilities,2026-08-23T21:55:39+00:00,21,6,successful
merchant_pixel_studio,1369.45,INR,expense,netbanking,customer_7526,food_delivery,2026-08-05T19:53:23+00:00,19,2,pending
merchant_urbancart,300.43,INR,payment,upi,customer_5480,marketing,2026-08-15T10:19:14+00:00,10,5,successful
merchant_swiftgear,1914.91,INR,payment,card,customer_8768,utilities,2026-08-14T15:49:15+00:00,15,4,successful
merchant_greenleaf,363.5,EUR,payment,upi,customer_8026,food_delivery,2026-08-22T11:06:25+00:00,11,5,successful
merchant_swiftgear,1112.66,USD,payment,bank_transfer,customer_4910,software_subscription,2026-08-18T13:10:46+00:00,13,1,failed
merchant_swiftgear,1437.4,INR,refund,netbanking,customer_6806,electronics,2026-08-16T05:20:22+00:00,5,6,successful
merchant_swiftgear,430.33,EUR,chargeback,upi,customer_1641,software_subscription,2026-08-13T14:05:09+00:00,14,3,successful
merchant_swiftgear,2335.41,INR,payment,bank_transfer,customer_5848,utilities,2026-08-01T08:06:44+00:00,8,5,failed
merchant_urbancart,574.64,INR,refund,wallet,customer_4555,travel,2026-08-03T04:19:15+00:00,4,0,successful
merchant_pixel_studio,2119.95,EUR,expense,netbanking,customer_9331,software_subscription,2026-08-08T18:01:41+00:00,18,5,successful
merchant_daily_grind_cafe,357.13,INR,payment,netbanking,customer_8380,travel,2026-08-04T02:14:49+00:00,2,1,pending
merchant_techhive,22.32,USD,payment,wallet,customer_1877,marketing,2026-08-17T08:18:13+00:00,8,0,successful
merchant_techhive,831.63,USD,chargeback,card,customer_7770,travel,2026-08-26T08:57:02+00:00,8,2,pending
merchant_urbancart,1278.07,INR,payment,wallet,customer_7692,utilities,2026-08-01T00:02:12+00:00,0,5,successful
merchant_daily_grind_cafe,1293.96,USD,payment,upi,customer_3963,groceries,2026-08-03T23:12:12+00:00,23,0,successful
merchant_greenleaf,192.73,INR,payment,wallet,customer_3878,travel,2026-08-23T05:24:44+00:00,5,6,failed
merchant_freshbite,1069.48,EUR,payment,wallet,customer_5236,marketing,2026-08-04T19:23:54+00:00,19,1,failed
merchant_daily_grind_cafe,1646.7,EUR,payment,card,customer_6061,travel,2026-08-01T23:20:00+00:00,23,5,successful
merchant_daily_grind_cafe,2053.8,USD,chargeback,wallet,customer_7042,groceries,2026-08-16T08:18:37+00:00,8,6,successful
merchant_bluewave,889.49,USD,payment,upi,customer_4043,office_supplies,2026-08-24T18:54:11+00:00,18,0,successful
merchant_daily_grind_cafe,943.38,INR,chargeback,wallet,customer_7030,utilities,2026-08-12T13:33:26+00:00,13,2,successful
merchant_freshbite,1862.17,EUR,payment,card,customer_7894,office_supplies,2026-08-16T06:53:59+00:00,6,6,failed
merchant_swiftgear,125.24,USD,refund,wallet,customer_1821,food_delivery,2026-08-20T16:49:03+00:00,16,3,successful
merchant_daily_grind_cafe,1463.02,USD,payment,netbanking,customer_2242,groceries,2026-08-14T12:07:38+00:00,12,4,successful
merchant_greenleaf,1769.27,EUR,payment,wallet,customer_8505,marketing,2026-08-13T07:41:34+00:00,7,3,successful
merchant_swiftgear,398.61,EUR,payment,bank_transfer,customer_3252,office_supplies,2026-08-04T22:13:11+00:00,22,1,successful
merchant_urbancart,531.5,INR,payment,bank_transfer,customer_4707,software_subscription,2026-08-15T12:39:05+00:00,12,5,pending
merchant_greenleaf,1973.77,INR,payment,card,customer_5159,utilities,2026-08-15T21:44:30+00:00,21,5,successful
merchant_urbancart,2335.57,USD,payment,bank_transfer,customer_1538,office_supplies,2026-08-18T06:48:00+00:00,6,1,successful
merchant_pixel_studio,2066.19,INR,payment,netbanking,customer_7589,utilities,2026-08-06T20:05:14+00:00,20,3,successful
merchant_freshbite,2267.23,USD,chargeback,netbanking,customer_3072,food_delivery,2026-08-04T21:40:52+00:00,21,1,successful
merchant_bluewave,1030.78,INR,payment,bank_transfer,customer_5558,travel,2026-08-24T00:19:13+00:00,0,0,pending
merchant_pixel_studio,969.98,USD,payment,upi,customer_3246,office_supplies,2026-08-12T03:34:55+00:00,3,2,successful
merchant_urbancart,2417.45,EUR,payment,wallet,customer_7110,travel,2026-08-26T08:58:58+00:00,8,2,successful
merchant_pixel_studio,1438.96,INR,refund,wallet,customer_4927,electronics,2026-07-27T11:09:05+00:00,11,0,failed
merchant_swiftgear,2197.31,INR,payment,card,customer_2739,utilities,2026-08-09T23:22:43+00:00,23,6,successful
merchant_daily_grind_cafe,443.39,EUR,payment,card,customer_7205,food_delivery,2026-08-23T02:57:50+00:00,2,6,successful
merchant_pixel_studio,1370.64,EUR,payment,upi,customer_4771,software_subscription,2026-08-04T22:15:22+00:00,22,1,successful
merchant_techhive,2240.45,EUR,payment,card,customer_5633,utilities,2026-08-10T19:32:34+00:00,19,0,failed
merchant_daily_grind_cafe,1499.53,INR,payment,wallet,customer_7355,utilities,2026-07-29T13:27:15+00:00,13,2,failed
merchant_bluewave,1696.54,USD,payment,upi,customer_5632,electronics,2026-08-23T23:28:17+00:00,23,6,pending
merchant_greenleaf,1703.02,INR,payment,wallet,customer_7162,software_subscription,2026-08-12T07:09:54+00:00,7,2,successful
merchant_urbancart,544.17,INR,chargeback,upi,customer_1206,software_subscription,2026-08-16T22:52:55+00:00,22,6,successful
merchant_techhive,1837.5,USD,refund,netbanking,customer_4359,utilities,2026-08-26T23:10:29+00:00,23,2,successful
merchant_techhive,249.13,EUR,payment,upi,customer_2807,travel,2026-07-31T03:17:21+00:00,3,4,successful
merchant_bluewave,1852.29,EUR,payment,netbanking,customer_8144,office_supplies,2026-07-29T11:40:44+00:00,11,2,successful
merchant_pixel_studio,2026.99,EUR,expense,netbanking,customer_6967,software_subscription,2026-08-17T04:08:41+00:00,4,0,successful
merchant_swiftgear,1858.08,USD,payment,card,customer_2781,software_subscription,2026-08-02T14:01:25+00:00,14,6,successful
merchant_techhive,134.34,INR,refund,netbanking,customer_7893,software_subscription,2026-08-08T10:12:46+00:00,10,5,successful
merchant_swiftgear,630.1,INR,payment,netbanking,customer_5267,food_delivery,2026-08-19T21:29:51+00:00,21,2,successful
merchant_daily_grind_cafe,2234.44,EUR,refund,netbanking,customer_3610,electronics,2026-08-25T06:23:37+00:00,6,1,successful
merchant_daily_grind_cafe,489.38,EUR,payment,bank_transfer,customer_5456,travel,2026-08-01T18:45:51+00:00,18,5,successful
merchant_daily_grind_cafe,1749.99,USD,payment,bank_transfer,customer_8005,utilities,2026-08-09T13:30:34+00:00,13,6,successful
merchant_urbancart,2348.2,USD,payment,netbanking,customer_1423,travel,2026-08-16T21:56:28+00:00,21,6,failed
merchant_urbancart,1916.89,EUR,chargeback,wallet,customer_5487,travel,2026-08-15T03:20:17+00:00,3,5,pending
merchant_greenleaf,1730.59,EUR,payment,upi,customer_8361,groceries,2026-08-18T11:58:42+00:00,11,1,successful
merchant_pixel_studio,1763.06,INR,chargeback,upi,customer_7155,marketing,2026-07-31T16:50:25+00:00,16,4,successful
merchant_swiftgear,120.95,USD,refund,bank_transfer,customer_5861,marketing,2026-08-01T22:43:57+00:00,22,5,failed
merchant_freshbite,1848.24,USD,payment,bank_transfer,customer_9621,office_supplies,2026-08-09T18:33:51+00:00,18,6,successful
merchant_bluewave,11.15,EUR,refund,card,customer_3977,office_supplies,2026-08-04T04:56:48+00:00,4,1,successful
merchant_bluewave,905.67,USD,payment,wallet,customer_7825,utilities,2026-08-11T00:37:15+00:00,0,1,successful
merchant_freshbite,157.03,INR,expense,card,customer_7540,marketing,2026-08-19T16:21:32+00:00,16,2,successful
merchant_freshbite,884.29,EUR,payment,wallet,customer_5164,office_supplies,2026-08-25T17:34:07+00:00,17,1,successful
merchant_freshbite,2110.39,USD,payment,wallet,customer_9107,office_supplies,2026-08-01T09:32:38+00:00,9,5,successful
merchant_daily_grind_cafe,1942.11,USD,payment,card,customer_4172,food_delivery,2026-08-14T12:11:53+00:00,12,4,successful
merchant_daily_grind_cafe,1063.44,INR,payment,netbanking,customer_7871,utilities,2026-08-06T08:32:27+00:00,8,3,pending
merchant_daily_grind_cafe,1730.01,USD,payment,upi,customer_6226,marketing,2026-07-28T10:20:43+00:00,10,1,successful
merchant_freshbite,2033.34,INR,payment,bank_transfer,customer_6195,utilities,2026-08-09T08:44:32+00:00,8,6,failed
merchant_urbancart,419.17,USD,payment,card,customer_1864,marketing,2026-07-29T12:32:39+00:00,12,2,successful
merchant_bluewave,746.36,USD,payment,netbanking,customer_7595,marketing,2026-08-23T08:38:26+00:00,8,6,successful
merchant_bluewave,625.75,EUR,expense,netbanking,customer_8092,electronics,2026-07-28T21:53:18+00:00,21,1,successful
merchant_bluewave,951.42,INR,chargeback,upi,customer_9154,electronics,2026-08-05T17:51:46+00:00,17,2,successful
merchant_bluewave,1100.78,EUR,refund,bank_transfer,customer_8123,electronics,2026-08-22T02:18:55+00:00,2,5,successful
merchant_greenleaf,502.51,USD,expense,upi,customer_1775,office_supplies,2026-07-29T14:46:27+00:00,14,2,pending
merchant_greenleaf,2072.92,USD,payment,bank_transfer,customer_7069,food_delivery,2026-07-29T16:43:09+00:00,16,2,failed
merchant_bluewave,1533.58,EUR,refund,card,customer_6996,electronics,2026-08-08T02:18:46+00:00,2,5,successful
merchant_daily_grind_cafe,17.78,EUR,refund,bank_transfer,customer_8253,utilities,2026-08-01T02:16:32+00:00,2,5,successful
merchant_greenleaf,821.94,INR,payment,wallet,customer_4851,marketing,2026-08-18T23:15:04+00:00,23,1,successful
merchant_daily_grind_cafe,2206.04,USD,payment,card,customer_6935,marketing,2026-08-03T21:28:14+00:00,21,0,successful
merchant_bluewave,2411.96,EUR,payment,card,customer_4426,electronics,2026-08-20T00:06:40+00:00,0,3,successful
merchant_pixel_studio,748.71,EUR,payment,upi,customer_1565,marketing,2026-08-05T21:14:11+00:00,21,2,successful
merchant_techhive,2374.41,INR,refund,card,customer_4708,electronics,2026-08-23T08:22:22+00:00,8,6,successful
merchant_freshbite,1663.44,INR,payment,card,customer_4430,food_delivery,2026-08-23T00:48:29+00:00,0,6,successful
merchant_daily_grind_cafe,859.38,EUR,refund,netbanking,customer_4336,marketing,2026-08-22T05:40:19+00:00,5,5,pending
merchant_greenleaf,2139.93,EUR,payment,wallet,customer_1469,food_delivery,2026-08-24T19:17:10+00:00,19,0,successful
merchant_daily_grind_cafe,288.57,USD,payment,card,customer_4408,electronics,2026-08-12T01:44:32+00:00,1,2,successful
merchant_bluewave,867.77,EUR,payment,bank_transfer,customer_2703,groceries,2026-08-14T05:16:51+00:00,5,4,successful
merchant_daily_grind_cafe,520.06,USD,expense,upi,customer_4332,electronics,2026-08-20T19:15:51+00:00,19,3,successful
merchant_pixel_studio,1130.62,EUR,payment,netbanking,customer_5355,marketing,2026-08-12T02:21:52+00:00,2,2,successful
merchant_techhive,1172.79,USD,payment,wallet,customer_6880,utilities,2026-08-08T11:45:17+00:00,11,5,successful
merchant_greenleaf,2278.94,EUR,refund,netbanking,customer_8492,groceries,2026-08-21T01:01:47+00:00,1,4,successful
merchant_freshbite,196.35,EUR,payment,upi,customer_9182,office_supplies,2026-08-18T06:22:59+00:00,6,1,successful
merchant_pixel_studio,2313.04,USD,payment,wallet,customer_3693,travel,2026-08-24T16:32:07+00:00,16,0,successful
merchant_freshbite,888.44,USD,refund,netbanking,customer_5715,travel,2026-08-14T04:07:26+00:00,4,4,successful
merchant_techhive,1401.78,INR,payment,upi,customer_8730,groceries,2026-08-07T05:40:25+00:00,5,4,successful
merchant_freshbite,116.65,USD,payment,card,customer_3354,software_subscription,2026-08-03T21:18:41+00:00,21,0,successful
merchant_daily_grind_cafe,979.69,INR,payment,netbanking,customer_4940,groceries,2026-08-25T00:18:33+00:00,0,1,successful
merchant_swiftgear,1725.54,USD,payment,netbanking,customer_1027,marketing,2026-07-29T05:51:59+00:00,5,2,successful
merchant_swiftgear,217.82,INR,payment,upi,customer_6862,food_delivery,2026-08-01T17:34:06+00:00,17,5,pending
merchant_pixel_studio,760.0,USD,payment,netbanking,customer_3873,electronics,2026-07-28T20:41:09+00:00,20,1,successful
merchant_urbancart,526.88,INR,expense,bank_transfer,customer_7819,food_delivery,2026-08-01T20:26:05+00:00,20,5,successful
merchant_techhive,263.18,EUR,expense,card,customer_6457,office_supplies,2026-08-16T08:20:01+00:00,8,6,successful
merchant_swiftgear,2344.65,USD,payment,upi,customer_1133,software_subscription,2026-08-03T04:37:02+00:00,4,0,pending
merchant_techhive,2281.05,INR,expense,upi,customer_5972,office_supplies,2026-08-21T06:57:09+00:00,6,4,successful
merchant_daily_grind_cafe,2186.23,EUR,payment,netbanking,customer_7131,marketing,2026-08-19T23:36:56+00:00,23,2,pending
merchant_techhive,1164.88,EUR,payment,netbanking,customer_4280,utilities,2026-08-12T03:06:24+00:00,3,2,successful
merchant_techhive,1679.33,INR,payment,bank_transfer,customer_3442,utilities,2026-08-23T04:29:57+00:00,4,6,successful
merchant_techhive,362.74,INR,expense,card,customer_8481,groceries,2026-07-30T04:18:02+00:00,4,3,successful
merchant_bluewave,2474.78,INR,payment,bank_transfer,customer_8420,software_subscription,2026-08-23T21:06:11+00:00,21,6,successful
merchant_freshbite,1860.33,INR,payment,netbanking,customer_2007,electronics,2026-08-11T09:40:43+00:00,9,1,failed
merchant_bluewave,533.89,USD,refund,upi,customer_9440,travel,2026-08-03T19:31:27+00:00,19,0,successful
merchant_greenleaf,1097.32,USD,refund,wallet,customer_7399,electronics,2026-08-15T14:00:01+00:00,14,5,successful
merchant_freshbite,99.15,EUR,payment,upi,customer_9966,food_delivery,2026-08-26T02:43:43+00:00,2,2,pending
merchant_freshbite,975.95,INR,chargeback,card,customer_5525,groceries,2026-08-14T05:26:10+00:00,5,4,successful
merchant_techhive,1229.71,INR,refund,upi,customer_1587,electronics,2026-08-25T21:44:02+00:00,21,1,successful
merchant_urbancart,2347.45,USD,refund,upi,customer_8998,office_supplies,2026-08-02T06:38:11+00:00,6,6,successful
merchant_freshbite,1765.7,USD,payment,upi,customer_3036,office_supplies,2026-08-22T06:18:11+00:00,6,5,successful
merchant_swiftgear,415.29,EUR,payment,netbanking,customer_2715,groceries,2026-08-12T04:14:19+00:00,4,2,successful
merchant_techhive,2254.24,USD,payment,netbanking,customer_1721,food_delivery,2026-08-10T07:21:10+00:00,7,0,successful
merchant_pixel_studio,2042.12,EUR,refund,netbanking,customer_6309,software_subscription,2026-08-21T18:03:35+00:00,18,4,successful
merchant_daily_grind_cafe,1005.82,USD,refund,wallet,customer_5552,software_subscription,2026-08-22T22:02:38+00:00,22,5,successful
merchant_urbancart,1370.43,INR,chargeback,wallet,customer_6500,marketing,2026-08-04T06:03:42+00:00,6,1,successful
merchant_greenleaf,2390.81,INR,payment,bank_transfer,customer_3082,software_subscription,2026-08-06T08:10:53+00:00,8,3,successful
merchant_greenleaf,25.84,EUR,payment,bank_transfer,customer_9626,marketing,2026-08-20T13:05:25+00:00,13,3,successful
merchant_freshbite,1309.59,USD,payment,netbanking,customer_9015,travel,2026-08-20T20:51:20+00:00,20,3,successful
merchant_bluewave,662.68,EUR,payment,upi,customer_5802,food_delivery,2026-08-19T08:45:46+00:00,8,2,successful
merchant_pixel_studio,717.06,INR,refund,upi,customer_9297,marketing,2026-08-11T22:06:55+00:00,22,1,successful
merchant_techhive,645.71,INR,payment,netbanking,customer_7794,marketing,2026-08-05T10:41:25+00:00,10,2,successful
merchant_techhive,350.91,USD,payment,netbanking,customer_2437,office_supplies,2026-08-01T19:07:49+00:00,19,5,successful
merchant_swiftgear,1251.7,EUR,payment,netbanking,customer_2892,travel,2026-08-18T06:44:57+00:00,6,1,successful
merchant_daily_grind_cafe,841.85,USD,expense,upi,customer_5311,food_delivery,2026-08-25T14:46:21+00:00,14,1,successful
merchant_pixel_studio,278.19,USD,payment,upi,customer_7998,electronics,2026-07-29T06:46:46+00:00,6,2,successful
merchant_daily_grind_cafe,1905.41,INR,payment,wallet,customer_7080,marketing,2026-08-17T17:11:26+00:00,17,0,successful
merchant_daily_grind_cafe,1100.43,INR,expense,wallet,customer_6893,utilities,2026-08-03T05:11:43+00:00,5,0,successful
merchant_pixel_studio,671.0,USD,payment,bank_transfer,customer_7816,software_subscription,2026-07-28T12:56:31+00:00,12,1,successful
merchant_urbancart,1250.37,INR,payment,wallet,customer_2191,travel,2026-08-13T23:19:35+00:00,23,3,failed
merchant_bluewave,1031.3,USD,payment,upi,customer_2257,travel,2026-08-07T11:24:52+00:00,11,4,successful
merchant_freshbite,1207.62,EUR,payment,card,customer_1390,utilities,2026-08-03T21:41:22+00:00,21,0,successful
merchant_daily_grind_cafe,2458.12,INR,expense,card,customer_3977,office_supplies,2026-07-31T17:44:54+00:00,17,4,failed
merchant_urbancart,769.16,USD,refund,bank_transfer,customer_8448,groceries,2026-08-10T20:50:29+00:00,20,0,successful
merchant_daily_grind_cafe,1172.7,USD,payment,wallet,customer_8702,travel,2026-08-09T10:26:38+00:00,10,6,successful
merchant_urbancart,536.93,INR,chargeback,netbanking,customer_7652,office_supplies,2026-07-28T11:27:49+00:00,11,1,failed
merchant_bluewave,1600.33,INR,payment,upi,customer_1062,food_delivery,2026-08-03T00:00:57+00:00,0,0,failed
merchant_pixel_studio,2002.74,INR,payment,wallet,customer_2935,travel,2026-08-10T06:17:01+00:00,6,0,successful
merchant_greenleaf,2140.82,EUR,payment,wallet,customer_1934,travel,2026-08-16T02:20:12+00:00,2,6,successful
merchant_pixel_studio,745.78,EUR,payment,card,customer_7327,groceries,2026-08-13T11:00:20+00:00,11,3,successful
merchant_daily_grind_cafe,1804.52,EUR,payment,card,customer_8130,groceries,2026-08-02T03:20:26+00:00,3,6,successful
merchant_freshbite,1758.32,EUR,payment,card,customer_5824,travel,2026-08-13T03:42:52+00:00,3,3,successful
merchant_urbancart,2047.93,USD,refund,bank_transfer,customer_4655,utilities,2026-08-13T07:21:42+00:00,7,3,failed
merchant_techhive,219.32,INR,payment,wallet,customer_1369,food_delivery,2026-08-22T19:58:38+00:00,19,5,successful
merchant_swiftgear,2248.62,USD,payment,wallet,customer_7979,marketing,2026-08-14T05:28:01+00:00,5,4,successful
merchant_daily_grind_cafe,130.81,INR,payment,upi,customer_3219,food_delivery,2026-07-28T00:12:47+00:00,0,1,successful
merchant_techhive,1024.65,EUR,expense,wallet,customer_5325,software_subscription,2026-08-25T22:19:42+00:00,22,1,successful
merchant_bluewave,1180.99,INR,expense,card,customer_9984,marketing,2026-07-28T05:05:58+00:00,5,1,successful
merchant_freshbite,777.1,USD,payment,bank_transfer,customer_4562,groceries,2026-08-07T07:44:44+00:00,7,4,pending
merchant_swiftgear,1251.78,EUR,payment,upi,customer_7754,food_delivery,2026-07-31T01:47:42+00:00,1,4,successful
merchant_pixel_studio,2004.17,USD,payment,netbanking,customer_6401,office_supplies,2026-08-20T03:59:02+00:00,3,3,successful
merchant_techhive,552.16,INR,payment,wallet,customer_6416,marketing,2026-08-02T23:02:43+00:00,23,6,failed
merchant_urbancart,157.78,USD,payment,bank_transfer,customer_2760,food_delivery,2026-08-01T13:30:18+00:00,13,5,successful
merchant_swiftgear,2020.41,EUR,payment,wallet,customer_2713,electronics,2026-08-12T05:50:55+00:00,5,2,failed
merchant_bluewave,1603.89,EUR,payment,netbanking,customer_8190,utilities,2026-08-19T12:13:10+00:00,12,2,successful
merchant_daily_grind_cafe,1677.36,INR,payment,bank_transfer,customer_9243,utilities,2026-08-19T08:48:54+00:00,8,2,successful
merchant_daily_grind_cafe,305.53,EUR,expense,card,customer_3559,food_delivery,2026-08-20T19:49:23+00:00,19,3,successful
merchant_swiftgear,13.21,USD,payment,netbanking,customer_9569,groceries,2026-08-26T11:53:42+00:00,11,2,successful
merchant_techhive,872.01,INR,payment,netbanking,customer_8089,office_supplies,2026-08-12T02:22:31+00:00,2,2,failed
merchant_freshbite,1500.73,EUR,payment,wallet,customer_6604,marketing,2026-08-23T05:58:36+00:00,5,6,successful
merchant_techhive,545.04,USD,refund,wallet,customer_6403,groceries,2026-08-03T18:39:24+00:00,18,0,successful
merchant_freshbite,1505.39,EUR,expense,card,customer_8229,utilities,2026-08-25T13:28:54+00:00,13,1,successful
merchant_greenleaf,1693.34,EUR,payment,bank_transfer,customer_1303,marketing,2026-08-19T10:43:36+00:00,10,2,successful
merchant_greenleaf,467.04,INR,payment,bank_transfer,customer_2919,software_subscription,2026-08-01T06:19:27+00:00,6,5,successful
merchant_bluewave,19.2,USD,payment,upi,customer_7563,groceries,2026-08-23T13:00:17+00:00,13,6,successful
merchant_freshbite,1774.87,EUR,refund,wallet,customer_1575,software_subscription,2026-07-29T18:44:25+00:00,18,2,successful
merchant_freshbite,1833.07,USD,payment,wallet,customer_3603,office_supplies,2026-08-06T05:23:03+00:00,5,3,failed
merchant_urbancart,2382.44,INR,payment,netbanking,customer_6887,marketing,2026-08-05T13:50:24+00:00,13,2,successful
merchant_pixel_studio,1701.12,INR,payment,wallet,customer_1916,groceries,2026-08-20T12:05:15+00:00,12,3,successful
merchant_pixel_studio,1744.97,EUR,payment,netbanking,customer_4940,food_delivery,2026-08-08T22:27:17+00:00,22,5,successful
merchant_swiftgear,663.42,USD,payment,netbanking,customer_9257,groceries,2026-08-12T01:40:44+00:00,1,2,successful
merchant_techhive,836.47,EUR,expense,card,customer_3451,software_subscription,2026-07-30T01:28:12+00:00,1,3,pending
merchant_techhive,727.37,INR,payment,upi,customer_9479,office_supplies,2026-08-22T02:09:31+00:00,2,5,successful
merchant_freshbite,1472.55,INR,refund,upi,customer_7508,travel,2026-08-16T13:28:53+00:00,13,6,pending
merchant_urbancart,1417.34,EUR,payment,upi,customer_1513,food_delivery,2026-08-24T02:10:49+00:00,2,0,failed
merchant_daily_grind_cafe,1216.67,EUR,payment,card,customer_1901,utilities,2026-08-21T18:17:58+00:00,18,4,successful
merchant_freshbite,761.66,INR,refund,netbanking,customer_3803,travel,2026-08-26T20:48:42+00:00,20,2,successful
merchant_techhive,2484.15,USD,refund,card,customer_2579,office_supplies,2026-08-25T11:17:28+00:00,11,1,successful
merchant_swiftgear,931.76,USD,expense,netbanking,customer_7602,software_subscription,2026-08-06T09:08:57+00:00,9,3,successful
merchant_swiftgear,1961.2,INR,payment,netbanking,customer_1370,office_supplies,2026-08-10T22:11:34+00:00,22,0,successful
merchant_bluewave,1496.06,USD,payment,upi,customer_8322,marketing,2026-08-24T07:59:19+00:00,7,0,pending
merchant_greenleaf,2262.2,INR,payment,netbanking,customer_3426,food_delivery,2026-08-24T00:44:51+00:00,0,0,successful
merchant_swiftgear,447.24,EUR,chargeback,card,customer_5893,food_delivery,2026-08-19T09:15:17+00:00,9,2,successful
merchant_techhive,127.03,INR,payment,netbanking,customer_4734,food_delivery,2026-08-10T07:12:42+00:00,7,0,successful
merchant_urbancart,353.87,INR,refund,bank_transfer,customer_8092,groceries,2026-08-08T13:33:30+00:00,13,5,successful
merchant_daily_grind_cafe,1536.13,INR,payment,wallet,customer_3414,office_supplies,2026-08-11T11:10:41+00:00,11,1,successful
merchant_daily_grind_cafe,2370.06,USD,payment,wallet,customer_1295,travel,2026-08-14T15:10:47+00:00,15,4,successful
merchant_techhive,2439.07,EUR,refund,card,customer_1958,office_supplies,2026-08-23T12:48:39+00:00,12,6,failed
merchant_greenleaf,272.91,USD,payment,netbanking,customer_6140,groceries,2026-07-28T03:14:37+00:00,3,1,successful
merchant_pixel_studio,2289.39,INR,expense,upi,customer_9637,office_supplies,2026-08-12T14:48:14+00:00,14,2,successful
merchant_daily_grind_cafe,494.66,INR,refund,upi,customer_6757,office_supplies,2026-08-19T19:20:02+00:00,19,2,successful
merchant_techhive,356.01,INR,payment,bank_transfer,customer_4035,electronics,2026-08-15T03:33:50+00:00,3,5,successful
merchant_urbancart,1084.53,EUR,payment,upi,customer_3125,food_delivery,2026-08-11T10:14:52+00:00,10,1,successful
merchant_daily_grind_cafe,1080.69,INR,payment,card,customer_1627,travel,2026-08-15T08:13:27+00:00,8,5,successful
merchant_urbancart,1394.32,INR,chargeback,netbanking,customer_6122,office_supplies,2026-08-13T10:29:05+00:00,10,3,successful
merchant_swiftgear,26.44,USD,payment,netbanking,customer_3553,office_supplies,2026-08-13T12:36:47+00:00,12,3,successful
merchant_pixel_studio,1599.21,INR,expense,netbanking,customer_2314,food_delivery,2026-07-27T19:17:26+00:00,19,0,successful
merchant_freshbite,2319.94,EUR,payment,bank_transfer,customer_1550,travel,2026-08-08T15:02:10+00:00,15,5,failed
merchant_freshbite,56.08,USD,payment,wallet,customer_6181,electronics,2026-08-25T14:48:41+00:00,14,1,successful
merchant_swiftgear,345.58,EUR,payment,upi,customer_9734,travel,2026-08-14T21:29:31+00:00,21,4,successful
merchant_freshbite,355.37,EUR,expense,netbanking,customer_4952,utilities,2026-08-24T16:28:09+00:00,16,0,successful
merchant_daily_grind_cafe,489.39,INR,payment,bank_transfer,customer_1778,groceries,2026-08-10T03:47:50+00:00,3,0,successful
merchant_pixel_studio,2431.62,EUR,payment,card,customer_3444,utilities,2026-07-29T12:15:34+00:00,12,2,pending
merchant_bluewave,359.33,INR,expense,netbanking,customer_4652,office_supplies,2026-08-07T14:20:12+00:00,14,4,successful
merchant_swiftgear,1319.65,USD,payment,netbanking,customer_8863,groceries,2026-08-14T13:00:33+00:00,13,4,successful
merchant_freshbite,215.84,EUR,payment,netbanking,customer_8964,marketing,2026-08-07T06:22:15+00:00,6,4,successful
merchant_techhive,2037.98,INR,payment,card,customer_1986,travel,2026-07-29T23:23:48+00:00,23,2,successful
merchant_urbancart,2061.44,EUR,refund,netbanking,customer_1057,groceries,2026-07-28T13:27:18+00:00,13,1,failed
merchant_greenleaf,2003.51,EUR,refund,upi,customer_8375,electronics,2026-08-23T18:05:24+00:00,18,6,successful
merchant_greenleaf,687.58,USD,payment,card,customer_8995,electronics,2026-08-18T00:51:21+00:00,0,1,pending
merchant_greenleaf,1850.86,INR,refund,upi,customer_3731,electronics,2026-08-08T01:47:41+00:00,1,5,successful
merchant_freshbite,1814.09,USD,expense,wallet,customer_5897,utilities,2026-08-18T07:21:04+00:00,7,1,successful
merchant_swiftgear,1405.09,EUR,payment,wallet,customer_3457,marketing,2026-08-07T04:29:00+00:00,4,4,successful
merchant_techhive,2207.46,USD,payment,card,customer_1438,travel,2026-08-16T18:22:09+00:00,18,6,successful
merchant_greenleaf,1193.9,INR,payment,card,customer_5352,office_supplies,2026-07-29T08:28:24+00:00,8,2,successful
merchant_urbancart,991.95,INR,payment,card,customer_3047,office_supplies,2026-08-19T18:35:45+00:00,18,2,successful
merchant_techhive,1356.85,EUR,payment,bank_transfer,customer_7786,travel,2026-08-23T20:00:06+00:00,20,6,successful
merchant_urbancart,1678.0,USD,payment,card,customer_8875,utilities,2026-08-21T07:47:07+00:00,7,4,successful
merchant_pixel_studio,974.06,INR,refund,wallet,customer_4710,utilities,2026-08-17T05:33:15+00:00,5,0,successful
merchant_urbancart,768.54,INR,refund,bank_transfer,customer_7529,travel,2026-07-30T10:30:04+00:00,10,3,successful
merchant_freshbite,975.41,INR,payment,card,customer_5338,utilities,2026-08-18T09:15:43+00:00,9,1,successful
merchant_freshbite,1176.34,EUR,payment,wallet,customer_9580,utilities,2026-08-14T12:49:23+00:00,12,4,successful
merchant_urbancart,1577.56,USD,payment,netbanking,customer_2686,travel,2026-08-08T10:03:29+00:00,10,5,successful
merchant_pixel_studio,2361.18,INR,payment,card,customer_9094,groceries,2026-08-13T03:23:32+00:00,3,3,failed
merchant_bluewave,1494.47,INR,payment,netbanking,customer_7148,travel,2026-08-21T14:44:56+00:00,14,4,failed
merchant_daily_grind_cafe,1389.09,EUR,payment,card,customer_7947,office_supplies,2026-07-27T21:55:42+00:00,21,0,successful
merchant_techhive,1046.45,USD,expense,netbanking,customer_6605,office_supplies,2026-08-25T11:05:57+00:00,11,1,successful
merchant_greenleaf,1874.32,EUR,refund,bank_transfer,customer_9472,groceries,2026-07-31T10:31:17+00:00,10,4,pending
merchant_daily_grind_cafe,2282.12,EUR,payment,netbanking,customer_5842,groceries,2026-08-20T00:15:51+00:00,0,3,successful
merchant_daily_grind_cafe,14.51,USD,expense,netbanking,customer_1695,groceries,2026-07-29T14:21:28+00:00,14,2,pending
merchant_daily_grind_cafe,2424.12,INR,payment,netbanking,customer_2754,marketing,2026-08-17T10:58:45+00:00,10,0,failed
merchant_urbancart,342.27,INR,payment,upi,customer_9336,travel,2026-08-08T09:59:18+00:00,9,5,pending
merchant_swiftgear,1542.42,INR,payment,bank_transfer,customer_3006,office_supplies,2026-08-19T06:27:50+00:00,6,2,failed
merchant_techhive,469.13,INR,payment,card,customer_5411,office_supplies,2026-08-23T16:12:52+00:00,16,6,successful
merchant_techhive,196.47,USD,payment,card,customer_4953,travel,2026-07-29T22:28:32+00:00,22,2,successful
merchant_pixel_studio,811.44,USD,payment,card,customer_8978,travel,2026-08-10T15:11:23+00:00,15,0,successful
merchant_freshbite,1191.39,EUR,payment,bank_transfer,customer_7125,electronics,2026-07-29T09:49:46+00:00,9,2,successful
merchant_greenleaf,696.44,USD,payment,upi,customer_5506,travel,2026-08-06T17:47:28+00:00,17,3,successful
merchant_daily_grind_cafe,1869.82,USD,expense,netbanking,customer_5804,electronics,2026-08-26T03:21:56+00:00,3,2,pending
merchant_greenleaf,470.61,EUR,expense,bank_transfer,customer_3439,food_delivery,2026-08-22T18:06:41+00:00,18,5,successful
merchant_urbancart,157.38,USD,expense,upi,customer_9907,food_delivery,2026-08-20T01:22:00+00:00,1,3,successful
merchant_pixel_studio,2450.58,USD,payment,wallet,customer_2596,electronics,2026-08-22T09:11:20+00:00,9,5,pending
merchant_pixel_studio,2153.22,EUR,payment,upi,customer_6332,office_supplies,2026-07-31T14:55:34+00:00,14,4,failed
merchant_greenleaf,1773.92,USD,payment,wallet,customer_8896,marketing,2026-08-12T01:09:08+00:00,1,2,successful
merchant_greenleaf,2138.28,USD,payment,upi,customer_4485,office_supplies,2026-08-21T04:16:58+00:00,4,4,pending
merchant_greenleaf,1106.36,INR,payment,card,customer_6320,office_supplies,2026-08-17T10:32:34+00:00,10,0,successful
merchant_techhive,785.68,EUR,payment,wallet,customer_5174,office_supplies,2026-08-03T07:40:50+00:00,7,0,successful
merchant_greenleaf,1912.23,USD,chargeback,upi,customer_7169,groceries,2026-08-23T03:33:34+00:00,3,6,successful
merchant_techhive,1583.4,USD,payment,card,customer_3396,groceries,2026-08-11T16:41:13+00:00,16,1,successful
merchant_daily_grind_cafe,350.49,INR,payment,card,customer_7519,software_subscription,2026-07-28T01:24:43+00:00,1,1,successful
merchant_techhive,1866.64,EUR,payment,wallet,customer_7852,food_delivery,2026-08-04T22:05:45+00:00,22,1,successful
merchant_bluewave,522.23,USD,payment,card,customer_9919,marketing,2026-08-22T00:15:22+00:00,0,5,successful
merchant_pixel_studio,1611.49,INR,payment,bank_transfer,customer_4233,marketing,2026-08-24T17:19:46+00:00,17,0,successful
merchant_freshbite,1320.28,USD,payment,netbanking,customer_3817,travel,2026-08-08T11:14:27+00:00,11,5,successful
merchant_greenleaf,1428.92,INR,payment,bank_transfer,customer_8463,travel,2026-08-09T13:18:39+00:00,13,6,successful
merchant_urbancart,1667.67,EUR,refund,card,customer_9519,marketing,2026-07-30T04:48:45+00:00,4,3,pending
merchant_greenleaf,1785.8,EUR,refund,bank_transfer,customer_4460,software_subscription,2026-08-01T21:27:32+00:00,21,5,failed
merchant_daily_grind_cafe,2450.4,INR,payment,wallet,customer_2836,software_subscription,2026-08-09T02:35:23+00:00,2,6,successful
merchant_swiftgear,894.57,USD,payment,netbanking,customer_4844,marketing,2026-08-23T16:26:29+00:00,16,6,successful
merchant_daily_grind_cafe,446.55,USD,payment,bank_transfer,customer_4541,office_supplies,2026-08-06T10:10:39+00:00,10,3,successful
merchant_bluewave,1780.39,EUR,refund,upi,customer_6427,food_delivery,2026-08-20T14:26:45+00:00,14,3,successful
merchant_bluewave,2312.15,EUR,payment,upi,customer_3441,utilities,2026-08-23T17:53:30+00:00,17,6,successful
merchant_pixel_studio,1837.45,USD,payment,bank_transfer,customer_6386,travel,2026-08-10T12:07:26+00:00,12,0,successful
merchant_urbancart,2166.43,INR,payment,netbanking,customer_7340,utilities,2026-08-21T01:10:20+00:00,1,4,failed
merchant_swiftgear,1921.0,INR,refund,bank_transfer,customer_9390,electronics,2026-08-01T22:51:13+00:00,22,5,successful
merchant_freshbite,246.37,INR,payment,card,customer_4209,travel,2026-08-13T20:25:23+00:00,20,3,successful
merchant_greenleaf,1944.41,USD,expense,upi,customer_3546,marketing,2026-08-24T13:42:08+00:00,13,0,successful
merchant_swiftgear,1436.33,EUR,expense,card,customer_4591,travel,2026-08-09T04:33:11+00:00,4,6,successful
merchant_greenleaf,118.34,EUR,expense,card,customer_9601,marketing,2026-08-11T04:53:05+00:00,4,1,successful
merchant_urbancart,1343.16,USD,refund,card,customer_2587,utilities,2026-08-05T05:52:10+00:00,5,2,failed
merchant_techhive,160.2,INR,payment,wallet,customer_6324,food_delivery,2026-08-19T20:46:08+00:00,20,2,successful
merchant_bluewave,1078.78,INR,payment,netbanking,customer_9147,travel,2026-08-04T21:36:05+00:00,21,1,successful
merchant_swiftgear,2203.75,INR,payment,netbanking,customer_3775,software_subscription,2026-08-12T01:53:44+00:00,1,2,successful
merchant_greenleaf,20.44,EUR,refund,bank_transfer,customer_1859,travel,2026-08-19T16:48:06+00:00,16,2,successful
merchant_bluewave,1816.4,EUR,payment,netbanking,customer_6944,food_delivery,2026-08-06T00:44:37+00:00,0,3,failed
merchant_urbancart,20.37,INR,payment,wallet,customer_6614,travel,2026-08-06T04:32:42+00:00,4,3,successful
merchant_freshbite,1840.25,USD,payment,netbanking,customer_4694,travel,2026-08-21T17:10:39+00:00,17,4,successful
merchant_techhive,1632.86,INR,chargeback,wallet,customer_5752,software_subscription,2026-08-22T01:48:08+00:00,1,5,pending
merchant_swiftgear,572.33,USD,payment,bank_transfer,customer_7971,groceries,2026-08-16T08:14:18+00:00,8,6,successful
merchant_swiftgear,1653.53,EUR,payment,card,customer_5797,food_delivery,2026-08-16T17:33:41+00:00,17,6,successful
merchant_freshbite,186.46,USD,chargeback,upi,customer_6281,utilities,2026-08-22T13:34:04+00:00,13,5,failed
merchant_urbancart,541.06,USD,payment,wallet,customer_9323,food_delivery,2026-08-07T09:11:24+00:00,9,4,failed
merchant_greenleaf,24.83,USD,refund,bank_transfer,customer_8267,software_subscription,2026-08-02T11:49:27+00:00,11,6,failed
merchant_bluewave,2320.3,INR,payment,wallet,customer_7975,marketing,2026-08-05T13:52:00+00:00,13,2,successful
merchant_techhive,70.78,EUR,payment,netbanking,customer_4637,travel,2026-07-29T09:42:25+00:00,9,2,failed
merchant_swiftgear,597.11,INR,payment,bank_transfer,customer_3832,electronics,2026-08-25T06:20:21+00:00,6,1,successful
merchant_daily_grind_cafe,1099.63,INR,chargeback,wallet,customer_3028,electronics,2026-08-16T12:18:28+00:00,12,6,successful
merchant_daily_grind_cafe,1030.13,USD,payment,wallet,customer_2215,travel,2026-08-23T00:29:22+00:00,0,6,failed
merchant_bluewave,6.17,INR,refund,card,customer_5970,utilities,2026-08-21T15:57:27+00:00,15,4,successful
merchant_freshbite,2241.18,EUR,refund,upi,customer_9297,food_delivery,2026-08-17T01:33:36+00:00,1,0,pending
merchant_daily_grind_cafe,1392.0,EUR,payment,wallet,customer_9102,travel,2026-08-07T20:01:53+00:00,20,4,successful
merchant_freshbite,2452.93,EUR,chargeback,wallet,customer_4840,food_delivery,2026-08-24T08:51:37+00:00,8,0,successful
merchant_techhive,125.82,EUR,payment,netbanking,customer_6545,travel,2026-08-26T19:49:03+00:00,19,2,successful
merchant_techhive,1431.27,USD,payment,bank_transfer,customer_6982,electronics,2026-08-01T14:25:53+00:00,14,5,successful
merchant_pixel_studio,908.9,USD,payment,wallet,customer_5343,electronics,2026-08-17T23:21:33+00:00,23,0,successful
merchant_swiftgear,601.15,USD,payment,wallet,customer_1446,office_supplies,2026-07-31T04:56:53+00:00,4,4,failed
merchant_techhive,1792.62,USD,payment,bank_transfer,customer_1617,marketing,2026-07-31T05:37:34+00:00,5,4,successful
merchant_freshbite,248.08,USD,payment,wallet,customer_9917,office_supplies,2026-08-12T11:43:55+00:00,11,2,successful
merchant_bluewave,46.36,USD,chargeback,upi,customer_4961,groceries,2026-07-31T00:50:08+00:00,0,4,successful
merchant_swiftgear,1730.66,USD,payment,card,customer_7207,travel,2026-08-16T13:50:06+00:00,13,6,successful
merchant_bluewave,1306.31,INR,refund,bank_transfer,customer_8612,travel,2026-08-23T00:40:44+00:00,0,6,successful
merchant_daily_grind_cafe,1041.52,EUR,payment,upi,customer_5206,office_supplies,2026-08-05T18:05:50+00:00,18,2,successful
merchant_greenleaf,691.97,USD,chargeback,card,customer_7691,food_delivery,2026-08-13T12:44:21+00:00,12,3,successful
merchant_pixel_studio,1759.15,USD,chargeback,wallet,customer_6093,groceries,2026-08-01T18:04:03+00:00,18,5,successful
merchant_daily_grind_cafe,1521.78,EUR,refund,card,customer_3147,travel,2026-08-06T05:20:55+00:00,5,3,successful
merchant_techhive,1214.91,INR,payment,bank_transfer,customer_2108,travel,2026-07-28T09:55:44+00:00,9,1,successful
merchant_bluewave,2214.96,USD,payment,wallet,customer_2981,travel,2026-08-21T21:28:38+00:00,21,4,successful
merchant_bluewave,943.08,INR,payment,wallet,customer_3617,utilities,2026-08-07T20:20:57+00:00,20,4,successful
merchant_pixel_studio,426.25,INR,payment,wallet,customer_5229,electronics,2026-07-27T12:20:07+00:00,12,0,successful
merchant_pixel_studio,1558.94,INR,payment,netbanking,customer_8540,office_supplies,2026-08-24T12:48:59+00:00,12,0,successful
merchant_greenleaf,1319.48,EUR,payment,bank_transfer,customer_1185,software_subscription,2026-08-25T06:45:46+00:00,6,1,failed
merchant_freshbite,111.52,INR,refund,upi,customer_7336,food_delivery,2026-08-01T00:53:42+00:00,0,5,pending
merchant_pixel_studio,460.17,INR,payment,card,customer_6014,office_supplies,2026-08-08T22:26:01+00:00,22,5,successful
merchant_pixel_studio,377.49,INR,refund,bank_transfer,customer_9441,food_delivery,2026-08-08T10:11:58+00:00,10,5,successful
merchant_greenleaf,563.59,USD,refund,wallet,customer_3143,utilities,2026-08-22T14:51:22+00:00,14,5,successful
merchant_swiftgear,2297.48,USD,payment,netbanking,customer_8860,software_subscription,2026-08-24T08:50:43+00:00,8,0,successful
merchant_techhive,1333.23,EUR,payment,bank_transfer,customer_2566,electronics,2026-08-16T12:05:23+00:00,12,6,successful
merchant_pixel_studio,968.04,INR,expense,card,customer_5990,food_delivery,2026-08-20T00:54:21+00:00,0,3,successful
merchant_swiftgear,1642.19,INR,payment,wallet,customer_3416,electronics,2026-07-28T03:25:16+00:00,3,1,successful
merchant_daily_grind_cafe,2340.24,INR,payment,wallet,customer_7805,software_subscription,2026-08-04T14:32:20+00:00,14,1,successful
merchant_daily_grind_cafe,2068.78,EUR,payment,bank_transfer,customer_7002,software_subscription,2026-07-27T03:10:14+00:00,3,0,failed
merchant_bluewave,1695.83,USD,payment,wallet,customer_8258,food_delivery,2026-08-23T00:02:13+00:00,0,6,successful
merchant_techhive,683.72,EUR,payment,wallet,customer_3137,marketing,2026-08-09T11:18:18+00:00,11,6,successful
merchant_urbancart,380.09,USD,payment,card,customer_7959,software_subscription,2026-08-10T18:00:42+00:00,18,0,successful
merchant_swiftgear,560.33,INR,refund,card,customer_6695,utilities,2026-08-10T22:46:08+00:00,22,0,successful
merchant_bluewave,1348.39,EUR,payment,netbanking,customer_1558,marketing,2026-08-14T04:17:18+00:00,4,4,successful
merchant_daily_grind_cafe,823.24,EUR,payment,card,customer_5758,software_subscription,2026-08-14T03:22:38+00:00,3,4,successful
merchant_bluewave,1929.45,EUR,payment,upi,customer_9509,food_delivery,2026-07-28T07:40:03+00:00,7,1,successful
merchant_techhive,1581.0,USD,refund,netbanking,customer_9582,office_supplies,2026-08-08T01:36:40+00:00,1,5,successful
merchant_daily_grind_cafe,993.39,EUR,expense,netbanking,customer_6768,marketing,2026-08-14T12:06:45+00:00,12,4,successful
merchant_swiftgear,2125.33,EUR,payment,wallet,customer_7723,food_delivery,2026-08-17T22:26:57+00:00,22,0,successful
merchant_techhive,2091.91,USD,payment,card,customer_8017,food_delivery,2026-08-16T12:14:36+00:00,12,6,successful
merchant_techhive,1889.92,EUR,expense,netbanking,customer_4152,electronics,2026-08-21T01:03:28+00:00,1,4,successful
merchant_urbancart,1606.74,INR,payment,netbanking,customer_2259,electronics,2026-08-02T06:59:12+00:00,6,6,successful
merchant_daily_grind_cafe,1353.47,USD,payment,card,customer_5800,travel,2026-08-21T15:31:37+00:00,15,4,successful
merchant_greenleaf,2034.99,INR,payment,wallet,customer_4635,electronics,2026-08-26T20:34:04+00:00,20,2,successful
merchant_freshbite,901.66,EUR,payment,bank_transfer,customer_2603,food_delivery,2026-08-12T19:02:42+00:00,19,2,failed
merchant_techhive,2426.72,EUR,payment,card,customer_3575,food_delivery,2026-08-19T18:05:29+00:00,18,2,successful
merchant_greenleaf,657.09,EUR,payment,wallet,customer_7865,food_delivery,2026-08-02T00:17:42+00:00,0,6,successful
merchant_greenleaf,630.23,EUR,payment,wallet,customer_5492,electronics,2026-08-06T12:10:58+00:00,12,3,successful
merchant_techhive,1988.34,EUR,expense,card,customer_2041,software_subscription,2026-08-15T18:47:11+00:00,18,5,pending
merchant_pixel_studio,1125.82,USD,payment,bank_transfer,customer_1868,groceries,2026-08-16T21:00:39+00:00,21,6,failed
merchant_greenleaf,2133.55,INR,payment,netbanking,customer_1970,travel,2026-08-26T03:40:08+00:00,3,2,successful
merchant_techhive,121.28,USD,payment,netbanking,customer_8106,electronics,2026-08-25T09:59:02+00:00,9,1,successful
merchant_urbancart,2103.54,USD,payment,bank_transfer,customer_9465,electronics,2026-08-22T18:50:19+00:00,18,5,failed
merchant_daily_grind_cafe,1666.61,INR,payment,netbanking,customer_6781,marketing,2026-08-20T16:12:00+00:00,16,3,successful
merchant_pixel_studio,637.39,USD,payment,bank_transfer,customer_6360,food_delivery,2026-08-11T03:08:44+00:00,3,1,successful
merchant_techhive,40.78,USD,payment,card,customer_2734,travel,2026-08-26T07:56:32+00:00,7,2,successful
merchant_swiftgear,1864.16,EUR,payment,netbanking,customer_8298,office_supplies,2026-08-02T18:05:08+00:00,18,6,successful
merchant_bluewave,1561.19,USD,payment,bank_transfer,customer_9593,marketing,2026-08-12T23:04:14+00:00,23,2,successful
merchant_daily_grind_cafe,1547.08,EUR,payment,upi,customer_6177,utilities,2026-08-04T03:59:22+00:00,3,1,successful
merchant_freshbite,649.47,EUR,payment,netbanking,customer_1081,groceries,2026-08-10T02:33:55+00:00,2,0,successful
merchant_daily_grind_cafe,2140.32,INR,payment,netbanking,customer_6223,electronics,2026-08-20T04:55:12+00:00,4,3,successful
merchant_techhive,1414.71,INR,expense,upi,customer_1047,marketing,2026-08-26T01:57:20+00:00,1,2,successful
merchant_techhive,2323.81,INR,payment,card,customer_4203,marketing,2026-08-23T17:40:16+00:00,17,6,successful
merchant_daily_grind_cafe,1613.09,EUR,refund,wallet,customer_3488,food_delivery,2026-08-18T05:40:16+00:00,5,1,successful
merchant_greenleaf,1719.88,USD,payment,card,customer_5450,food_delivery,2026-08-12T00:01:22+00:00,0,2,successful
merchant_urbancart,1051.36,EUR,refund,wallet,customer_6914,groceries,2026-08-05T02:37:57+00:00,2,2,pending
merchant_pixel_studio,1260.78,USD,payment,card,customer_8562,electronics,2026-08-17T01:02:19+00:00,1,0,successful
merchant_daily_grind_cafe,1458.24,EUR,refund,netbanking,customer_9821,marketing,2026-08-20T13:54:34+00:00,13,3,successful
merchant_techhive,1639.04,INR,payment,bank_transfer,customer_1928,food_delivery,2026-07-31T06:18:11+00:00,6,4,successful
merchant_swiftgear,2465.82,USD,payment,card,customer_1034,food_delivery,2026-08-04T11:50:35+00:00,11,1,successful
merchant_urbancart,2394.77,EUR,payment,card,customer_2456,electronics,2026-08-20T12:07:38+00:00,12,3,successful
merchant_daily_grind_cafe,1050.35,INR,payment,upi,customer_4971,software_subscription,2026-08-13T03:37:24+00:00,3,3,pending
merchant_swiftgear,2271.88,INR,payment,bank_transfer,customer_6979,office_supplies,2026-08-19T15:14:42+00:00,15,2,successful
merchant_urbancart,1853.26,EUR,payment,netbanking,customer_5382,travel,2026-08-07T20:35:18+00:00,20,4,successful
merchant_techhive,436.25,USD,chargeback,bank_transfer,customer_3680,food_delivery,2026-08-10T03:08:35+00:00,3,0,successful
merchant_greenleaf,1974.71,EUR,payment,netbanking,customer_5911,utilities,2026-08-01T07:32:05+00:00,7,5,successful
merchant_urbancart,1499.19,INR,payment,wallet,customer_6629,groceries,2026-08-04T07:41:27+00:00,7,1,successful
merchant_bluewave,2330.32,INR,refund,upi,customer_2438,marketing,2026-07-29T21:06:46+00:00,21,2,successful
merchant_bluewave,752.5,EUR,payment,card,customer_2531,travel,2026-08-21T21:51:02+00:00,21,4,successful
merchant_daily_grind_cafe,470.87,INR,expense,upi,customer_6170,travel,2026-08-12T22:40:51+00:00,22,2,successful
merchant_daily_grind_cafe,332.76,USD,payment,upi,customer_6184,software_subscription,2026-08-12T17:07:29+00:00,17,2,successful
merchant_daily_grind_cafe,1382.82,USD,expense,netbanking,customer_5681,groceries,2026-08-25T15:49:51+00:00,15,1,successful
merchant_urbancart,1158.74,EUR,refund,card,customer_6582,utilities,2026-08-14T10:31:09+00:00,10,4,successful
merchant_bluewave,645.54,EUR,payment,netbanking,customer_8960,marketing,2026-08-19T23:16:02+00:00,23,2,failed
merchant_pixel_studio,2186.34,INR,payment,upi,customer_6687,travel,2026-08-11T16:19:29+00:00,16,1,successful
merchant_greenleaf,1551.77,USD,refund,card,customer_2427,office_supplies,2026-08-09T20:17:05+00:00,20,6,successful
merchant_techhive,102.05,USD,expense,upi,customer_4586,software_subscription,2026-08-12T23:17:03+00:00,23,2,successful
merchant_daily_grind_cafe,813.59,EUR,payment,bank_transfer,customer_3574,travel,2026-08-08T14:25:29+00:00,14,5,successful
merchant_pixel_studio,2302.31,INR,payment,netbanking,customer_5146,software_subscription,2026-08-01T03:16:01+00:00,3,5,failed
merchant_pixel_studio,2357.95,INR,expense,card,customer_6862,groceries,2026-08-20T21:09:38+00:00,21,3,successful
merchant_pixel_studio,684.13,EUR,refund,upi,customer_4060,electronics,2026-08-26T09:33:59+00:00,9,2,successful
merchant_pixel_studio,143.57,INR,refund,card,customer_5041,groceries,2026-08-22T07:31:59+00:00,7,5,pending
merchant_freshbite,37.51,EUR,refund,card,customer_4072,marketing,2026-08-05T16:01:28+00:00,16,2,successful
merchant_bluewave,2096.03,EUR,payment,bank_transfer,customer_8499,food_delivery,2026-07-30T20:58:07+00:00,20,3,successful
merchant_greenleaf,545.21,INR,payment,wallet,customer_7182,groceries,2026-08-15T03:36:34+00:00,3,5,successful
merchant_pixel_studio,539.89,EUR,refund,bank_transfer,customer_4245,software_subscription,2026-07-30T15:18:03+00:00,15,3,successful
merchant_urbancart,418.86,EUR,payment,upi,customer_3175,electronics,2026-08-05T19:38:57+00:00,19,2,pending
merchant_techhive,935.33,EUR,refund,upi,customer_8486,software_subscription,2026-08-03T20:55:16+00:00,20,0,successful
merchant_swiftgear,281.9,EUR,refund,upi,customer_4821,office_supplies,2026-08-18T04:55:39+00:00,4,1,successful
merchant_swiftgear,86.25,EUR,refund,card,customer_5624,software_subscription,2026-08-07T19:19:31+00:00,19,4,successful
merchant_bluewave,724.75,EUR,refund,wallet,customer_3983,marketing,2026-07-29T09:28:05+00:00,9,2,successful
merchant_freshbite,933.2,USD,payment,netbanking,customer_7862,utilities,2026-08-19T09:27:17+00:00,9,2,successful
merchant_freshbite,1095.16,INR,payment,bank_transfer,customer_3397,software_subscription,2026-08-05T00:49:33+00:00,0,2,successful
merchant_freshbite,812.19,EUR,refund,upi,customer_9025,food_delivery,2026-08-13T09:55:12+00:00,9,3,successful
merchant_techhive,60.87,USD,payment,bank_transfer,customer_2816,food_delivery,2026-07-29T15:36:22+00:00,15,2,successful
merchant_freshbite,2363.36,USD,payment,netbanking,customer_6573,utilities,2026-08-05T22:48:53+00:00,22,2,successful
merchant_pixel_studio,271.94,INR,refund,netbanking,customer_9461,travel,2026-08-14T18:14:51+00:00,18,4,failed
merchant_urbancart,2317.02,EUR,payment,card,customer_4300,marketing,2026-08-17T09:04:29+00:00,9,0,successful
merchant_greenleaf,2190.52,INR,payment,wallet,customer_1351,groceries,2026-08-21T06:54:04+00:00,6,4,pending
merchant_techhive,831.91,INR,refund,bank_transfer,customer_4224,software_subscription,2026-08-05T01:07:36+00:00,1,2,successful
merchant_greenleaf,1751.78,EUR,payment,wallet,customer_6864,electronics,2026-07-29T21:17:39+00:00,21,2,successful
merchant_greenleaf,2462.89,INR,payment,netbanking,customer_4397,electronics,2026-08-10T04:08:37+00:00,4,0,successful
merchant_freshbite,2175.36,INR,refund,bank_transfer,customer_8796,office_supplies,2026-08-15T18:48:25+00:00,18,5,successful
merchant_urbancart,2164.07,USD,refund,card,customer_7343,electronics,2026-08-04T16:50:03+00:00,16,1,successful
merchant_bluewave,1486.64,EUR,payment,upi,customer_4623,travel,2026-07-28T17:18:40+00:00,17,1,successful
merchant_pixel_studio,133.62,USD,refund,card,customer_2029,food_delivery,2026-08-15T17:41:13+00:00,17,5,successful
merchant_pixel_studio,660.9,USD,payment,card,customer_5792,travel,2026-08-22T16:51:05+00:00,16,5,successful
merchant_bluewave,399.42,USD,payment,bank_transfer,customer_9913,electronics,2026-08-11T05:03:52+00:00,5,1,failed
merchant_swiftgear,1873.28,EUR,payment,bank_transfer,customer_5314,groceries,2026-08-23T17:09:04+00:00,17,6,failed
merchant_freshbite,2057.19,INR,payment,card,customer_9642,software_subscription,2026-08-22T20:41:05+00:00,20,5,successful
merchant_greenleaf,1709.7,EUR,payment,wallet,customer_6955,electronics,2026-08-10T17:43:42+00:00,17,0,successful
merchant_greenleaf,31.05,EUR,payment,netbanking,customer_7372,electronics,2026-08-26T14:37:23+00:00,14,2,successful
merchant_bluewave,556.49,INR,refund,bank_transfer,customer_7534,software_subscription,2026-08-05T11:44:28+00:00,11,2,failed
merchant_freshbite,1443.8,INR,payment,bank_transfer,customer_5051,office_supplies,2026-08-22T03:05:06+00:00,3,5,successful
merchant_freshbite,1184.48,INR,payment,netbanking,customer_8298,travel,2026-08-10T06:40:36+00:00,6,0,successful
merchant_techhive,913.58,INR,payment,card,customer_2965,groceries,2026-08-15T07:29:42+00:00,7,5,successful
merchant_bluewave,2029.84,EUR,payment,bank_transfer,customer_9144,office_supplies,2026-08-14T03:27:28+00:00,3,4,successful
merchant_greenleaf,934.87,INR,payment,netbanking,customer_6186,office_supplies,2026-08-24T10:11:21+00:00,10,0,successful
merchant_urbancart,1009.8,EUR,payment,netbanking,customer_3067,food_delivery,2026-08-15T11:30:34+00:00,11,5,failed
merchant_freshbite,205.84,EUR,payment,upi,customer_1223,electronics,2026-07-28T16:01:19+00:00,16,1,successful
merchant_greenleaf,1031.61,EUR,payment,netbanking,customer_8208,utilities,2026-08-09T10:57:07+00:00,10,6,successful
merchant_bluewave,1198.95,EUR,expense,card,customer_8647,food_delivery,2026-08-17T18:47:57+00:00,18,0,failed
merchant_bluewave,1589.83,INR,payment,bank_transfer,customer_7596,food_delivery,2026-08-13T18:07:16+00:00,18,3,successful
merchant_daily_grind_cafe,1551.85,USD,payment,netbanking,customer_9118,electronics,2026-08-05T15:58:44+00:00,15,2,pending
merchant_freshbite,1964.49,EUR,refund,netbanking,customer_3346,software_subscription,2026-08-01T02:16:55+00:00,2,5,successful
merchant_bluewave,2114.22,INR,payment,upi,customer_4281,electronics,2026-08-05T19:08:59+00:00,19,2,successful
merchant_techhive,2238.51,USD,refund,netbanking,customer_9720,electronics,2026-08-07T19:58:40+00:00,19,4,successful
merchant_bluewave,197.43,USD,expense,upi,customer_9569,food_delivery,2026-08-21T21:07:21+00:00,21,4,successful
merchant_freshbite,934.39,USD,chargeback,card,customer_2934,utilities,2026-08-08T14:01:13+00:00,14,5,successful
merchant_urbancart,2485.53,EUR,refund,wallet,customer_5622,groceries,2026-08-06T12:47:23+00:00,12,3,successful
merchant_techhive,997.26,EUR,refund,upi,customer_9560,electronics,2026-08-12T19:39:04+00:00,19,2,successful
merchant_bluewave,2100.66,INR,chargeback,upi,customer_5249,marketing,2026-08-20T17:02:43+00:00,17,3,successful
merchant_urbancart,1790.55,INR,payment,bank_transfer,customer_6301,food_delivery,2026-07-29T10:35:34+00:00,10,2,successful
merchant_greenleaf,1320.79,INR,payment,netbanking,customer_6857,marketing,2026-07-31T02:47:37+00:00,2,4,failed
merchant_freshbite,911.31,EUR,payment,upi,customer_6912,travel,2026-08-17T10:27:39+00:00,10,0,pending
merchant_pixel_studio,1890.72,USD,payment,upi,customer_3057,marketing,2026-08-07T04:08:48+00:00,4,4,successful
merchant_bluewave,1827.66,EUR,payment,bank_transfer,customer_9864,marketing,2026-08-21T07:22:06+00:00,7,4,successful
merchant_pixel_studio,2441.85,EUR,expense,netbanking,customer_9527,electronics,2026-08-01T12:59:39+00:00,12,5,successful
merchant_swiftgear,1499.74,INR,chargeback,wallet,customer_3701,software_subscription,2026-08-04T05:42:16+00:00,5,1,successful
merchant_swiftgear,157.35,EUR,expense,wallet,customer_4842,food_delivery,2026-07-29T13:28:43+00:00,13,2,successful
merchant_urbancart,101.24,USD,chargeback,card,customer_6530,marketing,2026-08-23T23:10:38+00:00,23,6,successful
merchant_bluewave,984.59,INR,payment,bank_transfer,customer_4375,office_supplies,2026-08-25T17:59:18+00:00,17,1,successful
merchant_daily_grind_cafe,1064.09,EUR,refund,upi,customer_7800,electronics,2026-07-29T16:26:27+00:00,16,2,successful
merchant_swiftgear,2345.8,EUR,payment,netbanking,customer_4215,utilities,2026-08-01T20:50:26+00:00,20,5,successful
merchant_swiftgear,1352.06,EUR,payment,netbanking,customer_5988,electronics,2026-08-09T19:45:33+00:00,19,6,successful
merchant_pixel_studio,2305.3,INR,payment,upi,customer_4174,travel,2026-08-19T08:50:36+00:00,8,2,successful
merchant_pixel_studio,653.11,INR,payment,card,customer_6224,marketing,2026-08-24T20:11:45+00:00,20,0,successful
merchant_daily_grind_cafe,908.65,EUR,payment,upi,customer_3443,office_supplies,2026-08-22T22:27:17+00:00,22,5,pending
merchant_greenleaf,1580.03,INR,payment,card,customer_9277,travel,2026-07-28T09:35:55+00:00,9,1,pending
merchant_daily_grind_cafe,1640.66,USD,payment,upi,customer_6419,office_supplies,2026-08-20T08:59:39+00:00,8,3,successful
merchant_greenleaf,1026.55,INR,payment,card,customer_3906,travel,2026-08-16T23:59:14+00:00,23,6,pending
merchant_urbancart,1992.48,USD,payment,wallet,customer_2224,groceries,2026-08-24T20:13:42+00:00,20,0,successful
merchant_bluewave,2075.13,USD,payment,netbanking,customer_4485,groceries,2026-08-23T00:23:12+00:00,0,6,pending
merchant_swiftgear,1474.97,USD,payment,netbanking,customer_1051,electronics,2026-08-11T15:40:35+00:00,15,1,successful
merchant_greenleaf,2207.95,INR,expense,upi,customer_2622,groceries,2026-08-11T00:26:39+00:00,0,1,successful
merchant_techhive,1400.71,USD,payment,wallet,customer_8977,marketing,2026-07-29T16:19:19+00:00,16,2,successful
merchant_daily_grind_cafe,481.59,USD,expense,netbanking,customer_2757,electronics,2026-08-13T17:48:20+00:00,17,3,successful
merchant_greenleaf,951.89,INR,payment,netbanking,customer_6953,groceries,2026-07-29T17:52:03+00:00,17,2,successful
merchant_freshbite,1405.14,EUR,payment,netbanking,customer_1729,marketing,2026-08-17T10:41:43+00:00,10,0,successful
merchant_techhive,1982.88,EUR,payment,wallet,customer_6233,marketing,2026-08-16T06:30:40+00:00,6,6,successful
merchant_daily_grind_cafe,1720.72,USD,expense,wallet,customer_1000,office_supplies,2026-08-02T05:46:11+00:00,5,6,successful
merchant_bluewave,1965.27,EUR,payment,netbanking,customer_6748,travel,2026-08-12T01:40:17+00:00,1,2,successful
merchant_greenleaf,2439.34,USD,payment,card,customer_4701,electronics,2026-08-18T08:28:52+00:00,8,1,successful
merchant_bluewave,1408.56,INR,payment,bank_transfer,customer_7311,office_supplies,2026-08-04T02:00:10+00:00,2,1,successful
merchant_freshbite,260.9,USD,payment,upi,customer_6609,marketing,2026-08-10T04:30:29+00:00,4,0,successful
merchant_daily_grind_cafe,767.94,USD,payment,wallet,customer_1085,office_supplies,2026-08-18T02:17:18+00:00,2,1,pending
merchant_techhive,116.18,USD,refund,upi,customer_5590,office_supplies,2026-08-21T22:02:01+00:00,22,4,successful
merchant_swiftgear,558.56,INR,payment,upi,customer_7156,software_subscription,2026-08-17T09:38:55+00:00,9,0,successful
merchant_urbancart,1118.61,USD,payment,upi,customer_2212,utilities,2026-08-14T20:06:52+00:00,20,4,successful
merchant_daily_grind_cafe,1173.75,USD,payment,bank_transfer,customer_5523,marketing,2026-07-31T15:21:56+00:00,15,4,successful
merchant_freshbite,2237.51,INR,refund,wallet,customer_4785,software_subscription,2026-08-13T23:13:12+00:00,23,3,successful
merchant_swiftgear,895.59,EUR,refund,card,customer_8849,electronics,2026-08-05T08:29:14+00:00,8,2,successful
merchant_greenleaf,1366.46,EUR,expense,netbanking,customer_7452,office_supplies,2026-07-30T23:42:57+00:00,23,3,successful
merchant_urbancart,1790.93,INR,payment,card,customer_7977,office_supplies,2026-08-25T09:51:43+00:00,9,1,successful
merchant_urbancart,1767.53,USD,payment,card,customer_4333,office_supplies,2026-08-23T05:06:38+00:00,5,6,successful
merchant_pixel_studio,274.4,USD,payment,wallet,customer_7421,groceries,2026-08-16T10:03:15+00:00,10,6,successful
merchant_urbancart,2076.29,EUR,payment,card,customer_6511,food_delivery,2026-08-10T10:12:03+00:00,10,0,successful
merchant_pixel_studio,2012.47,USD,payment,bank_transfer,customer_2868,office_supplies,2026-08-06T23:06:46+00:00,23,3,successful
merchant_freshbite,1243.78,EUR,payment,netbanking,customer_2140,office_supplies,2026-08-18T04:23:17+00:00,4,1,successful
merchant_techhive,2031.33,EUR,refund,upi,customer_6721,electronics,2026-07-28T23:08:35+00:00,23,1,pending
merchant_pixel_studio,970.37,USD,payment,netbanking,customer_2143,office_supplies,2026-08-08T07:17:47+00:00,7,5,pending
merchant_swiftgear,1328.65,EUR,chargeback,card,customer_2427,travel,2026-08-19T06:24:27+00:00,6,2,failed
merchant_bluewave,263.92,USD,refund,upi,customer_4486,food_delivery,2026-08-16T19:40:06+00:00,19,6,successful
merchant_urbancart,334.71,EUR,refund,wallet,customer_4474,food_delivery,2026-07-30T18:34:30+00:00,18,3,successful
merchant_bluewave,444.87,USD,payment,netbanking,customer_8550,software_subscription,2026-08-25T09:04:14+00:00,9,1,pending
merchant_pixel_studio,424.84,INR,payment,upi,customer_2330,software_subscription,2026-08-20T13:10:01+00:00,13,3,successful
merchant_daily_grind_cafe,2058.13,INR,payment,netbanking,customer_9707,utilities,2026-08-14T13:14:46+00:00,13,4,failed
merchant_freshbite,881.47,USD,payment,netbanking,customer_5183,travel,2026-08-24T01:06:43+00:00,1,0,successful
merchant_pixel_studio,864.26,EUR,refund,card,customer_3261,marketing,2026-08-09T08:15:35+00:00,8,6,pending
merchant_techhive,473.6,USD,refund,wallet,customer_5467,software_subscription,2026-08-03T04:04:33+00:00,4,0,successful
merchant_daily_grind_cafe,2285.75,EUR,payment,netbanking,customer_1942,groceries,2026-08-13T19:00:58+00:00,19,3,failed
merchant_techhive,2400.65,INR,payment,upi,customer_2529,software_subscription,2026-08-11T00:39:05+00:00,0,1,successful
merchant_greenleaf,2190.83,USD,payment,card,customer_9555,marketing,2026-08-21T10:19:13+00:00,10,4,pending
merchant_freshbite,211.47,INR,refund,card,customer_5341,utilities,2026-08-05T18:03:10+00:00,18,2,pending
merchant_greenleaf,1310.44,INR,payment,upi,customer_7138,electronics,2026-08-12T17:49:48+00:00,17,2,successful
merchant_daily_grind_cafe,2137.07,INR,payment,bank_transfer,customer_4341,electronics,2026-08-20T07:31:54+00:00,7,3,successful
merchant_freshbite,259.73,USD,refund,netbanking,customer_3406,utilities,2026-07-30T22:44:02+00:00,22,3,successful
merchant_daily_grind_cafe,514.23,USD,payment,upi,customer_7091,groceries,2026-08-11T18:25:26+00:00,18,1,successful
merchant_pixel_studio,2096.18,USD,payment,bank_transfer,customer_2327,food_delivery,2026-08-03T21:19:16+00:00,21,0,successful
merchant_swiftgear,2131.54,INR,expense,netbanking,customer_2349,groceries,2026-08-15T21:05:28+00:00,21,5,pending
merchant_techhive,320.39,INR,chargeback,card,customer_9321,food_delivery,2026-08-18T09:18:57+00:00,9,1,successful
merchant_greenleaf,401.12,EUR,refund,upi,customer_7329,office_supplies,2026-08-07T04:07:46+00:00,4,4,successful
merchant_techhive,2388.14,INR,refund,bank_transfer,customer_1497,groceries,2026-08-24T23:47:29+00:00,23,0,successful
merchant_freshbite,1973.98,INR,payment,card,customer_2683,food_delivery,2026-08-24T16:07:40+00:00,16,0,successful
merchant_daily_grind_cafe,829.94,USD,payment,card,customer_4919,marketing,2026-08-26T18:25:00+00:00,18,2,successful
merchant_techhive,2197.79,INR,payment,wallet,customer_8815,office_supplies,2026-08-01T03:04:24+00:00,3,5,successful
merchant_bluewave,1789.68,EUR,payment,wallet,customer_2170,marketing,2026-07-30T18:22:08+00:00,18,3,pending
merchant_freshbite,2168.23,INR,payment,wallet,customer_5764,marketing,2026-08-12T14:24:06+00:00,14,2,successful
merchant_pixel_studio,166.86,INR,refund,wallet,customer_7119,marketing,2026-07-31T17:57:02+00:00,17,4,successful
merchant_greenleaf,2081.33,INR,payment,bank_transfer,customer_4896,utilities,2026-08-12T20:45:48+00:00,20,2,successful
merchant_greenleaf,2493.42,USD,payment,card,customer_9817,utilities,2026-08-18T04:44:31+00:00,4,1,successful
merchant_greenleaf,1904.94,EUR,payment,upi,customer_2425,food_delivery,2026-08-17T01:27:58+00:00,1,0,successful
merchant_techhive,2139.62,INR,refund,netbanking,customer_4177,electronics,2026-07-29T02:29:33+00:00,2,2,pending
merchant_greenleaf,407.37,USD,refund,bank_transfer,customer_8336,software_subscription,2026-07-31T12:00:38+00:00,12,4,successful
merchant_swiftgear,2017.56,USD,refund,wallet,customer_3574,software_subscription,2026-08-08T14:06:24+00:00,14,5,successful
merchant_greenleaf,851.57,INR,payment,wallet,customer_4776,office_supplies,2026-08-24T01:24:53+00:00,1,0,successful
merchant_urbancart,626.35,USD,payment,netbanking,customer_2819,food_delivery,2026-08-17T00:09:29+00:00,0,0,successful
merchant_urbancart,113.7,EUR,payment,netbanking,customer_9450,travel,2026-07-30T14:17:30+00:00,14,3,pending
merchant_swiftgear,128.01,INR,payment,card,customer_1132,food_delivery,2026-08-22T03:30:38+00:00,3,5,pending
merchant_freshbite,799.06,EUR,payment,wallet,customer_4842,travel,2026-08-18T09:24:12+00:00,9,1,successful
merchant_freshbite,2261.24,EUR,payment,card,customer_9057,marketing,2026-08-03T04:44:24+00:00,4,0,successful
merchant_techhive,2453.41,EUR,payment,wallet,customer_2344,travel,2026-08-20T21:12:46+00:00,21,3,successful
merchant_techhive,2171.86,USD,payment,upi,customer_8028,office_supplies,2026-08-23T00:03:42+00:00,0,6,failed
merchant_swiftgear,1843.49,USD,payment,wallet,customer_5157,groceries,2026-08-05T23:57:04+00:00,23,2,successful
merchant_urbancart,2117.87,INR,payment,bank_transfer,customer_5773,electronics,2026-08-03T03:39:14+00:00,3,0,failed
merchant_bluewave,1072.8,USD,payment,netbanking,customer_3314,utilities,2026-07-28T11:22:31+00:00,11,1,successful
merchant_swiftgear,802.22,EUR,payment,upi,customer_8127,utilities,2026-08-26T19:51:13+00:00,19,2,successful
merchant_freshbite,1252.86,INR,payment,upi,customer_1068,electronics,2026-08-12T18:03:46+00:00,18,2,successful
merchant_bluewave,1261.32,INR,expense,bank_transfer,customer_1250,software_subscription,2026-08-16T04:04:48+00:00,4,6,successful
merchant_urbancart,1894.69,EUR,refund,wallet,customer_1594,marketing,2026-08-23T23:35:01+00:00,23,6,successful
merchant_freshbite,2454.77,INR,payment,card,customer_8663,travel,2026-08-03T01:30:30+00:00,1,0,successful
merchant_daily_grind_cafe,1250.41,EUR,payment,bank_transfer,customer_7003,travel,2026-08-11T20:50:52+00:00,20,1,successful
merchant_pixel_studio,2353.59,USD,payment,bank_transfer,customer_2314,marketing,2026-08-04T22:50:13+00:00,22,1,successful
merchant_bluewave,2477.23,USD,payment,bank_transfer,customer_1321,software_subscription,2026-08-22T10:14:10+00:00,10,5,failed
merchant_pixel_studio,112.52,USD,payment,netbanking,customer_7376,software_subscription,2026-08-03T19:38:03+00:00,19,0,successful
merchant_daily_grind_cafe,2494.01,USD,payment,bank_transfer,customer_3877,food_delivery,2026-08-14T09:09:15+00:00,9,4,successful
merchant_swiftgear,846.94,INR,payment,wallet,customer_1705,software_subscription,2026-08-02T11:59:52+00:00,11,6,successful
merchant_freshbite,125.87,EUR,payment,bank_transfer,customer_8284,food_delivery,2026-08-19T09:27:45+00:00,9,2,successful
merchant_greenleaf,458.49,INR,refund,card,customer_7101,marketing,2026-08-25T12:00:04+00:00,12,1,successful
merchant_freshbite,878.63,EUR,expense,wallet,customer_1697,utilities,2026-07-31T09:07:56+00:00,9,4,successful
merchant_daily_grind_cafe,1984.63,EUR,expense,card,customer_2920,food_delivery,2026-08-11T17:46:25+00:00,17,1,successful
merchant_daily_grind_cafe,1321.13,INR,payment,card,customer_5063,groceries,2026-08-07T10:07:44+00:00,10,4,successful
merchant_freshbite,38.94,USD,expense,card,customer_8029,groceries,2026-08-04T21:14:31+00:00,21,1,successful
merchant_daily_grind_cafe,1041.8,EUR,chargeback,bank_transfer,customer_2695,electronics,2026-07-28T10:35:36+00:00,10,1,failed
merchant_freshbite,2458.29,INR,refund,netbanking,customer_4835,marketing,2026-08-16T16:04:40+00:00,16,6,successful
merchant_greenleaf,105.84,EUR,payment,netbanking,customer_4610,marketing,2026-07-31T09:43:23+00:00,9,4,successful
merchant_urbancart,1516.55,INR,payment,card,customer_5274,food_delivery,2026-08-13T15:29:41+00:00,15,3,successful
merchant_swiftgear,742.11,EUR,expense,bank_transfer,customer_6627,utilities,2026-08-06T20:36:42+00:00,20,3,successful
merchant_daily_grind_cafe,998.95,USD,payment,bank_transfer,customer_6527,groceries,2026-08-17T06:11:38+00:00,6,0,successful
merchant_swiftgear,1283.06,USD,payment,upi,customer_8420,groceries,2026-08-23T11:42:31+00:00,11,6,pending
merchant_greenleaf,2171.63,USD,expense,card,customer_7466,groceries,2026-08-01T23:00:01+00:00,23,5,successful
merchant_greenleaf,681.95,USD,payment,card,customer_3913,office_supplies,2026-08-22T02:13:54+00:00,2,5,successful
merchant_techhive,76.07,EUR,payment,upi,customer_6815,utilities,2026-08-11T07:22:44+00:00,7,1,successful
merchant_greenleaf,1169.86,INR,payment,netbanking,customer_4664,food_delivery,2026-07-31T00:58:41+00:00,0,4,failed
merchant_pixel_studio,339.21,USD,payment,bank_transfer,customer_6162,groceries,2026-08-06T12:35:08+00:00,12,3,successful
merchant_bluewave,832.64,USD,payment,netbanking,customer_5915,groceries,2026-08-22T07:46:12+00:00,7,5,failed
merchant_greenleaf,1111.58,EUR,refund,netbanking,customer_7707,marketing,2026-07-31T17:23:28+00:00,17,4,successful
merchant_greenleaf,1768.43,USD,payment,card,customer_5202,food_delivery,2026-08-11T22:29:50+00:00,22,1,successful
merchant_greenleaf,930.97,INR,payment,card,customer_6926,food_delivery,2026-08-21T13:03:51+00:00,13,4,successful
merchant_freshbite,812.05,USD,refund,wallet,customer_9159,travel,2026-08-20T11:39:25+00:00,11,3,successful
merchant_swiftgear,1504.76,USD,payment,wallet,customer_6233,marketing,2026-08-06T11:42:59+00:00,11,3,successful
merchant_daily_grind_cafe,515.36,EUR,refund,card,customer_2247,food_delivery,2026-08-19T04:37:54+00:00,4,2,pending
merchant_swiftgear,695.05,INR,expense,netbanking,customer_8464,food_delivery,2026-07-29T07:39:02+00:00,7,2,successful
merchant_pixel_studio,1636.34,USD,payment,netbanking,customer_5212,electronics,2026-08-15T08:57:31+00:00,8,5,successful
merchant_daily_grind_cafe,235.37,INR,expense,wallet,customer_1862,software_subscription,2026-08-08T05:41:39+00:00,5,5,successful
merchant_urbancart,723.17,EUR,payment,bank_transfer,customer_3588,office_supplies,2026-08-05T15:30:01+00:00,15,2,failed
merchant_bluewave,1153.31,EUR,payment,card,customer_2609,groceries,2026-08-18T07:07:09+00:00,7,1,successful
merchant_urbancart,2310.38,EUR,payment,card,customer_3740,groceries,2026-08-05T05:24:58+00:00,5,2,failed
merchant_pixel_studio,42.01,EUR,chargeback,upi,customer_1148,utilities,2026-08-24T11:02:32+00:00,11,0,successful
merchant_daily_grind_cafe,335.49,INR,refund,upi,customer_3068,office_supplies,2026-08-04T01:28:47+00:00,1,1,pending
merchant_urbancart,1927.93,USD,expense,netbanking,customer_3860,electronics,2026-08-24T06:50:10+00:00,6,0,successful
merchant_urbancart,1135.73,USD,payment,upi,customer_2905,food_delivery,2026-08-20T06:41:12+00:00,6,3,successful
merchant_urbancart,793.97,INR,payment,upi,customer_3658,travel,2026-07-29T22:13:00+00:00,22,2,successful
merchant_techhive,2248.04,INR,refund,netbanking,customer_5936,electronics,2026-08-06T21:29:56+00:00,21,3,failed
merchant_urbancart,184.93,USD,payment,upi,customer_9199,food_delivery,2026-08-10T06:54:49+00:00,6,0,successful
merchant_daily_grind_cafe,2170.55,EUR,chargeback,bank_transfer,customer_6202,travel,2026-08-26T10:03:31+00:00,10,2,successful
merchant_swiftgear,2051.92,EUR,chargeback,card,customer_8294,software_subscription,2026-08-05T09:21:31+00:00,9,2,successful
merchant_urbancart,1854.12,EUR,payment,netbanking,customer_3197,groceries,2026-08-05T01:20:22+00:00,1,2,successful
merchant_daily_grind_cafe,405.21,USD,payment,card,customer_7747,electronics,2026-08-18T03:33:10+00:00,3,1,successful
merchant_freshbite,1933.36,INR,payment,netbanking,customer_4116,food_delivery,2026-08-16T10:25:05+00:00,10,6,successful
merchant_bluewave,416.45,EUR,payment,upi,customer_2677,utilities,2026-08-08T07:31:49+00:00,7,5,successful
merchant_swiftgear,2020.41,EUR,refund,wallet,customer_4455,electronics,2026-08-19T19:36:07+00:00,19,2,successful
merchant_swiftgear,955.02,INR,payment,bank_transfer,customer_7000,travel,2026-07-31T18:15:56+00:00,18,4,successful
merchant_pixel_studio,272.73,EUR,payment,wallet,customer_8578,software_subscription,2026-08-22T10:29:04+00:00,10,5,successful
merchant_greenleaf,988.66,EUR,refund,upi,customer_8349,marketing,2026-08-26T03:12:28+00:00,3,2,successful
merchant_freshbite,530.06,USD,payment,bank_transfer,customer_8269,software_subscription,2026-08-24T04:29:26+00:00,4,0,successful
merchant_greenleaf,1885.59,USD,refund,bank_transfer,customer_8727,office_supplies,2026-08-20T14:47:50+00:00,14,3,successful
merchant_techhive,1050.59,INR,chargeback,upi,customer_3264,marketing,2026-08-16T20:49:31+00:00,20,6,successful
merchant_freshbite,1552.79,INR,payment,card,customer_7784,software_subscription,2026-08-25T00:52:01+00:00,0,1,pending
merchant_pixel_studio,1635.32,EUR,payment,netbanking,customer_6442,food_delivery,2026-07-27T13:44:06+00:00,13,0,successful
merchant_urbancart,2367.51,INR,payment,card,customer_2196,travel,2026-08-02T13:10:23+00:00,13,6,failed
merchant_bluewave,1459.97,EUR,payment,wallet,customer_5056,groceries,2026-08-05T12:23:11+00:00,12,2,successful
merchant_freshbite,1854.85,INR,expense,bank_transfer,customer_3100,marketing,2026-08-02T05:40:32+00:00,5,6,successful
merchant_greenleaf,1463.12,INR,payment,netbanking,customer_1710,marketing,2026-08-17T08:43:39+00:00,8,0,successful
merchant_swiftgear,2087.96,INR,payment,netbanking,customer_9802,office_supplies,2026-08-12T19:41:43+00:00,19,2,failed
merchant_urbancart,1567.68,USD,payment,wallet,customer_2013,food_delivery,2026-08-21T00:09:05+00:00,0,4,successful
merchant_greenleaf,1969.95,INR,payment,wallet,customer_7777,food_delivery,2026-07-31T13:22:02+00:00,13,4,successful
merchant_greenleaf,226.9,INR,payment,card,customer_1171,travel,2026-08-08T12:47:17+00:00,12,5,pending
merchant_greenleaf,1335.49,INR,payment,upi,customer_1156,office_supplies,2026-07-29T02:00:47+00:00,2,2,successful
merchant_bluewave,2038.09,USD,payment,wallet,customer_8724,food_delivery,2026-08-01T09:54:38+00:00,9,5,successful
merchant_daily_grind_cafe,1425.72,EUR,payment,netbanking,customer_7392,travel,2026-08-15T21:04:25+00:00,21,5,failed
merchant_greenleaf,231.99,EUR,payment,wallet,customer_3429,office_supplies,2026-08-11T20:31:28+00:00,20,1,successful
merchant_daily_grind_cafe,1041.22,EUR,payment,netbanking,customer_4336,food_delivery,2026-08-11T12:25:11+00:00,12,1,successful
merchant_greenleaf,487.39,USD,payment,netbanking,customer_2199,food_delivery,2026-07-29T23:53:49+00:00,23,2,successful
merchant_daily_grind_cafe,1054.45,INR,expense,bank_transfer,customer_8017,travel,2026-08-03T11:22:02+00:00,11,0,successful
merchant_bluewave,990.3,USD,payment,card,customer_9001,food_delivery,2026-07-31T23:09:56+00:00,23,4,pending
merchant_greenleaf,1317.62,EUR,expense,bank_transfer,customer_2694,electronics,2026-08-01T19:33:14+00:00,19,5,successful
merchant_bluewave,2438.05,EUR,payment,bank_transfer,customer_3208,utilities,2026-07-29T00:13:14+00:00,0,2,pending
merchant_swiftgear,2463.4,INR,expense,netbanking,customer_1504,electronics,2026-08-22T21:31:17+00:00,21,5,failed
merchant_greenleaf,717.51,EUR,payment,wallet,customer_6220,office_supplies,2026-08-17T11:37:53+00:00,11,0,successful
merchant_pixel_studio,2436.15,USD,expense,upi,customer_8998,electronics,2026-08-20T07:16:59+00:00,7,3,successful
merchant_greenleaf,1477.86,USD,payment,netbanking,customer_5117,electronics,2026-07-29T17:36:16+00:00,17,2,successful
merchant_greenleaf,1637.1,USD,payment,upi,customer_2153,software_subscription,2026-07-31T02:29:03+00:00,2,4,successful
merchant_swiftgear,2398.34,EUR,payment,bank_transfer,customer_9991,software_subscription,2026-08-06T04:27:55+00:00,4,3,pending
merchant_swiftgear,1519.21,USD,payment,upi,customer_4718,marketing,2026-08-23T12:34:55+00:00,12,6,successful
merchant_bluewave,2412.65,INR,payment,card,customer_3374,utilities,2026-08-04T00:44:22+00:00,0,1,failed
merchant_techhive,1098.19,INR,refund,card,customer_8610,electronics,2026-08-11T11:42:56+00:00,11,1,pending
merchant_urbancart,2049.72,INR,payment,card,customer_5519,software_subscription,2026-08-15T22:51:24+00:00,22,5,successful
merchant_daily_grind_cafe,1474.25,USD,payment,netbanking,customer_6838,software_subscription,2026-08-04T22:47:36+00:00,22,1,failed
merchant_techhive,2260.01,EUR,payment,bank_transfer,customer_4054,utilities,2026-08-14T22:59:01+00:00,22,4,successful
merchant_pixel_studio,72.8,EUR,payment,card,customer_9391,utilities,2026-08-16T06:32:43+00:00,6,6,successful
merchant_urbancart,887.84,USD,payment,bank_transfer,customer_1560,travel,2026-08-16T18:32:29+00:00,18,6,failed
merchant_greenleaf,1698.33,INR,refund,netbanking,customer_2286,utilities,2026-08-14T04:22:42+00:00,4,4,successful
merchant_swiftgear,1568.5,USD,payment,wallet,customer_1366,utilities,2026-08-03T06:28:11+00:00,6,0,successful
merchant_greenleaf,1158.52,USD,payment,upi,customer_3287,marketing,2026-08-15T01:11:38+00:00,1,5,successful
merchant_greenleaf,1169.31,INR,payment,wallet,customer_1323,utilities,2026-08-02T15:56:15+00:00,15,6,successful
merchant_pixel_studio,1583.41,USD,payment,netbanking,customer_6232,food_delivery,2026-08-12T13:26:18+00:00,13,2,successful
merchant_urbancart,2037.52,INR,payment,upi,customer_5412,food_delivery,2026-08-02T10:42:28+00:00,10,6,successful
merchant_daily_grind_cafe,1303.82,USD,payment,netbanking,customer_5571,travel,2026-08-12T18:58:22+00:00,18,2,successful
merchant_techhive,691.32,INR,payment,wallet,customer_6146,software_subscription,2026-08-03T22:47:04+00:00,22,0,successful
merchant_techhive,388.6,USD,payment,wallet,customer_3670,electronics,2026-07-31T14:48:32+00:00,14,4,successful
merchant_pixel_studio,1901.25,INR,payment,bank_transfer,customer_1859,software_subscription,2026-08-14T14:05:14+00:00,14,4,successful
merchant_bluewave,1160.91,USD,payment,card,customer_4116,groceries,2026-08-21T08:41:42+00:00,8,4,successful
merchant_daily_grind_cafe,131.68,EUR,payment,upi,customer_2635,groceries,2026-08-20T21:40:11+00:00,21,3,successful
merchant_greenleaf,1986.81,INR,payment,netbanking,customer_6931,office_supplies,2026-08-21T13:04:37+00:00,13,4,successful
merchant_techhive,1267.47,INR,payment,card,customer_8543,utilities,2026-08-12T21:16:13+00:00,21,2,successful
merchant_bluewave,146.59,INR,chargeback,wallet,customer_4665,electronics,2026-08-04T14:21:29+00:00,14,1,pending
merchant_urbancart,1343.25,USD,refund,upi,customer_8933,travel,2026-08-24T00:35:33+00:00,0,0,successful
merchant_techhive,2109.06,EUR,payment,card,customer_2295,electronics,2026-08-14T05:11:53+00:00,5,4,successful
merchant_techhive,2228.07,USD,payment,bank_transfer,customer_3017,utilities,2026-07-30T14:45:47+00:00,14,3,successful
merchant_freshbite,116.4,USD,refund,upi,customer_9899,electronics,2026-08-08T11:49:52+00:00,11,5,pending
merchant_techhive,2160.59,EUR,payment,upi,customer_3352,travel,2026-08-06T17:23:19+00:00,17,3,successful
merchant_freshbite,332.45,INR,payment,wallet,customer_2016,software_subscription,2026-08-11T15:56:42+00:00,15,1,successful
merchant_daily_grind_cafe,1880.19,USD,payment,bank_transfer,customer_8765,marketing,2026-08-14T01:50:45+00:00,1,4,successful
merchant_freshbite,1751.97,EUR,expense,upi,customer_1633,utilities,2026-08-25T11:19:15+00:00,11,1,pending
merchant_daily_grind_cafe,1590.49,EUR,refund,bank_transfer,customer_6069,travel,2026-08-02T08:31:55+00:00,8,6,successful
merchant_bluewave,1442.21,INR,payment,wallet,customer_1848,groceries,2026-07-29T03:03:16+00:00,3,2,failed
merchant_urbancart,2204.17,USD,payment,netbanking,customer_5351,groceries,2026-07-31T23:14:41+00:00,23,4,pending
merchant_greenleaf,635.6,USD,payment,wallet,customer_4885,office_supplies,2026-07-30T11:37:41+00:00,11,3,successful
merchant_urbancart,2344.24,USD,payment,wallet,customer_8812,utilities,2026-08-16T03:03:07+00:00,3,6,failed
merchant_bluewave,1644.2,INR,payment,wallet,customer_8405,marketing,2026-08-11T03:57:37+00:00,3,1,successful
merchant_swiftgear,2374.46,USD,payment,bank_transfer,customer_5789,utilities,2026-08-05T15:44:18+00:00,15,2,failed
merchant_techhive,2230.67,USD,expense,netbanking,customer_7643,food_delivery,2026-08-14T01:52:13+00:00,1,4,pending
merchant_bluewave,635.74,USD,refund,bank_transfer,customer_9556,travel,2026-08-08T15:27:04+00:00,15,5,successful
merchant_bluewave,97.99,EUR,payment,upi,customer_9409,office_supplies,2026-08-11T07:30:39+00:00,7,1,successful
merchant_greenleaf,1896.19,INR,payment,card,customer_9354,marketing,2026-08-12T14:36:11+00:00,14,2,pending
merchant_greenleaf,175.79,USD,payment,bank_transfer,customer_3919,electronics,2026-08-25T13:47:26+00:00,13,1,successful
merchant_pixel_studio,1451.44,INR,payment,netbanking,customer_6590,travel,2026-08-17T22:02:14+00:00,22,0,successful
merchant_bluewave,423.02,INR,payment,bank_transfer,customer_6165,utilities,2026-08-06T18:25:16+00:00,18,3,successful
merchant_daily_grind_cafe,1177.69,EUR,payment,bank_transfer,customer_2843,electronics,2026-08-01T06:43:54+00:00,6,5,successful
merchant_greenleaf,1169.7,EUR,expense,netbanking,customer_1492,travel,2026-08-20T17:19:55+00:00,17,3,pending
merchant_freshbite,927.67,INR,payment,upi,customer_6359,groceries,2026-08-15T02:12:58+00:00,2,5,successful
merchant_greenleaf,86.26,USD,expense,netbanking,customer_5733,travel,2026-08-01T13:32:23+00:00,13,5,successful
merchant_urbancart,258.87,EUR,payment,card,customer_4818,food_delivery,2026-08-02T15:00:05+00:00,15,6,successful
merchant_pixel_studio,991.14,USD,refund,netbanking,customer_5324,office_supplies,2026-08-07T10:52:58+00:00,10,4,successful
merchant_swiftgear,2197.03,INR,refund,wallet,customer_2677,utilities,2026-08-15T16:14:25+00:00,16,5,successful
merchant_pixel_studio,1116.79,INR,payment,card,customer_7352,software_subscription,2026-08-01T12:55:26+00:00,12,5,successful
merchant_bluewave,467.94,EUR,payment,bank_transfer,customer_4775,marketing,2026-08-09T04:17:36+00:00,4,6,successful
merchant_pixel_studio,1745.5,USD,chargeback,card,customer_4071,office_supplies,2026-08-21T13:04:12+00:00,13,4,failed
merchant_bluewave,1758.92,EUR,refund,card,customer_6942,software_subscription,2026-08-20T03:40:51+00:00,3,3,successful
merchant_pixel_studio,377.99,EUR,payment,wallet,customer_1348,electronics,2026-08-23T17:23:00+00:00,17,6,successful
merchant_urbancart,2488.68,USD,chargeback,upi,customer_8516,marketing,2026-08-26T15:33:22+00:00,15,2,successful
merchant_greenleaf,661.49,EUR,chargeback,bank_transfer,customer_6136,software_subscription,2026-07-30T08:55:17+00:00,8,3,pending
merchant_bluewave,2256.13,INR,refund,bank_transfer,customer_8799,electronics,2026-08-20T22:04:00+00:00,22,3,successful
merchant_urbancart,848.2,EUR,payment,bank_transfer,customer_8590,travel,2026-08-22T08:53:43+00:00,8,5,successful
merchant_urbancart,1839.01,USD,payment,card,customer_5440,software_subscription,2026-07-28T12:25:05+00:00,12,1,failed
merchant_daily_grind_cafe,24.15,EUR,payment,netbanking,customer_8415,utilities,2026-07-30T08:07:52+00:00,8,3,successful
merchant_pixel_studio,1821.37,INR,payment,wallet,customer_9438,utilities,2026-08-14T04:48:46+00:00,4,4,successful
merchant_daily_grind_cafe,884.25,INR,payment,upi,customer_1798,utilities,2026-08-15T03:43:45+00:00,3,5,successful
merchant_swiftgear,1069.23,USD,payment,wallet,customer_7028,travel,2026-07-31T14:04:34+00:00,14,4,failed
merchant_daily_grind_cafe,2351.68,INR,refund,bank_transfer,customer_4529,marketing,2026-08-09T09:12:34+00:00,9,6,successful
merchant_urbancart,408.39,INR,payment,card,customer_3824,marketing,2026-08-24T18:54:51+00:00,18,0,successful
merchant_urbancart,2496.92,INR,payment,bank_transfer,customer_8696,office_supplies,2026-08-18T05:54:44+00:00,5,1,successful
merchant_daily_grind_cafe,1297.95,INR,payment,bank_transfer,customer_2337,travel,2026-08-02T10:44:48+00:00,10,6,successful
merchant_bluewave,543.68,EUR,payment,wallet,customer_3982,food_delivery,2026-08-19T21:37:53+00:00,21,2,successful
merchant_daily_grind_cafe,811.8,USD,expense,wallet,customer_6047,software_subscription,2026-08-14T08:25:29+00:00,8,4,successful
merchant_bluewave,471.26,INR,chargeback,upi,customer_5971,food_delivery,2026-08-06T22:38:17+00:00,22,3,successful
merchant_freshbite,1503.05,INR,payment,netbanking,customer_3778,food_delivery,2026-08-21T08:52:03+00:00,8,4,successful
merchant_swiftgear,1832.38,USD,payment,upi,customer_6366,office_supplies,2026-07-31T07:26:34+00:00,7,4,successful
merchant_pixel_studio,950.49,EUR,chargeback,netbanking,customer_9525,marketing,2026-08-14T10:33:46+00:00,10,4,successful
merchant_swiftgear,1964.39,INR,payment,upi,customer_3351,utilities,2026-08-15T20:49:41+00:00,20,5,successful
merchant_swiftgear,1939.37,USD,payment,wallet,customer_3677,food_delivery,2026-08-01T17:33:53+00:00,17,5,failed
merchant_pixel_studio,2288.72,EUR,payment,wallet,customer_3301,travel,2026-08-05T22:38:06+00:00,22,2,successful
merchant_urbancart,2077.6,USD,payment,bank_transfer,customer_2579,travel,2026-08-01T19:36:45+00:00,19,5,failed
merchant_daily_grind_cafe,181.91,USD,payment,wallet,customer_1938,electronics,2026-08-23T08:01:41+00:00,8,6,pending
merchant_freshbite,2492.27,INR,expense,wallet,customer_5850,electronics,2026-08-18T23:24:51+00:00,23,1,successful
merchant_swiftgear,2103.84,EUR,payment,netbanking,customer_5164,office_supplies,2026-08-10T08:19:31+00:00,8,0,failed
merchant_urbancart,559.96,EUR,payment,wallet,customer_4108,utilities,2026-08-25T10:18:32+00:00,10,1,successful
merchant_pixel_studio,2264.77,USD,payment,upi,customer_2815,groceries,2026-08-13T15:51:06+00:00,15,3,successful
merchant_urbancart,1737.72,EUR,payment,card,customer_5062,groceries,2026-08-08T19:36:28+00:00,19,5,successful
merchant_techhive,195.21,EUR,chargeback,wallet,customer_2106,electronics,2026-07-31T21:51:58+00:00,21,4,successful
merchant_daily_grind_cafe,2324.65,INR,refund,wallet,customer_7957,office_supplies,2026-08-05T15:20:12+00:00,15,2,successful
merchant_bluewave,1496.31,USD,payment,wallet,customer_8008,utilities,2026-08-02T10:31:41+00:00,10,6,successful
merchant_swiftgear,2262.25,USD,payment,upi,customer_7503,software_subscription,2026-07-30T01:34:34+00:00,1,3,successful
merchant_pixel_studio,671.4,USD,payment,card,customer_7157,software_subscription,2026-08-05T20:33:07+00:00,20,2,successful
merchant_greenleaf,1954.99,INR,payment,upi,customer_8286,electronics,2026-08-05T18:05:22+00:00,18,2,successful
merchant_pixel_studio,181.51,USD,payment,wallet,customer_7868,office_supplies,2026-07-31T09:55:00+00:00,9,4,successful
merchant_bluewave,374.86,EUR,payment,bank_transfer,customer_8804,travel,2026-08-07T09:23:42+00:00,9,4,pending
merchant_pixel_studio,1993.19,INR,chargeback,bank_transfer,customer_2919,office_supplies,2026-07-31T15:48:48+00:00,15,4,successful
merchant_techhive,1019.68,EUR,refund,wallet,customer_9164,travel,2026-07-28T22:28:49+00:00,22,1,pending
merchant_urbancart,1508.95,INR,payment,upi,customer_1723,marketing,2026-08-17T03:58:18+00:00,3,0,successful
merchant_pixel_studio,253.17,USD,payment,card,customer_7295,office_supplies,2026-07-28T06:14:34+00:00,6,1,pending
merchant_bluewave,2374.31,USD,payment,bank_transfer,customer_7436,office_supplies,2026-08-23T18:34:19+00:00,18,6,successful
merchant_urbancart,2243.57,USD,payment,wallet,customer_6171,electronics,2026-08-22T09:17:53+00:00,9,5,successful
merchant_pixel_studio,200.47,INR,payment,bank_transfer,customer_9130,groceries,2026-08-05T00:30:27+00:00,0,2,successful
merchant_urbancart,754.02,INR,payment,card,customer_8336,utilities,2026-08-12T04:38:04+00:00,4,2,successful
merchant_bluewave,1504.67,USD,payment,card,customer_1358,travel,2026-08-02T19:13:31+00:00,19,6,successful
merchant_techhive,2055.08,EUR,payment,netbanking,customer_4067,food_delivery,2026-08-13T07:04:15+00:00,7,3,failed
merchant_greenleaf,1336.69,EUR,refund,bank_transfer,customer_5340,electronics,2026-08-19T13:02:31+00:00,13,2,failed
merchant_greenleaf,1119.63,INR,payment,bank_transfer,customer_2161,utilities,2026-08-09T05:45:37+00:00,5,6,successful
merchant_bluewave,633.68,USD,payment,upi,customer_2523,electronics,2026-07-30T17:04:45+00:00,17,3,successful
merchant_swiftgear,1823.39,USD,expense,bank_transfer,customer_1843,utilities,2026-08-24T07:25:07+00:00,7,0,successful
merchant_pixel_studio,564.03,EUR,expense,netbanking,customer_3207,office_supplies,2026-08-20T21:48:13+00:00,21,3,successful
merchant_bluewave,748.07,EUR,payment,wallet,customer_8932,electronics,2026-08-14T08:15:17+00:00,8,4,successful
merchant_swiftgear,1450.38,INR,payment,wallet,customer_7662,groceries,2026-07-30T00:06:53+00:00,0,3,successful
merchant_pixel_studio,2093.86,EUR,refund,wallet,customer_4331,electronics,2026-08-09T16:42:28+00:00,16,6,successful
merchant_greenleaf,160.75,INR,payment,bank_transfer,customer_4590,office_supplies,2026-08-14T11:38:21+00:00,11,4,successful
merchant_techhive,1705.7,INR,payment,upi,customer_5393,software_subscription,2026-08-03T01:04:10+00:00,1,0,successful
merchant_swiftgear,2097.79,USD,payment,wallet,customer_6558,software_subscription,2026-08-16T16:31:02+00:00,16,6,successful
merchant_greenleaf,2219.32,USD,payment,card,customer_1961,electronics,2026-08-17T06:28:21+00:00,6,0,successful
merchant_daily_grind_cafe,1936.84,EUR,payment,card,customer_8792,software_subscription,2026-08-22T07:07:59+00:00,7,5,successful
merchant_freshbite,813.92,USD,payment,bank_transfer,customer_6939,electronics,2026-07-28T18:31:45+00:00,18,1,failed
merchant_urbancart,114.02,INR,refund,netbanking,customer_2511,office_supplies,2026-08-20T20:44:32+00:00,20,3,successful
merchant_daily_grind_cafe,258.46,USD,payment,upi,customer_7567,electronics,2026-08-24T23:50:55+00:00,23,0,successful
merchant_urbancart,1334.48,INR,payment,card,customer_2577,travel,2026-08-22T03:31:55+00:00,3,5,successful
merchant_daily_grind_cafe,546.52,EUR,refund,netbanking,customer_6650,software_subscription,2026-08-18T15:17:10+00:00,15,1,successful
merchant_techhive,2257.97,INR,refund,upi,customer_3600,groceries,2026-08-07T23:07:38+00:00,23,4,successful
merchant_daily_grind_cafe,1990.25,USD,expense,netbanking,customer_1875,groceries,2026-08-08T11:38:29+00:00,11,5,successful
merchant_swiftgear,786.86,EUR,payment,card,customer_5577,travel,2026-08-11T10:12:30+00:00,10,1,failed
merchant_urbancart,2344.85,EUR,refund,bank_transfer,customer_4038,software_subscription,2026-08-02T13:24:54+00:00,13,6,successful
merchant_techhive,167.11,EUR,refund,netbanking,customer_4189,software_subscription,2026-08-02T13:07:02+00:00,13,6,successful
merchant_pixel_studio,1529.54,USD,payment,wallet,customer_5417,food_delivery,2026-08-13T11:25:32+00:00,11,3,successful
merchant_pixel_studio,597.35,USD,refund,bank_transfer,customer_8216,electronics,2026-07-30T22:09:42+00:00,22,3,failed
merchant_pixel_studio,1996.81,USD,refund,upi,customer_7980,software_subscription,2026-08-24T05:19:12+00:00,5,0,successful
merchant_urbancart,2385.07,EUR,payment,wallet,customer_1870,electronics,2026-08-05T22:29:29+00:00,22,2,successful
merchant_greenleaf,1605.29,EUR,payment,netbanking,customer_9302,software_subscription,2026-07-29T20:14:53+00:00,20,2,successful
merchant_freshbite,1735.24,USD,chargeback,bank_transfer,customer_4708,office_supplies,2026-08-11T02:36:50+00:00,2,1,pending
merchant_greenleaf,1543.75,EUR,payment,card,customer_1377,software_subscription,2026-08-21T02:39:57+00:00,2,4,successful
merchant_bluewave,1117.36,EUR,payment,netbanking,customer_3800,groceries,2026-08-02T07:34:47+00:00,7,6,successful
merchant_techhive,2156.76,USD,refund,upi,customer_7231,electronics,2026-08-15T02:37:04+00:00,2,5,successful
merchant_pixel_studio,1635.23,EUR,refund,upi,customer_3443,marketing,2026-08-23T13:21:58+00:00,13,6,successful
merchant_techhive,1140.67,EUR,expense,wallet,customer_8009,utilities,2026-07-30T13:38:16+00:00,13,3,successful
merchant_swiftgear,634.98,INR,payment,wallet,customer_6652,software_subscription,2026-08-17T23:44:31+00:00,23,0,successful
merchant_freshbite,416.03,USD,payment,card,customer_6841,software_subscription,2026-07-29T13:59:54+00:00,13,2,failed
merchant_techhive,364.96,INR,payment,bank_transfer,customer_2138,software_subscription,2026-08-20T20:42:31+00:00,20,3,successful
merchant_freshbite,1415.1,INR,payment,bank_transfer,customer_3420,software_subscription,2026-08-06T19:55:05+00:00,19,3,successful
merchant_techhive,1702.49,EUR,payment,upi,customer_2120,food_delivery,2026-08-13T16:18:08+00:00,16,3,successful
merchant_daily_grind_cafe,1025.98,USD,payment,card,customer_9981,groceries,2026-07-30T15:51:50+00:00,15,3,successful
merchant_urbancart,1296.31,USD,payment,netbanking,customer_2463,marketing,2026-08-05T03:43:37+00:00,3,2,failed
merchant_greenleaf,1915.87,USD,refund,card,customer_4307,office_supplies,2026-08-26T09:00:42+00:00,9,2,pending
merchant_greenleaf,2429.48,EUR,payment,upi,customer_5725,utilities,2026-08-18T08:44:26+00:00,8,1,successful
merchant_greenleaf,1164.31,USD,refund,upi,customer_1952,marketing,2026-08-06T19:47:49+00:00,19,3,successful
merchant_pixel_studio,2384.26,USD,expense,netbanking,customer_9337,travel,2026-08-16T11:55:00+00:00,11,6,failed
merchant_pixel_studio,1852.97,EUR,payment,netbanking,customer_4699,utilities,2026-08-22T00:09:27+00:00,0,5,pending
merchant_swiftgear,829.88,EUR,chargeback,wallet,customer_9988,marketing,2026-08-25T13:37:54+00:00,13,1,successful
merchant_urbancart,224.11,EUR,refund,bank_transfer,customer_6896,electronics,2026-07-31T05:07:57+00:00,5,4,successful
merchant_swiftgear,1329.86,EUR,refund,upi,customer_1831,marketing,2026-08-15T14:05:12+00:00,14,5,successful
merchant_pixel_studio,1840.93,EUR,refund,wallet,customer_7202,electronics,2026-08-16T10:46:32+00:00,10,6,successful
merchant_techhive,798.44,INR,payment,netbanking,customer_8567,electronics,2026-08-08T23:33:08+00:00,23,5,successful
merchant_freshbite,575.42,EUR,refund,bank_transfer,customer_7647,electronics,2026-08-16T23:48:30+00:00,23,6,failed
merchant_bluewave,564.14,USD,payment,upi,customer_9566,food_delivery,2026-07-30T11:31:08+00:00,11,3,successful
merchant_pixel_studio,427.89,USD,payment,upi,customer_7454,food_delivery,2026-08-01T16:25:54+00:00,16,5,failed
merchant_pixel_studio,2465.4,USD,payment,wallet,customer_1245,utilities,2026-07-27T18:51:29+00:00,18,0,successful
merchant_greenleaf,893.7,INR,payment,netbanking,customer_6621,groceries,2026-08-09T06:19:28+00:00,6,6,successful
merchant_daily_grind_cafe,1098.73,INR,payment,bank_transfer,customer_2569,food_delivery,2026-08-25T04:40:55+00:00,4,1,failed
merchant_pixel_studio,953.41,USD,payment,netbanking,customer_1309,office_supplies,2026-08-04T22:21:32+00:00,22,1,successful
merchant_daily_grind_cafe,355.93,USD,payment,wallet,customer_6057,groceries,2026-08-05T16:06:40+00:00,16,2,successful
merchant_greenleaf,1601.55,EUR,payment,bank_transfer,customer_8853,software_subscription,2026-08-24T05:22:11+00:00,5,0,successful
merchant_daily_grind_cafe,42.44,EUR,payment,wallet,customer_9637,marketing,2026-08-17T19:57:56+00:00,19,0,successful
merchant_urbancart,2447.32,USD,payment,netbanking,customer_2849,marketing,2026-08-02T00:07:56+00:00,0,6,successful
merchant_bluewave,1346.6,INR,payment,wallet,customer_6432,office_supplies,2026-07-30T12:49:27+00:00,12,3,successful
merchant_greenleaf,2458.31,USD,payment,upi,customer_3676,office_supplies,2026-08-19T16:36:02+00:00,16,2,successful
merchant_greenleaf,354.42,USD,payment,card,customer_9111,utilities,2026-08-23T16:00:07+00:00,16,6,successful
merchant_urbancart,2261.78,USD,expense,upi,customer_4048,utilities,2026-07-30T03:04:44+00:00,3,3,successful
merchant_swiftgear,2107.76,INR,refund,wallet,customer_8576,marketing,2026-08-02T12:49:02+00:00,12,6,successful
merchant_bluewave,2333.29,EUR,payment,upi,customer_6410,electronics,2026-08-17T13:49:23+00:00,13,0,successful
merchant_pixel_studio,1493.32,EUR,payment,upi,customer_4436,utilities,2026-08-03T00:08:58+00:00,0,0,pending
merchant_freshbite,1628.13,EUR,payment,card,customer_8015,software_subscription,2026-08-14T07:22:58+00:00,7,4,pending
merchant_urbancart,1704.2,EUR,payment,wallet,customer_4557,office_supplies,2026-08-07T17:27:33+00:00,17,4,successful
merchant_freshbite,1586.9,EUR,payment,bank_transfer,customer_3219,electronics,2026-08-23T11:59:15+00:00,11,6,successful
merchant_freshbite,590.78,INR,payment,netbanking,customer_1576,travel,2026-08-15T18:22:02+00:00,18,5,successful
merchant_urbancart,904.83,INR,expense,card,customer_7012,marketing,2026-08-04T15:14:46+00:00,15,1,successful
merchant_techhive,120.9,EUR,payment,bank_transfer,customer_7607,marketing,2026-08-08T10:24:30+00:00,10,5,successful
merchant_bluewave,560.05,EUR,payment,upi,customer_5672,office_supplies,2026-08-25T13:50:05+00:00,13,1,successful
merchant_urbancart,1322.61,EUR,expense,bank_transfer,customer_5205,marketing,2026-08-16T18:10:41+00:00,18,6,successful
merchant_greenleaf,1540.9,EUR,payment,card,customer_2654,food_delivery,2026-08-06T01:04:48+00:00,1,3,successful
merchant_techhive,905.92,INR,payment,card,customer_1199,utilities,2026-07-30T21:36:49+00:00,21,3,failed
merchant_urbancart,1726.27,INR,payment,bank_transfer,customer_3859,groceries,2026-07-27T17:22:06+00:00,17,0,successful
merchant_greenleaf,241.49,INR,payment,netbanking,customer_8047,groceries,2026-07-29T23:57:37+00:00,23,2,successful
merchant_urbancart,1085.82,INR,payment,netbanking,customer_3010,software_subscription,2026-08-04T10:46:34+00:00,10,1,successful
merchant_bluewave,132.16,EUR,payment,wallet,customer_1461,marketing,2026-08-21T07:32:30+00:00,7,4,failed
merchant_swiftgear,2466.03,INR,payment,bank_transfer,customer_8779,utilities,2026-08-04T19:04:43+00:00,19,1,successful
merchant_greenleaf,1350.05,INR,payment,bank_transfer,customer_6564,food_delivery,2026-08-10T14:39:10+00:00,14,0,successful
merchant_bluewave,445.44,INR,payment,bank_transfer,customer_4880,travel,2026-08-02T20:26:43+00:00,20,6,successful
merchant_pixel_studio,1039.51,INR,payment,card,customer_1444,food_delivery,2026-08-19T08:12:30+00:00,8,2,successful
merchant_freshbite,1196.39,INR,payment,wallet,customer_7912,travel,2026-08-18T11:55:05+00:00,11,1,successful
merchant_daily_grind_cafe,2228.14,INR,expense,netbanking,customer_7483,electronics,2026-08-03T07:38:33+00:00,7,0,successful
merchant_daily_grind_cafe,1166.83,INR,refund,bank_transfer,customer_6167,electronics,2026-08-05T12:04:20+00:00,12,2,successful
merchant_greenleaf,379.75,EUR,payment,wallet,customer_3402,software_subscription,2026-08-04T20:38:34+00:00,20,1,successful
merchant_urbancart,644.11,EUR,payment,netbanking,customer_6606,food_delivery,2026-08-12T07:23:58+00:00,7,2,successful
merchant_bluewave,1292.0,USD,payment,card,customer_5991,marketing,2026-08-21T04:59:32+00:00,4,4,successful
merchant_greenleaf,899.26,EUR,payment,netbanking,customer_8923,groceries,2026-08-23T05:41:11+00:00,5,6,successful
merchant_techhive,2332.97,USD,payment,bank_transfer,customer_3083,groceries,2026-08-08T17:04:22+00:00,17,5,successful
merchant_greenleaf,1095.84,EUR,expense,netbanking,customer_7551,groceries,2026-08-12T19:15:05+00:00,19,2,pending
merchant_swiftgear,2477.17,EUR,payment,netbanking,customer_7388,groceries,2026-08-08T05:15:52+00:00,5,5,failed
merchant_bluewave,365.12,EUR,payment,upi,customer_9030,office_supplies,2026-08-13T00:16:31+00:00,0,3,successful
merchant_daily_grind_cafe,1861.62,USD,expense,wallet,customer_5856,office_supplies,2026-07-29T08:50:41+00:00,8,2,successful
merchant_urbancart,1397.94,EUR,payment,card,customer_2920,office_supplies,2026-07-31T22:08:50+00:00,22,4,successful
merchant_daily_grind_cafe,1432.35,USD,payment,bank_transfer,customer_4933,software_subscription,2026-07-30T02:55:47+00:00,2,3,pending
merchant_swiftgear,1960.84,USD,payment,bank_transfer,customer_6877,utilities,2026-08-12T12:57:45+00:00,12,2,successful
merchant_urbancart,794.93,EUR,refund,netbanking,customer_3883,travel,2026-08-26T08:08:50+00:00,8,2,successful
merchant_freshbite,1115.77,EUR,payment,wallet,customer_2285,electronics,2026-08-06T21:15:09+00:00,21,3,successful
merchant_freshbite,2077.09,INR,refund,upi,customer_5001,electronics,2026-08-22T09:44:48+00:00,9,5,failed
merchant_pixel_studio,2142.33,EUR,payment,wallet,customer_4535,utilities,2026-08-25T02:21:25+00:00,2,1,successful
merchant_bluewave,984.23,INR,payment,upi,customer_7608,office_supplies,2026-07-29T14:57:51+00:00,14,2,successful
merchant_freshbite,892.75,USD,payment,netbanking,customer_1707,marketing,2026-08-22T18:31:23+00:00,18,5,successful
merchant_urbancart,1195.54,USD,payment,bank_transfer,customer_1679,electronics,2026-08-15T21:10:26+00:00,21,5,successful
merchant_techhive,499.39,USD,payment,upi,customer_6733,marketing,2026-07-27T19:42:29+00:00,19,0,successful
merchant_freshbite,1168.96,INR,payment,bank_transfer,customer_6415,utilities,2026-08-01T07:05:03+00:00,7,5,successful
merchant_swiftgear,2154.93,INR,payment,wallet,customer_5034,office_supplies,2026-08-21T11:04:06+00:00,11,4,successful
merchant_freshbite,1432.76,USD,payment,wallet,customer_9049,food_delivery,2026-08-02T23:56:16+00:00,23,6,successful
merchant_pixel_studio,906.81,EUR,payment,wallet,customer_9040,travel,2026-08-12T06:30:04+00:00,6,2,successful
merchant_techhive,2075.47,USD,chargeback,bank_transfer,customer_9214,office_supplies,2026-08-19T12:18:06+00:00,12,2,successful
merchant_daily_grind_cafe,2112.11,EUR,payment,card,customer_8819,utilities,2026-08-08T23:51:22+00:00,23,5,successful
merchant_freshbite,2371.54,USD,refund,upi,customer_6528,office_supplies,2026-08-25T01:55:40+00:00,1,1,pending
merchant_freshbite,746.56,USD,payment,upi,customer_8176,marketing,2026-08-23T17:47:45+00:00,17,6,pending
merchant_techhive,694.88,INR,payment,wallet,customer_5304,office_supplies,2026-08-15T14:32:15+00:00,14,5,successful
merchant_urbancart,511.17,INR,payment,bank_transfer,customer_4540,groceries,2026-08-14T07:13:27+00:00,7,4,pending
merchant_greenleaf,403.67,EUR,payment,card,customer_2262,marketing,2026-08-10T21:34:10+00:00,21,0,successful
merchant_freshbite,1800.66,EUR,payment,wallet,customer_3074,utilities,2026-08-07T15:36:36+00:00,15,4,successful
merchant_techhive,1113.23,USD,payment,netbanking,customer_8255,food_delivery,2026-08-14T06:54:14+00:00,6,4,failed
merchant_daily_grind_cafe,1932.43,USD,payment,upi,customer_1538,software_subscription,2026-08-20T00:40:36+00:00,0,3,successful
merchant_bluewave,1253.98,INR,payment,wallet,customer_9249,food_delivery,2026-08-13T21:35:34+00:00,21,3,pending
merchant_greenleaf,300.44,EUR,payment,card,customer_2234,food_delivery,2026-08-03T12:24:54+00:00,12,0,successful
merchant_techhive,1226.03,INR,payment,bank_transfer,customer_8104,utilities,2026-08-05T03:36:00+00:00,3,2,successful
merchant_swiftgear,2072.65,EUR,payment,upi,customer_3782,groceries,2026-08-16T15:49:36+00:00,15,6,successful
merchant_bluewave,2285.85,INR,payment,wallet,customer_3385,groceries,2026-08-18T05:54:16+00:00,5,1,successful
merchant_techhive,2336.63,USD,payment,netbanking,customer_6348,electronics,2026-08-12T02:11:26+00:00,2,2,failed
merchant_pixel_studio,204.82,INR,payment,upi,customer_7724,office_supplies,2026-08-17T21:29:59+00:00,21,0,successful
merchant_freshbite,508.03,USD,payment,netbanking,customer_1550,food_delivery,2026-08-04T02:26:51+00:00,2,1,failed
merchant_greenleaf,1676.42,USD,payment,upi,customer_9932,travel,2026-08-11T13:32:41+00:00,13,1,failed
merchant_swiftgear,2033.01,INR,payment,upi,customer_9517,electronics,2026-08-13T00:42:21+00:00,0,3,successful
merchant_techhive,2296.61,EUR,refund,upi,customer_3493,marketing,2026-07-29T04:28:26+00:00,4,2,successful
merchant_greenleaf,1148.92,USD,payment,upi,customer_5894,food_delivery,2026-08-02T10:17:58+00:00,10,6,successful
merchant_pixel_studio,1460.36,USD,payment,card,customer_4698,marketing,2026-08-23T10:10:58+00:00,10,6,successful
merchant_daily_grind_cafe,472.52,INR,payment,upi,customer_7565,software_subscription,2026-08-22T02:32:22+00:00,2,5,successful
merchant_urbancart,2499.15,EUR,payment,wallet,customer_5684,electronics,2026-08-07T17:38:37+00:00,17,4,pending
merchant_bluewave,2175.63,EUR,payment,bank_transfer,customer_3694,groceries,2026-08-26T09:03:09+00:00,9,2,failed
merchant_techhive,41.48,INR,payment,upi,customer_3720,groceries,2026-07-31T07:01:37+00:00,7,4,successful
merchant_daily_grind_cafe,941.0,USD,payment,card,customer_5859,travel,2026-08-13T04:41:56+00:00,4,3,successful
merchant_urbancart,1774.38,USD,payment,bank_transfer,customer_8570,travel,2026-08-02T13:47:52+00:00,13,6,pending
merchant_techhive,1300.07,EUR,refund,card,customer_9376,food_delivery,2026-08-17T06:52:11+00:00,6,0,successful
merchant_bluewave,1784.68,USD,expense,upi,customer_2844,groceries,2026-08-03T05:37:01+00:00,5,0,pending
merchant_daily_grind_cafe,132.2,EUR,payment,netbanking,customer_5851,software_subscription,2026-07-31T23:58:48+00:00,23,4,successful
merchant_techhive,1524.47,USD,expense,bank_transfer,customer_8324,marketing,2026-08-02T02:18:18+00:00,2,6,successful
merchant_greenleaf,1248.38,USD,payment,card,customer_1944,marketing,2026-08-13T01:48:29+00:00,1,3,successful
merchant_greenleaf,1842.86,EUR,refund,wallet,customer_7920,groceries,2026-08-01T01:55:44+00:00,1,5,successful
merchant_swiftgear,2234.06,EUR,payment,upi,customer_4164,electronics,2026-08-01T17:37:12+00:00,17,5,successful
merchant_swiftgear,843.29,EUR,payment,upi,customer_3050,software_subscription,2026-07-31T18:00:39+00:00,18,4,pending
merchant_urbancart,1721.86,USD,payment,upi,customer_5258,travel,2026-08-14T03:16:41+00:00,3,4,pending
merchant_swiftgear,1297.22,INR,payment,bank_transfer,customer_4650,food_delivery,2026-07-29T15:39:02+00:00,15,2,successful
merchant_urbancart,1320.72,USD,payment,wallet,customer_7200,office_supplies,2026-08-08T06:23:44+00:00,6,5,successful
merchant_daily_grind_cafe,1952.5,INR,payment,card,customer_6324,groceries,2026-08-14T17:41:20+00:00,17,4,successful
merchant_daily_grind_cafe,1382.91,USD,payment,wallet,customer_6285,groceries,2026-08-01T13:19:31+00:00,13,5,successful
merchant_swiftgear,2365.65,EUR,payment,wallet,customer_5079,food_delivery,2026-08-13T17:25:04+00:00,17,3,pending
merchant_bluewave,1570.19,EUR,payment,wallet,customer_9902,software_subscription,2026-07-30T19:26:17+00:00,19,3,pending
merchant_greenleaf,2417.69,USD,refund,card,customer_4354,utilities,2026-08-20T10:27:34+00:00,10,3,failed
merchant_urbancart,1093.31,EUR,refund,card,customer_7325,groceries,2026-08-07T02:09:05+00:00,2,4,successful
merchant_urbancart,2476.86,USD,expense,upi,customer_1009,groceries,2026-08-08T12:52:23+00:00,12,5,successful
merchant_freshbite,85.37,USD,expense,bank_transfer,customer_8824,groceries,2026-07-29T23:31:21+00:00,23,2,successful
merchant_daily_grind_cafe,1701.48,INR,expense,netbanking,customer_7553,travel,2026-08-10T09:59:21+00:00,9,0,failed
merchant_greenleaf,2094.36,EUR,payment,card,customer_3703,groceries,2026-08-11T19:43:33+00:00,19,1,failed
merchant_bluewave,582.31,EUR,payment,upi,customer_5191,electronics,2026-08-24T06:55:19+00:00,6,0,successful
merchant_bluewave,2457.27,EUR,payment,upi,customer_4990,travel,2026-08-09T23:53:07+00:00,23,6,successful
merchant_urbancart,527.02,INR,refund,card,customer_5150,travel,2026-08-03T10:55:17+00:00,10,0,successful
merchant_urbancart,1325.42,USD,refund,card,customer_4050,groceries,2026-08-08T20:43:54+00:00,20,5,successful
merchant_urbancart,337.19,EUR,expense,netbanking,customer_7086,software_subscription,2026-08-23T12:25:11+00:00,12,6,successful
merchant_swiftgear,951.57,INR,payment,netbanking,customer_6282,groceries,2026-08-07T13:39:34+00:00,13,4,successful
merchant_urbancart,385.8,INR,payment,netbanking,customer_7659,software_subscription,2026-08-03T19:15:16+00:00,19,0,successful
merchant_freshbite,117.27,INR,refund,netbanking,customer_8434,electronics,2026-08-25T06:38:58+00:00,6,1,successful
merchant_bluewave,561.84,INR,payment,netbanking,customer_8900,travel,2026-07-28T10:08:52+00:00,10,1,pending
merchant_urbancart,2359.11,USD,refund,netbanking,customer_8158,utilities,2026-08-04T11:28:20+00:00,11,1,failed
merchant_freshbite,1575.9,INR,refund,netbanking,customer_6064,marketing,2026-08-13T07:17:59+00:00,7,3,successful
merchant_daily_grind_cafe,557.47,INR,payment,upi,customer_1774,utilities,2026-08-16T03:35:28+00:00,3,6,failed
merchant_daily_grind_cafe,177.63,INR,refund,upi,customer_8166,software_subscription,2026-08-07T16:19:03+00:00,16,4,successful
merchant_pixel_studio,398.61,USD,payment,card,customer_2160,utilities,2026-08-05T19:51:26+00:00,19,2,failed
merchant_urbancart,1423.29,USD,payment,upi,customer_9395,groceries,2026-07-27T09:11:14+00:00,9,0,successful
merchant_bluewave,1546.89,INR,payment,wallet,customer_1362,office_supplies,2026-07-30T01:51:52+00:00,1,3,successful
merchant_urbancart,866.76,USD,refund,upi,customer_3873,food_delivery,2026-08-09T04:40:49+00:00,4,6,successful
merchant_urbancart,1333.85,INR,payment,bank_transfer,customer_7048,office_supplies,2026-08-21T05:04:14+00:00,5,4,successful
merchant_bluewave,898.55,INR,payment,card,customer_1616,electronics,2026-08-02T03:22:04+00:00,3,6,successful
merchant_freshbite,1642.04,USD,payment,bank_transfer,customer_3990,travel,2026-08-15T05:00:30+00:00,5,5,pending
merchant_swiftgear,1668.07,USD,payment,upi,customer_7166,food_delivery,2026-08-10T10:40:53+00:00,10,0,successful
merchant_greenleaf,2435.23,INR,payment,bank_transfer,customer_2895,utilities,2026-07-30T23:17:13+00:00,23,3,successful
merchant_urbancart,1921.28,EUR,payment,upi,customer_6115,food_delivery,2026-08-26T08:01:49+00:00,8,2,successful
merchant_urbancart,1121.91,INR,payment,card,customer_7412,food_delivery,2026-08-25T12:03:39+00:00,12,1,pending
merchant_swiftgear,2445.34,INR,payment,netbanking,customer_3568,utilities,2026-07-29T21:29:01+00:00,21,2,pending
merchant_daily_grind_cafe,2252.43,USD,payment,upi,customer_6240,software_subscription,2026-07-30T21:07:46+00:00,21,3,successful
merchant_techhive,602.83,INR,refund,upi,customer_4357,marketing,2026-08-18T01:56:18+00:00,1,1,failed
merchant_pixel_studio,928.29,USD,chargeback,bank_transfer,customer_8318,travel,2026-08-24T07:38:11+00:00,7,0,pending
merchant_daily_grind_cafe,396.79,USD,payment,netbanking,customer_4202,travel,2026-08-15T07:09:06+00:00,7,5,successful
merchant_pixel_studio,1939.23,USD,refund,bank_transfer,customer_4179,groceries,2026-08-15T21:27:47+00:00,21,5,successful
merchant_bluewave,1347.12,USD,payment,upi,customer_7866,groceries,2026-07-31T14:25:24+00:00,14,4,successful
merchant_greenleaf,1593.32,EUR,payment,bank_transfer,customer_1159,groceries,2026-08-23T12:04:32+00:00,12,6,successful
merchant_bluewave,1902.79,EUR,chargeback,card,customer_1741,food_delivery,2026-08-09T06:05:00+00:00,6,6,pending
merchant_greenleaf,2121.64,USD,expense,card,customer_4217,software_subscription,2026-08-23T06:18:57+00:00,6,6,successful
merchant_swiftgear,2039.17,USD,refund,bank_transfer,customer_2753,office_supplies,2026-08-09T04:42:40+00:00,4,6,successful
merchant_bluewave,683.92,EUR,payment,upi,customer_8476,travel,2026-08-15T01:19:48+00:00,1,5,failed
merchant_swiftgear,2431.07,USD,payment,upi,customer_3653,food_delivery,2026-08-13T15:00:56+00:00,15,3,successful
merchant_bluewave,372.05,USD,payment,bank_transfer,customer_9292,food_delivery,2026-07-30T20:58:54+00:00,20,3,successful
merchant_pixel_studio,820.37,EUR,refund,wallet,customer_8952,office_supplies,2026-08-14T05:53:54+00:00,5,4,pending
merchant_greenleaf,1582.45,INR,payment,bank_transfer,customer_8910,electronics,2026-07-31T02:43:32+00:00,2,4,pending
merchant_freshbite,89.78,INR,chargeback,bank_transfer,customer_9923,electronics,2026-08-06T18:49:27+00:00,18,3,successful
merchant_bluewave,768.88,USD,refund,wallet,customer_1861,groceries,2026-08-04T00:00:46+00:00,0,1,failed
merchant_greenleaf,552.6,INR,payment,bank_transfer,customer_4457,groceries,2026-08-21T23:39:29+00:00,23,4,successful
merchant_swiftgear,1854.08,EUR,payment,upi,customer_5522,office_supplies,2026-08-04T18:06:19+00:00,18,1,successful
merchant_pixel_studio,835.27,EUR,payment,bank_transfer,customer_2456,utilities,2026-08-17T23:59:09+00:00,23,0,successful
merchant_pixel_studio,369.04,EUR,expense,wallet,customer_3484,utilities,2026-08-18T04:58:07+00:00,4,1,successful
merchant_swiftgear,305.58,INR,payment,bank_transfer,customer_2845,travel,2026-08-26T05:00:56+00:00,5,2,successful
merchant_swiftgear,1770.26,INR,refund,netbanking,customer_7093,electronics,2026-08-09T19:53:34+00:00,19,6,successful
merchant_pixel_studio,116.2,EUR,expense,netbanking,customer_9254,office_supplies,2026-07-28T05:16:10+00:00,5,1,failed
merchant_greenleaf,1254.16,USD,expense,card,customer_5188,marketing,2026-08-24T13:10:48+00:00,13,0,successful
merchant_swiftgear,1259.91,USD,payment,card,customer_4986,office_supplies,2026-08-09T08:34:52+00:00,8,6,pending
merchant_techhive,515.65,USD,payment,wallet,customer_8376,food_delivery,2026-08-23T20:13:03+00:00,20,6,successful
merchant_urbancart,1386.97,USD,payment,upi,customer_8221,office_supplies,2026-08-01T15:02:36+00:00,15,5,successful
merchant_pixel_studio,1471.82,INR,refund,bank_transfer,customer_4414,utilities,2026-08-26T09:59:07+00:00,9,2,successful
merchant_freshbite,2333.92,EUR,payment,upi,customer_8037,software_subscription,2026-08-26T04:45:12+00:00,4,2,pending
merchant_daily_grind_cafe,1987.61,USD,payment,upi,customer_9067,marketing,2026-08-04T06:10:32+00:00,6,1,successful
merchant_daily_grind_cafe,1903.97,INR,payment,card,customer_6193,food_delivery,2026-08-12T23:00:23+00:00,23,2,pending
merchant_freshbite,873.42,INR,payment,card,customer_3741,groceries,2026-08-19T13:48:44+00:00,13,2,successful
merchant_pixel_studio,304.08,INR,payment,card,customer_8567,software_subscription,2026-08-14T08:44:17+00:00,8,4,successful
merchant_daily_grind_cafe,2372.26,EUR,payment,bank_transfer,customer_2997,electronics,2026-08-25T16:16:49+00:00,16,1,successful
merchant_freshbite,352.92,INR,expense,netbanking,customer_3471,travel,2026-08-10T14:51:50+00:00,14,0,successful
merchant_pixel_studio,534.39,INR,payment,bank_transfer,customer_7119,utilities,2026-08-11T07:12:17+00:00,7,1,pending
merchant_techhive,1941.28,EUR,payment,netbanking,customer_9284,travel,2026-08-01T22:16:24+00:00,22,5,successful
merchant_freshbite,224.41,EUR,payment,wallet,customer_2994,utilities,2026-08-03T14:42:39+00:00,14,0,successful
merchant_greenleaf,1071.2,INR,payment,upi,customer_5806,groceries,2026-07-29T00:42:29+00:00,0,2,successful
merchant_greenleaf,1601.96,USD,payment,upi,customer_4979,office_supplies,2026-08-19T22:31:39+00:00,22,2,successful
merchant_bluewave,2175.75,INR,payment,netbanking,customer_7654,software_subscription,2026-08-12T11:23:37+00:00,11,2,successful
merchant_greenleaf,313.77,INR,payment,bank_transfer,customer_4950,software_subscription,2026-08-18T12:34:51+00:00,12,1,successful
merchant_techhive,2407.53,USD,payment,card,customer_5320,electronics,2026-08-03T10:24:16+00:00,10,0,pending
merchant_urbancart,625.23,USD,payment,netbanking,customer_7699,travel,2026-08-18T12:50:27+00:00,12,1,successful
merchant_freshbite,910.93,USD,refund,netbanking,customer_8585,electronics,2026-08-23T18:22:57+00:00,18,6,successful
merchant_techhive,1739.51,EUR,payment,bank_transfer,customer_7473,food_delivery,2026-08-10T12:02:43+00:00,12,0,successful
merchant_swiftgear,1088.3,EUR,payment,card,customer_7730,office_supplies,2026-08-14T23:58:32+00:00,23,4,successful
merchant_swiftgear,1553.66,EUR,payment,upi,customer_4597,marketing,2026-08-25T16:35:32+00:00,16,1,pending
merchant_techhive,159.24,INR,chargeback,netbanking,customer_3178,marketing,2026-08-12T22:14:08+00:00,22,2,successful
merchant_bluewave,2244.18,INR,expense,wallet,customer_3248,groceries,2026-08-04T08:48:35+00:00,8,1,successful
merchant_pixel_studio,1752.71,EUR,refund,netbanking,customer_8079,electronics,2026-08-05T15:44:18+00:00,15,2,successful
merchant_urbancart,1783.52,INR,payment,netbanking,customer_5187,marketing,2026-08-13T19:00:29+00:00,19,3,successful
merchant_urbancart,72.12,EUR,payment,card,customer_3954,groceries,2026-08-23T19:18:27+00:00,19,6,successful
merchant_bluewave,1440.8,INR,expense,netbanking,customer_1829,electronics,2026-08-06T05:10:17+00:00,5,3,successful
merchant_daily_grind_cafe,2147.96,USD,payment,bank_transfer,customer_1098,utilities,2026-08-03T23:35:49+00:00,23,0,pending
merchant_urbancart,1996.36,EUR,payment,bank_transfer,customer_4035,groceries,2026-08-21T05:06:00+00:00,5,4,successful
merchant_freshbite,2135.94,INR,expense,netbanking,customer_7694,travel,2026-08-25T17:08:32+00:00,17,1,successful
merchant_bluewave,2361.25,EUR,payment,upi,customer_3900,electronics,2026-08-12T15:38:40+00:00,15,2,successful
merchant_urbancart,1658.95,USD,refund,card,customer_1795,utilities,2026-08-21T15:28:04+00:00,15,4,successful
merchant_urbancart,1249.6,INR,payment,card,customer_3466,food_delivery,2026-08-18T00:39:21+00:00,0,1,successful
merchant_bluewave,1382.57,USD,expense,card,customer_2132,electronics,2026-08-11T06:07:51+00:00,6,1,successful
merchant_pixel_studio,2390.06,EUR,payment,wallet,customer_4732,utilities,2026-08-09T15:25:32+00:00,15,6,successful
merchant_bluewave,421.74,EUR,payment,bank_transfer,customer_4230,software_subscription,2026-08-15T14:57:03+00:00,14,5,successful
merchant_urbancart,764.4,EUR,refund,bank_transfer,customer_5946,electronics,2026-08-15T12:54:31+00:00,12,5,pending
merchant_daily_grind_cafe,1094.19,USD,chargeback,upi,customer_7698,software_subscription,2026-08-21T05:01:44+00:00,5,4,successful
merchant_swiftgear,585.15,INR,refund,upi,customer_3848,marketing,2026-08-15T04:56:30+00:00,4,5,successful
merchant_greenleaf,1622.84,EUR,payment,upi,customer_4188,utilities,2026-08-25T11:19:29+00:00,11,1,successful
merchant_daily_grind_cafe,1197.71,EUR,payment,card,customer_8547,utilities,2026-07-29T21:09:22+00:00,21,2,successful
merchant_techhive,161.66,USD,payment,wallet,customer_3667,groceries,2026-08-08T04:41:33+00:00,4,5,successful
merchant_swiftgear,465.35,USD,payment,card,customer_4265,software_subscription,2026-08-19T14:06:23+00:00,14,2,successful
merchant_urbancart,139.23,EUR,payment,wallet,customer_6942,food_delivery,2026-07-30T19:30:56+00:00,19,3,successful
merchant_daily_grind_cafe,2066.46,USD,payment,card,customer_8005,software_subscription,2026-08-06T15:05:10+00:00,15,3,pending
merchant_bluewave,1905.46,EUR,payment,wallet,customer_6293,electronics,2026-07-30T15:04:32+00:00,15,3,successful
merchant_bluewave,710.59,INR,payment,netbanking,customer_1202,travel,2026-08-17T12:25:24+00:00,12,0,successful
merchant_freshbite,2400.98,EUR,payment,card,customer_8516,software_subscription,2026-08-18T17:38:17+00:00,17,1,successful
merchant_swiftgear,1742.16,EUR,payment,wallet,customer_5523,groceries,2026-08-19T20:00:01+00:00,20,2,successful
merchant_freshbite,1594.94,EUR,payment,netbanking,customer_1507,software_subscription,2026-08-13T07:38:10+00:00,7,3,successful
merchant_techhive,2192.19,USD,refund,upi,customer_7523,software_subscription,2026-08-10T07:05:56+00:00,7,0,successful
merchant_greenleaf,485.18,USD,payment,wallet,customer_7559,travel,2026-08-20T00:25:16+00:00,0,3,successful
merchant_freshbite,1028.31,USD,payment,upi,customer_1613,food_delivery,2026-08-13T22:42:25+00:00,22,3,pending
merchant_techhive,1311.57,EUR,payment,netbanking,customer_5380,groceries,2026-08-15T17:01:13+00:00,17,5,successful
merchant_daily_grind_cafe,1244.32,USD,payment,bank_transfer,customer_7128,electronics,2026-08-24T13:33:37+00:00,13,0,successful
merchant_bluewave,1091.7,USD,payment,card,customer_6730,travel,2026-08-03T20:07:30+00:00,20,0,failed
merchant_bluewave,427.96,USD,payment,card,customer_3214,marketing,2026-07-30T19:02:30+00:00,19,3,successful
merchant_swiftgear,1351.04,EUR,payment,wallet,customer_4284,office_supplies,2026-07-30T04:14:00+00:00,4,3,successful
merchant_freshbite,2483.1,INR,payment,card,customer_7948,groceries,2026-08-09T13:45:25+00:00,13,6,successful
merchant_urbancart,122.23,USD,payment,card,customer_5174,software_subscription,2026-08-21T07:08:30+00:00,7,4,successful
merchant_freshbite,1685.3,EUR,chargeback,netbanking,customer_7030,groceries,2026-08-19T10:47:33+00:00,10,2,pending
merchant_urbancart,1633.43,USD,payment,upi,customer_7795,electronics,2026-07-30T13:51:11+00:00,13,3,successful
merchant_techhive,1028.61,USD,payment,netbanking,customer_2229,food_delivery,2026-08-17T20:12:01+00:00,20,0,successful
merchant_urbancart,2100.74,INR,payment,upi,customer_9194,software_subscription,2026-07-27T11:14:59+00:00,11,0,successful
merchant_daily_grind_cafe,708.5,USD,expense,bank_transfer,customer_1504,food_delivery,2026-08-08T16:50:15+00:00,16,5,successful
merchant_urbancart,1289.85,EUR,payment,wallet,customer_6806,food_delivery,2026-08-11T21:45:17+00:00,21,1,successful
merchant_freshbite,784.49,INR,payment,card,customer_1399,food_delivery,2026-08-19T14:23:17+00:00,14,2,pending
merchant_bluewave,613.29,INR,payment,bank_transfer,customer_7434,travel,2026-07-28T01:23:40+00:00,1,1,successful
merchant_daily_grind_cafe,1478.79,EUR,payment,bank_transfer,customer_1680,utilities,2026-08-05T02:53:55+00:00,2,2,failed
merchant_greenleaf,1551.99,EUR,payment,wallet,customer_5814,groceries,2026-08-01T05:14:14+00:00,5,5,successful
merchant_daily_grind_cafe,133.66,USD,payment,bank_transfer,customer_8287,software_subscription,2026-08-21T01:48:01+00:00,1,4,successful
merchant_daily_grind_cafe,1796.58,USD,expense,card,customer_6494,software_subscription,2026-08-24T10:23:18+00:00,10,0,successful
merchant_pixel_studio,208.99,USD,payment,bank_transfer,customer_1783,electronics,2026-08-17T10:56:23+00:00,10,0,successful
merchant_urbancart,1496.34,INR,refund,card,customer_6761,food_delivery,2026-07-28T23:12:43+00:00,23,1,successful
merchant_swiftgear,746.96,EUR,refund,card,customer_8497,office_supplies,2026-08-16T09:36:07+00:00,9,6,successful
merchant_urbancart,2105.85,INR,payment,wallet,customer_9552,travel,2026-08-20T14:54:01+00:00,14,3,successful
merchant_bluewave,1153.38,USD,refund,bank_transfer,customer_9318,groceries,2026-08-02T11:30:08+00:00,11,6,successful
merchant_freshbite,1410.12,EUR,payment,bank_transfer,customer_1148,marketing,2026-08-25T22:34:08+00:00,22,1,successful
merchant_urbancart,68.45,EUR,payment,wallet,customer_5884,electronics,2026-07-31T08:54:02+00:00,8,4,successful
merchant_daily_grind_cafe,170.01,USD,payment,bank_transfer,customer_8303,travel,2026-08-08T04:28:07+00:00,4,5,successful
merchant_greenleaf,734.91,INR,payment,card,customer_1562,electronics,2026-08-11T17:19:50+00:00,17,1,successful
merchant_freshbite,1380.92,USD,payment,netbanking,customer_1900,electronics,2026-08-10T17:48:39+00:00,17,0,successful
merchant_techhive,1030.68,EUR,payment,card,customer_9045,utilities,2026-07-30T22:09:12+00:00,22,3,successful
merchant_techhive,688.62,USD,payment,bank_transfer,customer_1660,travel,2026-08-12T17:30:16+00:00,17,2,failed
merchant_urbancart,1102.6,INR,payment,bank_transfer,customer_2253,utilities,2026-08-03T20:13:03+00:00,20,0,pending
merchant_daily_grind_cafe,1409.75,USD,expense,upi,customer_9507,groceries,2026-08-19T21:25:36+00:00,21,2,successful
merchant_urbancart,2349.25,EUR,payment,card,customer_4733,office_supplies,2026-08-08T10:11:29+00:00,10,5,successful
merchant_bluewave,1630.01,USD,payment,netbanking,customer_9353,travel,2026-08-12T04:02:00+00:00,4,2,successful
merchant_greenleaf,661.07,USD,payment,card,customer_9232,office_supplies,2026-07-29T17:47:56+00:00,17,2,successful
merchant_swiftgear,2313.26,EUR,expense,card,customer_4438,travel,2026-08-03T00:03:43+00:00,0,0,failed
merchant_swiftgear,952.05,EUR,payment,bank_transfer,customer_4928,travel,2026-07-28T15:24:38+00:00,15,1,successful
merchant_urbancart,1274.96,INR,refund,wallet,customer_2581,software_subscription,2026-08-04T13:04:35+00:00,13,1,successful
merchant_bluewave,1037.15,USD,payment,netbanking,customer_2568,software_subscription,2026-08-24T00:35:28+00:00,0,0,successful
merchant_freshbite,1933.11,EUR,payment,card,customer_1278,travel,2026-08-01T21:52:38+00:00,21,5,successful
merchant_techhive,1059.23,INR,payment,netbanking,customer_5016,travel,2026-08-20T13:10:12+00:00,13,3,successful
merchant_daily_grind_cafe,469.97,EUR,payment,netbanking,customer_4628,office_supplies,2026-08-16T00:39:56+00:00,0,6,successful
merchant_freshbite,1244.17,INR,payment,wallet,customer_2622,travel,2026-08-19T02:54:05+00:00,2,2,successful
merchant_urbancart,1939.25,EUR,payment,upi,customer_7879,marketing,2026-08-18T13:52:45+00:00,13,1,successful
merchant_freshbite,1054.83,USD,payment,card,customer_8440,marketing,2026-08-02T09:10:38+00:00,9,6,failed
merchant_greenleaf,2104.49,INR,chargeback,wallet,customer_4574,food_delivery,2026-08-12T14:58:57+00:00,14,2,successful
merchant_daily_grind_cafe,1839.0,EUR,chargeback,upi,customer_1888,food_delivery,2026-08-05T14:43:58+00:00,14,2,pending
merchant_pixel_studio,2409.14,INR,payment,upi,customer_4304,travel,2026-07-29T11:08:21+00:00,11,2,successful
merchant_techhive,172.58,INR,payment,upi,customer_4373,office_supplies,2026-08-24T18:32:57+00:00,18,0,successful
merchant_swiftgear,2368.01,USD,payment,card,customer_2769,travel,2026-08-09T04:53:09+00:00,4,6,successful
merchant_urbancart,472.82,EUR,payment,card,customer_2038,electronics,2026-08-20T03:47:06+00:00,3,3,successful
merchant_bluewave,1120.86,EUR,payment,wallet,customer_7893,office_supplies,2026-07-28T19:41:04+00:00,19,1,successful
merchant_urbancart,1342.49,USD,payment,card,customer_2059,software_subscription,2026-08-12T02:01:38+00:00,2,2,successful
merchant_techhive,627.6,USD,chargeback,bank_transfer,customer_2540,groceries,2026-08-16T00:46:53+00:00,0,6,successful
merchant_greenleaf,2117.24,EUR,refund,netbanking,customer_9434,food_delivery,2026-07-29T18:58:48+00:00,18,2,failed
merchant_urbancart,34.7,USD,payment,card,customer_9136,software_subscription,2026-08-22T18:36:23+00:00,18,5,successful
merchant_pixel_studio,879.76,EUR,payment,wallet,customer_7217,travel,2026-08-26T07:39:18+00:00,7,2,successful
merchant_greenleaf,944.21,USD,refund,wallet,customer_9536,utilities,2026-08-12T01:18:31+00:00,1,2,successful
merchant_freshbite,1204.85,INR,refund,wallet,customer_1080,travel,2026-08-08T06:49:48+00:00,6,5,successful
merchant_bluewave,1433.54,EUR,payment,bank_transfer,customer_7902,travel,2026-08-22T02:30:00+00:00,2,5,successful
merchant_bluewave,1758.23,INR,expense,netbanking,customer_7393,food_delivery,2026-08-22T11:59:21+00:00,11,5,successful
merchant_techhive,2108.5,INR,expense,upi,customer_7496,marketing,2026-08-26T17:00:57+00:00,17,2,successful
merchant_urbancart,538.99,USD,payment,upi,customer_4687,marketing,2026-07-31T12:36:26+00:00,12,4,pending
merchant_daily_grind_cafe,1800.9,EUR,chargeback,netbanking,customer_4184,marketing,2026-08-06T14:04:23+00:00,14,3,failed
merchant_techhive,23.53,EUR,expense,card,customer_7778,food_delivery,2026-08-03T01:35:18+00:00,1,0,successful
merchant_urbancart,1291.05,INR,payment,card,customer_9651,electronics,2026-08-04T19:39:29+00:00,19,1,successful
merchant_techhive,1084.16,INR,expense,wallet,customer_2768,food_delivery,2026-08-26T20:21:44+00:00,20,2,pending
merchant_greenleaf,2404.61,INR,refund,wallet,customer_9320,electronics,2026-07-31T14:17:27+00:00,14,4,successful
merchant_swiftgear,1148.51,INR,payment,netbanking,customer_4897,utilities,2026-08-24T07:07:51+00:00,7,0,successful
merchant_pixel_studio,477.72,EUR,payment,upi,customer_9391,marketing,2026-08-22T10:21:42+00:00,10,5,failed
merchant_daily_grind_cafe,1700.84,INR,expense,bank_transfer,customer_4973,food_delivery,2026-08-14T06:49:03+00:00,6,4,successful
merchant_greenleaf,1199.67,INR,payment,card,customer_9681,food_delivery,2026-08-10T00:04:45+00:00,0,0,successful
merchant_greenleaf,951.11,USD,payment,card,customer_1614,software_subscription,2026-07-30T22:11:15+00:00,22,3,successful
merchant_bluewave,2122.02,USD,payment,bank_transfer,customer_4765,marketing,2026-08-07T05:39:40+00:00,5,4,failed
merchant_bluewave,639.46,USD,payment,bank_transfer,customer_8246,electronics,2026-08-17T10:44:55+00:00,10,0,successful
merchant_freshbite,1474.1,EUR,payment,wallet,customer_9867,software_subscription,2026-07-28T19:51:24+00:00,19,1,successful
merchant_pixel_studio,829.02,EUR,payment,netbanking,customer_8056,groceries,2026-08-10T13:08:06+00:00,13,0,successful
merchant_techhive,1074.52,EUR,payment,wallet,customer_9257,software_subscription,2026-08-21T08:10:41+00:00,8,4,successful
merchant_urbancart,51.6,INR,payment,card,customer_7793,utilities,2026-07-29T06:17:02+00:00,6,2,successful
merchant_bluewave,891.68,EUR,refund,card,customer_3967,food_delivery,2026-08-04T19:01:12+00:00,19,1,successful
merchant_greenleaf,1573.77,INR,payment,netbanking,customer_4219,software_subscription,2026-08-14T10:59:02+00:00,10,4,pending
merchant_freshbite,2431.23,USD,payment,netbanking,customer_7067,marketing,2026-08-04T14:08:28+00:00,14,1,failed
merchant_bluewave,1836.31,EUR,payment,card,customer_2674,travel,2026-08-17T13:05:39+00:00,13,0,successful
merchant_swiftgear,1894.11,USD,payment,wallet,customer_9126,office_supplies,2026-08-16T06:15:26+00:00,6,6,successful
merchant_pixel_studio,91.93,USD,expense,upi,customer_4693,travel,2026-08-14T05:10:08+00:00,5,4,successful
merchant_daily_grind_cafe,912.04,USD,payment,netbanking,customer_8345,office_supplies,2026-07-28T16:40:25+00:00,16,1,successful
merchant_swiftgear,690.72,INR,payment,wallet,customer_4345,food_delivery,2026-07-30T21:31:27+00:00,21,3,successful
merchant_daily_grind_cafe,1224.34,USD,payment,card,customer_2558,food_delivery,2026-08-10T17:20:59+00:00,17,0,failed
merchant_greenleaf,789.88,EUR,payment,card,customer_3907,groceries,2026-08-22T06:31:02+00:00,6,5,successful
merchant_greenleaf,1914.23,USD,expense,card,customer_3404,office_supplies,2026-08-21T09:11:27+00:00,9,4,successful
merchant_techhive,503.93,INR,payment,wallet,customer_2646,electronics,2026-08-25T09:07:49+00:00,9,1,successful
merchant_pixel_studio,59.69,EUR,payment,bank_transfer,customer_6297,food_delivery,2026-08-22T05:36:54+00:00,5,5,successful
merchant_swiftgear,187.55,INR,payment,netbanking,customer_6710,groceries,2026-08-15T18:12:28+00:00,18,5,successful
merchant_techhive,1113.93,INR,payment,upi,customer_2878,marketing,2026-08-16T16:38:51+00:00,16,6,failed
merchant_bluewave,124.34,USD,payment,upi,customer_1943,software_subscription,2026-08-07T07:44:57+00:00,7,4,successful
merchant_techhive,937.52,USD,payment,netbanking,customer_9894,utilities,2026-08-20T21:34:26+00:00,21,3,successful
merchant_pixel_studio,1414.33,EUR,payment,wallet,customer_3062,software_subscription,2026-08-18T20:51:53+00:00,20,1,successful
merchant_pixel_studio,2216.09,INR,payment,upi,customer_3742,software_subscription,2026-08-02T12:23:28+00:00,12,6,successful
merchant_urbancart,1340.32,USD,payment,netbanking,customer_1486,travel,2026-08-16T18:49:06+00:00,18,6,failed
merchant_bluewave,563.77,USD,refund,bank_transfer,customer_5647,electronics,2026-08-04T00:48:47+00:00,0,1,successful
merchant_freshbite,946.64,INR,payment,wallet,customer_8408,groceries,2026-08-07T08:09:55+00:00,8,4,successful
merchant_freshbite,473.93,USD,expense,card,customer_6466,electronics,2026-08-20T22:28:53+00:00,22,3,successful
merchant_urbancart,783.83,EUR,refund,netbanking,customer_5617,groceries,2026-08-23T04:59:43+00:00,4,6,failed
merchant_urbancart,1704.31,INR,refund,card,customer_9904,electronics,2026-08-23T08:19:18+00:00,8,6,successful
merchant_bluewave,1062.59,INR,payment,wallet,customer_5637,electronics,2026-07-29T01:50:24+00:00,1,2,successful
merchant_techhive,1886.17,EUR,refund,bank_transfer,customer_1870,office_supplies,2026-08-11T12:24:31+00:00,12,1,successful
merchant_urbancart,1660.18,USD,chargeback,upi,customer_6778,groceries,2026-08-11T13:17:43+00:00,13,1,successful
merchant_daily_grind_cafe,251.89,INR,payment,card,customer_8744,electronics,2026-07-30T05:15:15+00:00,5,3,successful
merchant_greenleaf,2139.45,INR,payment,netbanking,customer_7343,electronics,2026-08-07T16:45:47+00:00,16,4,successful
merchant_urbancart,2201.0,EUR,payment,wallet,customer_1958,marketing,2026-08-05T19:46:40+00:00,19,2,successful
merchant_greenleaf,2306.63,USD,payment,card,customer_7262,food_delivery,2026-08-05T23:48:36+00:00,23,2,successful
merchant_urbancart,992.16,USD,payment,wallet,customer_8868,software_subscription,2026-08-15T05:43:35+00:00,5,5,successful
